antigen,genes,AGES_cis_genes,n_AGES_assays,any_component_has_cis,all_components_have_cis
CD184,CXCR4,,0,False,False
CD25,IL2RA,,0,False,False
CD38,CD38,,0,False,False
CD11a/CD18,ITGAL;ITGB2,,0,False,False
CD2,CD2,,0,False,False
CD26,DPP4,,0,False,False
CD294,PTGDR2,,0,False,False
CD124,IL4R,,0,False,False
CD126,IL6R,IL6R,2,True,True
CD319,SLAMF7,SLAMF7,1,True,True
CD274,CD274,CD274,1,True,True
CD30,TNFRSF8,,0,False,False
CD80,CD80,,0,False,False
CD4,CD4,,0,False,False
CD122,IL2RB,,0,False,False
CD135,FLT3,,0,False,False
CD194,CCR4,,0,False,False
CD79b,CD79B,,0,False,False
CD195,CCR5,,0,False,False
CD117,KIT,,0,False,False
CD279,PDCD1,,0,False,False
CD49d,ITGA4,,0,False,False
CD123,IL3RA,,0,False,False
CD22,CD22,,0,False,False
CD119,IFNGR1,,0,False,False
CD86,CD86,,0,False,False
CD14,CD14,CD14,1,True,True
CD47,CD47,,0,False,False
CD73,NT5E,,0,False,False
CD105,ENG,ENG,1,True,True
CD192,CCR2,,0,False,False
CD273,PDCD1LG2,PDCD1LG2,1,True,True
MERTK,MERTK,,0,False,False
CD284,TLR4,,0,False,False
CD54,ICAM1,ICAM1,1,True,True
CD70,CD70,,0,False,False
Notch-1,NOTCH1,,0,False,False
CD200,CD200,CD200,1,True,True
CD40,CD40,,0,False,False
CD134,TNFRSF4,,0,False,False
CD64,FCGR1A,,0,False,False
CD178,FASLG,,0,False,False
CD85g,LILRA4,LILRA4,1,True,True
CD71,TFRC,,0,False,False
CD275,ICOSLG,ICOSLG,1,True,True
HLA-DR,HLA-DRA;HLA-DRB1;HLA-DRB3;HLA-DRB4;HLA-DRB5,,0,False,False
CD205,LY75,,0,False,False
CD357,TNFRSF18,,0,False,False
CD18,ITGB2,,0,False,False
CD303,CLEC4C,CLEC4C,1,True,True
CD29,ITGB1,,0,False,False
CD45,PTPRC,,0,False,False
CD304,NRP1,NRP1,2,True,True
CD252,TNFSF4,,0,False,False
CD199,CCR9,,0,False,False
Integrin-7,ITGB7,,0,False,False
CD137,TNFRSF9,,0,False,False
Notch-2,NOTCH2,,0,False,False
CD49b,ITGA2,,0,False,False
