antigen,genes,AGES_cis_genes,n_AGES_assays,any_component_has_cis,all_components_have_cis,deCODE_cis_genes,UKB_cis_genes,deCODE_full_precision_status,selected_UKB_genes,selected_AGES_gap_genes
CD184,CXCR4,,0,False,False,,,published_leads_only_exact_SE_unavailable,,
CD25,IL2RA,,0,False,False,IL2RA,IL2RA,published_leads_only_exact_SE_unavailable,IL2RA,
CD38,CD38,,0,False,False,,CD38,published_leads_only_exact_SE_unavailable,,
CD11a/CD18,ITGAL;ITGB2,,0,False,False,,ITGAL;ITGB2,published_leads_only_exact_SE_unavailable,ITGB2,
CD2,CD2,,0,False,False,,,published_leads_only_exact_SE_unavailable,,
CD26,DPP4,,0,False,False,,DPP4,published_leads_only_exact_SE_unavailable,DPP4,
CD294,PTGDR2,,0,False,False,,,published_leads_only_exact_SE_unavailable,,
CD124,IL4R,,0,False,False,,IL4R,published_leads_only_exact_SE_unavailable,IL4R,
CD126,IL6R,IL6R,2,True,True,IL6R,IL6R,published_leads_only_exact_SE_unavailable,IL6R,
CD319,SLAMF7,SLAMF7,1,True,True,SLAMF7,SLAMF7,published_leads_only_exact_SE_unavailable,SLAMF7,
CD274,CD274,CD274,1,True,True,CD274,CD274,published_leads_only_exact_SE_unavailable,CD274,
CD30,TNFRSF8,,0,False,False,,TNFRSF8,published_leads_only_exact_SE_unavailable,TNFRSF8,
CD80,CD80,,0,False,False,,CD80,published_leads_only_exact_SE_unavailable,,
CD4,CD4,,0,False,False,CD4,CD4,published_leads_only_exact_SE_unavailable,CD4,
CD122,IL2RB,,0,False,False,IL2RB,,published_leads_only_exact_SE_unavailable,,
CD135,FLT3,,0,False,False,,FLT3,published_leads_only_exact_SE_unavailable,FLT3,
CD194,CCR4,,0,False,False,,,published_leads_only_exact_SE_unavailable,,
CD79b,CD79B,,0,False,False,,CD79B,published_leads_only_exact_SE_unavailable,CD79B,
CD195,CCR5,,0,False,False,,,published_leads_only_exact_SE_unavailable,,
CD117,KIT,,0,False,False,,KIT,published_leads_only_exact_SE_unavailable,KIT,
CD279,PDCD1,,0,False,False,,PDCD1,published_leads_only_exact_SE_unavailable,,
CD49d,ITGA4,,0,False,False,,,published_leads_only_exact_SE_unavailable,,
CD123,IL3RA,,0,False,False,,,published_leads_only_exact_SE_unavailable,,
CD22,CD22,,0,False,False,,CD22,published_leads_only_exact_SE_unavailable,CD22,
CD119,IFNGR1,,0,False,False,IFNGR1,IFNGR1,published_leads_only_exact_SE_unavailable,IFNGR1,
CD86,CD86,,0,False,False,CD86,CD86,published_leads_only_exact_SE_unavailable,CD86,
CD14,CD14,CD14,1,True,True,CD14,CD14,published_leads_only_exact_SE_unavailable,CD14,
CD47,CD47,,0,False,False,,,published_leads_only_exact_SE_unavailable,,
CD73,NT5E,,0,False,False,NT5E,NT5E,published_leads_only_exact_SE_unavailable,NT5E,
CD105,ENG,ENG,1,True,True,ENG,ENG,published_leads_only_exact_SE_unavailable,ENG,
CD192,CCR2,,0,False,False,,,published_leads_only_exact_SE_unavailable,,
CD273,PDCD1LG2,PDCD1LG2,1,True,True,PDCD1LG2,PDCD1LG2,published_leads_only_exact_SE_unavailable,PDCD1LG2,
MERTK,MERTK,,0,False,False,,MERTK,published_leads_only_exact_SE_unavailable,MERTK,
CD284,TLR4,,0,False,False,,TLR4,published_leads_only_exact_SE_unavailable,TLR4,
CD54,ICAM1,ICAM1,1,True,True,ICAM1,ICAM1,published_leads_only_exact_SE_unavailable,ICAM1,
CD70,CD70,,0,False,False,,CD70,published_leads_only_exact_SE_unavailable,,
Notch-1,NOTCH1,,0,False,False,NOTCH1,NOTCH1,published_leads_only_exact_SE_unavailable,NOTCH1,
CD200,CD200,CD200,1,True,True,CD200,CD200,published_leads_only_exact_SE_unavailable,CD200,
CD40,CD40,,0,False,False,,CD40,published_leads_only_exact_SE_unavailable,CD40,
CD134,TNFRSF4,,0,False,False,,TNFRSF4,published_leads_only_exact_SE_unavailable,,
CD64,FCGR1A,,0,False,False,,,published_leads_only_exact_SE_unavailable,,
CD178,FASLG,,0,False,False,,FASLG,published_leads_only_exact_SE_unavailable,,
CD85g,LILRA4,LILRA4,1,True,True,LILRA4,,published_leads_only_exact_SE_unavailable,,LILRA4
CD71,TFRC,,0,False,False,TFRC,TFRC,published_leads_only_exact_SE_unavailable,TFRC,
CD275,ICOSLG,ICOSLG,1,True,True,ICOSLG,ICOSLG,published_leads_only_exact_SE_unavailable,ICOSLG,
HLA-DR,HLA-DRA;HLA-DRB1;HLA-DRB3;HLA-DRB4;HLA-DRB5,,0,False,False,,HLA-DRA,published_leads_only_exact_SE_unavailable,HLA-DRA,
CD205,LY75,,0,False,False,LY75,LY75,published_leads_only_exact_SE_unavailable,LY75,
CD357,TNFRSF18,,0,False,False,,,published_leads_only_exact_SE_unavailable,,
CD18,ITGB2,,0,False,False,,ITGB2,published_leads_only_exact_SE_unavailable,ITGB2,
CD303,CLEC4C,CLEC4C,1,True,True,CLEC4C,CLEC4C,published_leads_only_exact_SE_unavailable,CLEC4C,
CD29,ITGB1,,0,False,False,,,published_leads_only_exact_SE_unavailable,,
CD45,PTPRC,,0,False,False,,PTPRC,published_leads_only_exact_SE_unavailable,PTPRC,
CD304,NRP1,NRP1,2,True,True,NRP1,NRP1,published_leads_only_exact_SE_unavailable,NRP1,
CD252,TNFSF4,,0,False,False,,,published_leads_only_exact_SE_unavailable,,
CD199,CCR9,,0,False,False,,,published_leads_only_exact_SE_unavailable,,
Integrin-7,ITGB7,,0,False,False,,ITGB7,published_leads_only_exact_SE_unavailable,ITGB7,
CD137,TNFRSF9,,0,False,False,,TNFRSF9,published_leads_only_exact_SE_unavailable,TNFRSF9,
Notch-2,NOTCH2,,0,False,False,,NOTCH2,published_leads_only_exact_SE_unavailable,NOTCH2,
CD49b,ITGA2,,0,False,False,ITGA2,ITGA2,published_leads_only_exact_SE_unavailable,,
