"assay","gene","outcome_accession","harmonization","eligible","selected","analysis_set"
"GCST90090112","LILRA4","GCST90002440","swapped",TRUE,TRUE,"AGES_gap_fill"
"GCST90090112","LILRA4","GCST90002442","swapped",TRUE,TRUE,"AGES_gap_fill"
"GCST90090112","LILRA4","GCST90002438","swapped",TRUE,TRUE,"AGES_gap_fill"
"GCST90090112","LILRA4","GCST90003867","swapped",TRUE,TRUE,"AGES_gap_fill"
"GCST90090112","LILRA4","GCST90003866","swapped",TRUE,TRUE,"AGES_gap_fill"
"GCST90090112","LILRA4","GCST90002441","swapped",TRUE,TRUE,"AGES_gap_fill"
"GCST90090112","LILRA4","GCST90002443","swapped",TRUE,TRUE,"AGES_gap_fill"
"GCST90090112","LILRA4","GCST90003863","swapped",TRUE,TRUE,"AGES_gap_fill"
"GCST90090112","LILRA4","GCST90003864","swapped",TRUE,TRUE,"AGES_gap_fill"
"GCST90090112","LILRA4","GCST90002439","swapped",TRUE,TRUE,"AGES_gap_fill"
"GCST90090112","LILRA4","GCST90003868","swapped",TRUE,TRUE,"AGES_gap_fill"
"GCST90090112","LILRA4","GCST90002436","aligned",TRUE,TRUE,"AGES_gap_fill"
"GCST90090112","LILRA4","GCST90002437","swapped",TRUE,TRUE,"AGES_gap_fill"
"GCST90090112","LILRA4","GCST90003865","swapped",TRUE,TRUE,"AGES_gap_fill"
"GCST90090112","LILRA4","GCST90003870","swapped",TRUE,TRUE,"AGES_gap_fill"
"GCST90090112","LILRA4","GCST90003869","swapped",TRUE,TRUE,"AGES_gap_fill"
"GCST90088180","PDCD1LG2","GCST90002441","aligned",TRUE,FALSE,"AGES_not_run_UKB_covered"
"GCST90088180","PDCD1LG2","GCST90002439","aligned",TRUE,FALSE,"AGES_not_run_UKB_covered"
"GCST90088180","PDCD1LG2","GCST90002438","aligned",TRUE,FALSE,"AGES_not_run_UKB_covered"
"GCST90088180","PDCD1LG2","GCST90003863","aligned",TRUE,FALSE,"AGES_not_run_UKB_covered"
"GCST90088180","PDCD1LG2","GCST90002442","aligned",TRUE,FALSE,"AGES_not_run_UKB_covered"
"GCST90088180","PDCD1LG2","GCST90002437","aligned",TRUE,FALSE,"AGES_not_run_UKB_covered"
"GCST90088180","PDCD1LG2","GCST90003870","aligned",TRUE,FALSE,"AGES_not_run_UKB_covered"
"GCST90088180","PDCD1LG2","GCST90003864","aligned",TRUE,FALSE,"AGES_not_run_UKB_covered"
"GCST90088180","PDCD1LG2","GCST90002440","aligned",TRUE,FALSE,"AGES_not_run_UKB_covered"
"GCST90088180","PDCD1LG2","GCST90002443","aligned",TRUE,FALSE,"AGES_not_run_UKB_covered"
"GCST90088180","PDCD1LG2","GCST90003866","aligned",TRUE,FALSE,"AGES_not_run_UKB_covered"
"GCST90088180","PDCD1LG2","GCST90003869","aligned",TRUE,FALSE,"AGES_not_run_UKB_covered"
"GCST90088180","PDCD1LG2","GCST90003867","aligned",TRUE,FALSE,"AGES_not_run_UKB_covered"
"GCST90088180","PDCD1LG2","GCST90003865","aligned",TRUE,FALSE,"AGES_not_run_UKB_covered"
"GCST90088180","PDCD1LG2","GCST90002436","aligned",TRUE,FALSE,"AGES_not_run_UKB_covered"
"GCST90088180","PDCD1LG2","GCST90003868","aligned",TRUE,FALSE,"AGES_not_run_UKB_covered"
"GCST90088275","NRP1","GCST90003864","palindrome_without_outcome_frequency",FALSE,FALSE,"AGES_not_run_UKB_covered"
"GCST90088275","NRP1","GCST90002441","palindrome_without_outcome_frequency",FALSE,FALSE,"AGES_not_run_UKB_covered"
"GCST90088275","NRP1","GCST90002442","palindrome_without_outcome_frequency",FALSE,FALSE,"AGES_not_run_UKB_covered"
"GCST90088275","NRP1","GCST90002438","palindrome_without_outcome_frequency",FALSE,FALSE,"AGES_not_run_UKB_covered"
"GCST90088275","NRP1","GCST90002443","palindrome_without_outcome_frequency",FALSE,FALSE,"AGES_not_run_UKB_covered"
"GCST90088275","NRP1","GCST90002439","palindrome_without_outcome_frequency",FALSE,FALSE,"AGES_not_run_UKB_covered"
"GCST90088275","NRP1","GCST90002437","palindrome_without_outcome_frequency",FALSE,FALSE,"AGES_not_run_UKB_covered"
"GCST90088275","NRP1","GCST90003867","palindrome_without_outcome_frequency",FALSE,FALSE,"AGES_not_run_UKB_covered"
"GCST90088275","NRP1","GCST90002436","palindrome_without_outcome_frequency",FALSE,FALSE,"AGES_not_run_UKB_covered"
"GCST90088275","NRP1","GCST90003870","palindrome_without_outcome_frequency",FALSE,FALSE,"AGES_not_run_UKB_covered"
"GCST90088275","NRP1","GCST90003863","palindrome_without_outcome_frequency",FALSE,FALSE,"AGES_not_run_UKB_covered"
"GCST90088275","NRP1","GCST90003865","palindrome_without_outcome_frequency",FALSE,FALSE,"AGES_not_run_UKB_covered"
"GCST90088275","NRP1","GCST90003866","palindrome_without_outcome_frequency",FALSE,FALSE,"AGES_not_run_UKB_covered"
"GCST90088275","NRP1","GCST90002440","palindrome_without_outcome_frequency",FALSE,FALSE,"AGES_not_run_UKB_covered"
"GCST90088275","NRP1","GCST90003868","palindrome_without_outcome_frequency",FALSE,FALSE,"AGES_not_run_UKB_covered"
"GCST90088275","NRP1","GCST90003869","palindrome_without_outcome_frequency",FALSE,FALSE,"AGES_not_run_UKB_covered"
"GCST90088597","IL6R","GCST90003863","aligned",TRUE,FALSE,"AGES_not_run_UKB_covered"
"GCST90088597","IL6R","GCST90002442","aligned",TRUE,FALSE,"AGES_not_run_UKB_covered"
"GCST90088597","IL6R","GCST90002436","aligned",TRUE,FALSE,"AGES_not_run_UKB_covered"
"GCST90088597","IL6R","GCST90003869","aligned",TRUE,FALSE,"AGES_not_run_UKB_covered"
"GCST90088597","IL6R","GCST90003867","aligned",TRUE,FALSE,"AGES_not_run_UKB_covered"
"GCST90088597","IL6R","GCST90002443","aligned",TRUE,FALSE,"AGES_not_run_UKB_covered"
"GCST90088597","IL6R","GCST90003870","aligned",TRUE,FALSE,"AGES_not_run_UKB_covered"
"GCST90088597","IL6R","GCST90003868","aligned",TRUE,FALSE,"AGES_not_run_UKB_covered"
"GCST90088597","IL6R","GCST90003864","aligned",TRUE,FALSE,"AGES_not_run_UKB_covered"
"GCST90088597","IL6R","GCST90003865","aligned",TRUE,FALSE,"AGES_not_run_UKB_covered"
"GCST90088597","IL6R","GCST90002441","aligned",TRUE,FALSE,"AGES_not_run_UKB_covered"
"GCST90088597","IL6R","GCST90002439","aligned",TRUE,FALSE,"AGES_not_run_UKB_covered"
"GCST90088597","IL6R","GCST90002437","aligned",TRUE,FALSE,"AGES_not_run_UKB_covered"
"GCST90088597","IL6R","GCST90002440","aligned",TRUE,FALSE,"AGES_not_run_UKB_covered"
"GCST90088597","IL6R","GCST90003866","aligned",TRUE,FALSE,"AGES_not_run_UKB_covered"
"GCST90088597","IL6R","GCST90002438","aligned",TRUE,FALSE,"AGES_not_run_UKB_covered"
"GCST90088669","ICAM1","GCST90003866","aligned",TRUE,FALSE,"AGES_not_run_UKB_covered"
"GCST90088669","ICAM1","GCST90002436","aligned",TRUE,FALSE,"AGES_not_run_UKB_covered"
"GCST90088669","ICAM1","GCST90003864","aligned",TRUE,FALSE,"AGES_not_run_UKB_covered"
"GCST90088669","ICAM1","GCST90003867","aligned",TRUE,FALSE,"AGES_not_run_UKB_covered"
"GCST90088669","ICAM1","GCST90003865","aligned",TRUE,FALSE,"AGES_not_run_UKB_covered"
"GCST90088669","ICAM1","GCST90002439","aligned",TRUE,FALSE,"AGES_not_run_UKB_covered"
"GCST90088669","ICAM1","GCST90002437","aligned",TRUE,FALSE,"AGES_not_run_UKB_covered"
"GCST90088669","ICAM1","GCST90002442","aligned",TRUE,FALSE,"AGES_not_run_UKB_covered"
"GCST90088669","ICAM1","GCST90002438","aligned",TRUE,FALSE,"AGES_not_run_UKB_covered"
"GCST90088669","ICAM1","GCST90003870","aligned",TRUE,FALSE,"AGES_not_run_UKB_covered"
"GCST90088669","ICAM1","GCST90003869","aligned",TRUE,FALSE,"AGES_not_run_UKB_covered"
"GCST90088669","ICAM1","GCST90002440","aligned",TRUE,FALSE,"AGES_not_run_UKB_covered"
"GCST90088669","ICAM1","GCST90002443","aligned",TRUE,FALSE,"AGES_not_run_UKB_covered"
"GCST90088669","ICAM1","GCST90003868","aligned",TRUE,FALSE,"AGES_not_run_UKB_covered"
"GCST90088669","ICAM1","GCST90003863","aligned",TRUE,FALSE,"AGES_not_run_UKB_covered"
"GCST90088669","ICAM1","GCST90002441","aligned",TRUE,FALSE,"AGES_not_run_UKB_covered"
"GCST90088804","ENG","GCST90003868","aligned",TRUE,FALSE,"AGES_not_run_UKB_covered"
"GCST90088804","ENG","GCST90003866","aligned",TRUE,FALSE,"AGES_not_run_UKB_covered"
"GCST90088804","ENG","GCST90002443","aligned",TRUE,FALSE,"AGES_not_run_UKB_covered"
"GCST90088804","ENG","GCST90003865","aligned",TRUE,FALSE,"AGES_not_run_UKB_covered"
"GCST90088804","ENG","GCST90003863","aligned",TRUE,FALSE,"AGES_not_run_UKB_covered"
"GCST90088804","ENG","GCST90003864","aligned",TRUE,FALSE,"AGES_not_run_UKB_covered"
"GCST90088804","ENG","GCST90002437","aligned",TRUE,FALSE,"AGES_not_run_UKB_covered"
"GCST90088804","ENG","GCST90002441","aligned",TRUE,FALSE,"AGES_not_run_UKB_covered"
"GCST90088804","ENG","GCST90002436","aligned",TRUE,FALSE,"AGES_not_run_UKB_covered"
"GCST90088804","ENG","GCST90003869","aligned",TRUE,FALSE,"AGES_not_run_UKB_covered"
"GCST90088804","ENG","GCST90002440","aligned",TRUE,FALSE,"AGES_not_run_UKB_covered"
"GCST90088804","ENG","GCST90002438","aligned",TRUE,FALSE,"AGES_not_run_UKB_covered"
"GCST90088804","ENG","GCST90002439","aligned",TRUE,FALSE,"AGES_not_run_UKB_covered"
"GCST90088804","ENG","GCST90002442","aligned",TRUE,FALSE,"AGES_not_run_UKB_covered"
"GCST90088804","ENG","GCST90003867","aligned",TRUE,FALSE,"AGES_not_run_UKB_covered"
"GCST90088804","ENG","GCST90003870","aligned",TRUE,FALSE,"AGES_not_run_UKB_covered"
"GCST90088892","CD274","GCST90002437","aligned",TRUE,FALSE,"AGES_not_run_UKB_covered"
"GCST90088892","CD274","GCST90002438","aligned",TRUE,FALSE,"AGES_not_run_UKB_covered"
"GCST90088892","CD274","GCST90002441","aligned",TRUE,FALSE,"AGES_not_run_UKB_covered"
"GCST90088892","CD274","GCST90002439","aligned",TRUE,FALSE,"AGES_not_run_UKB_covered"
"GCST90088892","CD274","GCST90003866","aligned",TRUE,FALSE,"AGES_not_run_UKB_covered"
"GCST90088892","CD274","GCST90003863","aligned",TRUE,FALSE,"AGES_not_run_UKB_covered"
"GCST90088892","CD274","GCST90002442","aligned",TRUE,FALSE,"AGES_not_run_UKB_covered"
"GCST90088892","CD274","GCST90002443","aligned",TRUE,FALSE,"AGES_not_run_UKB_covered"
"GCST90088892","CD274","GCST90003865","aligned",TRUE,FALSE,"AGES_not_run_UKB_covered"
"GCST90088892","CD274","GCST90003864","aligned",TRUE,FALSE,"AGES_not_run_UKB_covered"
"GCST90088892","CD274","GCST90002440","aligned",TRUE,FALSE,"AGES_not_run_UKB_covered"
"GCST90088892","CD274","GCST90003867","aligned",TRUE,FALSE,"AGES_not_run_UKB_covered"
"GCST90088892","CD274","GCST90003868","aligned",TRUE,FALSE,"AGES_not_run_UKB_covered"
"GCST90088892","CD274","GCST90003870","aligned",TRUE,FALSE,"AGES_not_run_UKB_covered"
"GCST90088892","CD274","GCST90003869","aligned",TRUE,FALSE,"AGES_not_run_UKB_covered"
"GCST90088892","CD274","GCST90002436","aligned",TRUE,FALSE,"AGES_not_run_UKB_covered"
"GCST90088934","CD200","GCST90002442","swapped",TRUE,FALSE,"AGES_not_run_UKB_covered"
"GCST90088934","CD200","GCST90002441","swapped",TRUE,FALSE,"AGES_not_run_UKB_covered"
"GCST90088934","CD200","GCST90002439","swapped",TRUE,FALSE,"AGES_not_run_UKB_covered"
"GCST90088934","CD200","GCST90003864","swapped",TRUE,FALSE,"AGES_not_run_UKB_covered"
"GCST90088934","CD200","GCST90003870","swapped",TRUE,FALSE,"AGES_not_run_UKB_covered"
"GCST90088934","CD200","GCST90002437","swapped",TRUE,FALSE,"AGES_not_run_UKB_covered"
"GCST90088934","CD200","GCST90002438","swapped",TRUE,FALSE,"AGES_not_run_UKB_covered"
"GCST90088934","CD200","GCST90002443","swapped",TRUE,FALSE,"AGES_not_run_UKB_covered"
"GCST90088934","CD200","GCST90003866","swapped",TRUE,FALSE,"AGES_not_run_UKB_covered"
"GCST90088934","CD200","GCST90003863","swapped",TRUE,FALSE,"AGES_not_run_UKB_covered"
"GCST90088934","CD200","GCST90003867","swapped",TRUE,FALSE,"AGES_not_run_UKB_covered"
"GCST90088934","CD200","GCST90003869","swapped",TRUE,FALSE,"AGES_not_run_UKB_covered"
"GCST90088934","CD200","GCST90003865","swapped",TRUE,FALSE,"AGES_not_run_UKB_covered"
"GCST90088934","CD200","GCST90002440","swapped",TRUE,FALSE,"AGES_not_run_UKB_covered"
"GCST90088934","CD200","GCST90003868","swapped",TRUE,FALSE,"AGES_not_run_UKB_covered"
"GCST90088934","CD200","GCST90002436","swapped",TRUE,FALSE,"AGES_not_run_UKB_covered"
"GCST90089059","SLAMF7","GCST90002436","aligned",TRUE,FALSE,"AGES_not_run_UKB_covered"
"GCST90089059","SLAMF7","GCST90002441","aligned",TRUE,FALSE,"AGES_not_run_UKB_covered"
"GCST90089059","SLAMF7","GCST90002439","aligned",TRUE,FALSE,"AGES_not_run_UKB_covered"
"GCST90089059","SLAMF7","GCST90002438","aligned",TRUE,FALSE,"AGES_not_run_UKB_covered"
"GCST90089059","SLAMF7","GCST90002442","aligned",TRUE,FALSE,"AGES_not_run_UKB_covered"
"GCST90089059","SLAMF7","GCST90002443","aligned",TRUE,FALSE,"AGES_not_run_UKB_covered"
"GCST90089059","SLAMF7","GCST90003863","aligned",TRUE,FALSE,"AGES_not_run_UKB_covered"
"GCST90089059","SLAMF7","GCST90002440","aligned",TRUE,FALSE,"AGES_not_run_UKB_covered"
"GCST90089059","SLAMF7","GCST90003870","aligned",TRUE,FALSE,"AGES_not_run_UKB_covered"
"GCST90089059","SLAMF7","GCST90002437","aligned",TRUE,FALSE,"AGES_not_run_UKB_covered"
"GCST90089059","SLAMF7","GCST90003864","aligned",TRUE,FALSE,"AGES_not_run_UKB_covered"
"GCST90089059","SLAMF7","GCST90003865","aligned",TRUE,FALSE,"AGES_not_run_UKB_covered"
"GCST90089059","SLAMF7","GCST90003866","aligned",TRUE,FALSE,"AGES_not_run_UKB_covered"
"GCST90089059","SLAMF7","GCST90003867","aligned",TRUE,FALSE,"AGES_not_run_UKB_covered"
"GCST90089059","SLAMF7","GCST90003869","aligned",TRUE,FALSE,"AGES_not_run_UKB_covered"
"GCST90089059","SLAMF7","GCST90003868","aligned",TRUE,FALSE,"AGES_not_run_UKB_covered"
"GCST90089072","NRP1","GCST90002437","aligned",TRUE,FALSE,"AGES_not_run_UKB_covered"
"GCST90089072","NRP1","GCST90002442","aligned",TRUE,FALSE,"AGES_not_run_UKB_covered"
"GCST90089072","NRP1","GCST90002439","aligned",TRUE,FALSE,"AGES_not_run_UKB_covered"
"GCST90089072","NRP1","GCST90003870","aligned",TRUE,FALSE,"AGES_not_run_UKB_covered"
"GCST90089072","NRP1","GCST90002438","aligned",TRUE,FALSE,"AGES_not_run_UKB_covered"
"GCST90089072","NRP1","GCST90002441","aligned",TRUE,FALSE,"AGES_not_run_UKB_covered"
"GCST90089072","NRP1","GCST90002443","aligned",TRUE,FALSE,"AGES_not_run_UKB_covered"
"GCST90089072","NRP1","GCST90003866","aligned",TRUE,FALSE,"AGES_not_run_UKB_covered"
"GCST90089072","NRP1","GCST90003863","aligned",TRUE,FALSE,"AGES_not_run_UKB_covered"
"GCST90089072","NRP1","GCST90003867","aligned",TRUE,FALSE,"AGES_not_run_UKB_covered"
"GCST90089072","NRP1","GCST90003865","aligned",TRUE,FALSE,"AGES_not_run_UKB_covered"
"GCST90089072","NRP1","GCST90002436","aligned",TRUE,FALSE,"AGES_not_run_UKB_covered"
"GCST90089072","NRP1","GCST90003864","aligned",TRUE,FALSE,"AGES_not_run_UKB_covered"
"GCST90089072","NRP1","GCST90002440","aligned",TRUE,FALSE,"AGES_not_run_UKB_covered"
"GCST90089072","NRP1","GCST90003868","aligned",TRUE,FALSE,"AGES_not_run_UKB_covered"
"GCST90089072","NRP1","GCST90003869","aligned",TRUE,FALSE,"AGES_not_run_UKB_covered"
"GCST90090045","IL6R","GCST90002439","aligned",TRUE,FALSE,"AGES_not_run_UKB_covered"
"GCST90090045","IL6R","GCST90002441","aligned",TRUE,FALSE,"AGES_not_run_UKB_covered"
"GCST90090045","IL6R","GCST90002442","aligned",TRUE,FALSE,"AGES_not_run_UKB_covered"
"GCST90090045","IL6R","GCST90003863","aligned",TRUE,FALSE,"AGES_not_run_UKB_covered"
"GCST90090045","IL6R","GCST90002440","aligned",TRUE,FALSE,"AGES_not_run_UKB_covered"
"GCST90090045","IL6R","GCST90002437","aligned",TRUE,FALSE,"AGES_not_run_UKB_covered"
"GCST90090045","IL6R","GCST90003864","aligned",TRUE,FALSE,"AGES_not_run_UKB_covered"
"GCST90090045","IL6R","GCST90003869","aligned",TRUE,FALSE,"AGES_not_run_UKB_covered"
"GCST90090045","IL6R","GCST90002443","aligned",TRUE,FALSE,"AGES_not_run_UKB_covered"
"GCST90090045","IL6R","GCST90002436","aligned",TRUE,FALSE,"AGES_not_run_UKB_covered"
"GCST90090045","IL6R","GCST90003870","aligned",TRUE,FALSE,"AGES_not_run_UKB_covered"
"GCST90090045","IL6R","GCST90003868","aligned",TRUE,FALSE,"AGES_not_run_UKB_covered"
"GCST90090045","IL6R","GCST90003867","aligned",TRUE,FALSE,"AGES_not_run_UKB_covered"
"GCST90090045","IL6R","GCST90002438","aligned",TRUE,FALSE,"AGES_not_run_UKB_covered"
"GCST90090045","IL6R","GCST90003866","aligned",TRUE,FALSE,"AGES_not_run_UKB_covered"
"GCST90090045","IL6R","GCST90003865","aligned",TRUE,FALSE,"AGES_not_run_UKB_covered"
"GCST90090416","CD14","GCST90002442","aligned",TRUE,FALSE,"AGES_not_run_UKB_covered"
"GCST90090416","CD14","GCST90002439","aligned",TRUE,FALSE,"AGES_not_run_UKB_covered"
"GCST90090416","CD14","GCST90003870","aligned",TRUE,FALSE,"AGES_not_run_UKB_covered"
"GCST90090416","CD14","GCST90003863","aligned",TRUE,FALSE,"AGES_not_run_UKB_covered"
"GCST90090416","CD14","GCST90003864","aligned",TRUE,FALSE,"AGES_not_run_UKB_covered"
"GCST90090416","CD14","GCST90002441","aligned",TRUE,FALSE,"AGES_not_run_UKB_covered"
"GCST90090416","CD14","GCST90002437","aligned",TRUE,FALSE,"AGES_not_run_UKB_covered"
"GCST90090416","CD14","GCST90003869","aligned",TRUE,FALSE,"AGES_not_run_UKB_covered"
"GCST90090416","CD14","GCST90003867","aligned",TRUE,FALSE,"AGES_not_run_UKB_covered"
"GCST90090416","CD14","GCST90002443","aligned",TRUE,FALSE,"AGES_not_run_UKB_covered"
"GCST90090416","CD14","GCST90003866","aligned",TRUE,FALSE,"AGES_not_run_UKB_covered"
"GCST90090416","CD14","GCST90002438","aligned",TRUE,FALSE,"AGES_not_run_UKB_covered"
"GCST90090416","CD14","GCST90003868","aligned",TRUE,FALSE,"AGES_not_run_UKB_covered"
"GCST90090416","CD14","GCST90003865","aligned",TRUE,FALSE,"AGES_not_run_UKB_covered"
"GCST90090416","CD14","GCST90002440","aligned",TRUE,FALSE,"AGES_not_run_UKB_covered"
"GCST90090416","CD14","GCST90002436","aligned",TRUE,FALSE,"AGES_not_run_UKB_covered"
"GCST90090504","CLEC4C","GCST90003866","aligned",TRUE,FALSE,"AGES_not_run_UKB_covered"
"GCST90090504","CLEC4C","GCST90003863","aligned",TRUE,FALSE,"AGES_not_run_UKB_covered"
"GCST90090504","CLEC4C","GCST90002443","aligned",TRUE,FALSE,"AGES_not_run_UKB_covered"
"GCST90090504","CLEC4C","GCST90003870","aligned",TRUE,FALSE,"AGES_not_run_UKB_covered"
"GCST90090504","CLEC4C","GCST90002436","aligned",TRUE,FALSE,"AGES_not_run_UKB_covered"
"GCST90090504","CLEC4C","GCST90002441","aligned",TRUE,FALSE,"AGES_not_run_UKB_covered"
"GCST90090504","CLEC4C","GCST90002438","aligned",TRUE,FALSE,"AGES_not_run_UKB_covered"
"GCST90090504","CLEC4C","GCST90003868","aligned",TRUE,FALSE,"AGES_not_run_UKB_covered"
"GCST90090504","CLEC4C","GCST90003864","aligned",TRUE,FALSE,"AGES_not_run_UKB_covered"
"GCST90090504","CLEC4C","GCST90002442","aligned",TRUE,FALSE,"AGES_not_run_UKB_covered"
"GCST90090504","CLEC4C","GCST90003865","aligned",TRUE,FALSE,"AGES_not_run_UKB_covered"
"GCST90090504","CLEC4C","GCST90003869","aligned",TRUE,FALSE,"AGES_not_run_UKB_covered"
"GCST90090504","CLEC4C","GCST90002440","aligned",TRUE,FALSE,"AGES_not_run_UKB_covered"
"GCST90090504","CLEC4C","GCST90002439","aligned",TRUE,FALSE,"AGES_not_run_UKB_covered"
"GCST90090504","CLEC4C","GCST90003867","aligned",TRUE,FALSE,"AGES_not_run_UKB_covered"
"GCST90090504","CLEC4C","GCST90002437","aligned",TRUE,FALSE,"AGES_not_run_UKB_covered"
"GCST90090616","ICOSLG","GCST90002438","aligned",TRUE,FALSE,"AGES_not_run_UKB_covered"
"GCST90090616","ICOSLG","GCST90002437","aligned",TRUE,FALSE,"AGES_not_run_UKB_covered"
"GCST90090616","ICOSLG","GCST90002442","aligned",TRUE,FALSE,"AGES_not_run_UKB_covered"
"GCST90090616","ICOSLG","GCST90003863","aligned",TRUE,FALSE,"AGES_not_run_UKB_covered"
"GCST90090616","ICOSLG","GCST90002440","aligned",TRUE,FALSE,"AGES_not_run_UKB_covered"
"GCST90090616","ICOSLG","GCST90002441","aligned",TRUE,FALSE,"AGES_not_run_UKB_covered"
"GCST90090616","ICOSLG","GCST90002439","aligned",TRUE,FALSE,"AGES_not_run_UKB_covered"
"GCST90090616","ICOSLG","GCST90002436","aligned",TRUE,FALSE,"AGES_not_run_UKB_covered"
"GCST90090616","ICOSLG","GCST90003870","aligned",TRUE,FALSE,"AGES_not_run_UKB_covered"
"GCST90090616","ICOSLG","GCST90002443","aligned",TRUE,FALSE,"AGES_not_run_UKB_covered"
"GCST90090616","ICOSLG","GCST90003866","aligned",TRUE,FALSE,"AGES_not_run_UKB_covered"
"GCST90090616","ICOSLG","GCST90003864","aligned",TRUE,FALSE,"AGES_not_run_UKB_covered"
"GCST90090616","ICOSLG","GCST90003868","aligned",TRUE,FALSE,"AGES_not_run_UKB_covered"
"GCST90090616","ICOSLG","GCST90003869","aligned",TRUE,FALSE,"AGES_not_run_UKB_covered"
"GCST90090616","ICOSLG","GCST90003867","aligned",TRUE,FALSE,"AGES_not_run_UKB_covered"
"GCST90090616","ICOSLG","GCST90003865","aligned",TRUE,FALSE,"AGES_not_run_UKB_covered"
"TFRC:P02786:OID20369:v1","TFRC","GCST90003869","aligned",TRUE,TRUE,"UKB_primary"
"TFRC:P02786:OID20369:v1","TFRC","GCST90003870","aligned",TRUE,TRUE,"UKB_primary"
"CD40:P25942:OID20724:v1","CD40","GCST90002443","aligned",TRUE,TRUE,"UKB_primary"
"CD40:P25942:OID20724:v1","CD40","GCST90002442","aligned",TRUE,TRUE,"UKB_primary"
"CD22:P20273:OID20637:v1","CD22","GCST90002443","aligned",TRUE,TRUE,"UKB_primary"
"CD22:P20273:OID20637:v1","CD22","GCST90002436","aligned",TRUE,TRUE,"UKB_primary"
"CLEC4C:Q8WTT0:OID20547:v1","CLEC4C","GCST90003870","aligned",TRUE,TRUE,"UKB_primary"
"DPP4:P27487:OID20406:v1","DPP4","GCST90002440","aligned",TRUE,TRUE,"UKB_primary"
"CD79B:P40259:OID20635:v1","CD79B","GCST90003867","aligned",TRUE,TRUE,"UKB_primary"
"IL2RA:P01589:OID20267:v1","IL2RA","GCST90002436","aligned",TRUE,TRUE,"UKB_primary"
"CLEC4C:Q8WTT0:OID20547:v1","CLEC4C","GCST90003868","aligned",TRUE,TRUE,"UKB_primary"
"ENG:P17813:OID20287:v1","ENG","GCST90002442","aligned",TRUE,TRUE,"UKB_primary"
"TFRC:P02786:OID20369:v1","TFRC","GCST90003863","aligned",TRUE,TRUE,"UKB_primary"
"CD200:P41217:OID20603:v1","CD200","GCST90003870","aligned",TRUE,TRUE,"UKB_primary"
"NOTCH2:Q04721:OID30407:v1","NOTCH2","GCST90003864","aligned",TRUE,TRUE,"UKB_primary"
"NOTCH1:P46531:OID20311:v1","NOTCH1","GCST90002436","aligned",TRUE,TRUE,"UKB_primary"
"CD79B:P40259:OID20635:v1","CD79B","GCST90003868","aligned",TRUE,TRUE,"UKB_primary"
"TLR4:O00206:OID30428:v1","TLR4","GCST90003870","aligned",TRUE,TRUE,"UKB_primary"
"CD22:P20273:OID20637:v1","CD22","GCST90002437","aligned",TRUE,TRUE,"UKB_primary"
"TLR4:O00206:OID30428:v1","TLR4","GCST90003868","aligned",TRUE,TRUE,"UKB_primary"
"ITGB7:P26010:OID21393:v1","ITGB7","GCST90002438","aligned",TRUE,TRUE,"UKB_primary"
"TNFRSF8:P28908:OID21049:v1","TNFRSF8","GCST90002441","aligned",TRUE,TRUE,"UKB_primary"
"CD22:P20273:OID20637:v1","CD22","GCST90002442","aligned",TRUE,TRUE,"UKB_primary"
"CD79B:P40259:OID20635:v1","CD79B","GCST90003870","aligned",TRUE,TRUE,"UKB_primary"
"TFRC:P02786:OID20369:v1","TFRC","GCST90003865","aligned",TRUE,TRUE,"UKB_primary"
"CD79B:P40259:OID20635:v1","CD79B","GCST90003866","aligned",TRUE,TRUE,"UKB_primary"
"IL6R:P08887:OID20385:v1","IL6R","GCST90003867","aligned",TRUE,TRUE,"UKB_primary"
"CD14:P08571:OID20378:v1","CD14","GCST90003864","aligned",TRUE,TRUE,"UKB_primary"
"CD79B:P40259:OID20635:v1","CD79B","GCST90003869","aligned",TRUE,TRUE,"UKB_primary"
"SLAMF7:Q9NQ25:OID20602:v1","SLAMF7","GCST90003870","aligned",TRUE,TRUE,"UKB_primary"
"ENG:P17813:OID20287:v1","ENG","GCST90002441","aligned",TRUE,TRUE,"UKB_primary"
"ENG:P17813:OID20287:v1","ENG","GCST90003865","aligned",TRUE,TRUE,"UKB_primary"
"KIT:P10721:OID20370:v1","KIT","GCST90002442","aligned",TRUE,TRUE,"UKB_primary"
"IL4R:P24394:OID20576:v1","IL4R","GCST90003868","aligned",TRUE,TRUE,"UKB_primary"
"ENG:P17813:OID20287:v1","ENG","GCST90003866","aligned",TRUE,TRUE,"UKB_primary"
"CD22:P20273:OID20637:v1","CD22","GCST90002441","aligned",TRUE,TRUE,"UKB_primary"
"LY75:O60449:OID20580:v1","LY75","GCST90003867","aligned",TRUE,TRUE,"UKB_primary"
"IL2RA:P01589:OID20267:v1","IL2RA","GCST90002442","aligned",TRUE,TRUE,"UKB_primary"
"NOTCH2:Q04721:OID30407:v1","NOTCH2","GCST90003867","aligned",TRUE,TRUE,"UKB_primary"
"TFRC:P02786:OID20369:v1","TFRC","GCST90002441","aligned",TRUE,TRUE,"UKB_primary"
"LY75:O60449:OID20580:v1","LY75","GCST90003869","aligned",TRUE,TRUE,"UKB_primary"
"NOTCH1:P46531:OID20311:v1","NOTCH1","GCST90002440","aligned",TRUE,TRUE,"UKB_primary"
"IL6R:P08887:OID20385:v1","IL6R","GCST90002443","aligned",TRUE,TRUE,"UKB_primary"
"NOTCH2:Q04721:OID30407:v1","NOTCH2","GCST90003865","aligned",TRUE,TRUE,"UKB_primary"
"HLA-DRA:P01903:OID20520:v1","HLA-DRA","GCST90002442","aligned",TRUE,TRUE,"UKB_primary"
"HLA-DRA:P01903:OID20520:v1","HLA-DRA","GCST90003870","aligned",TRUE,TRUE,"UKB_primary"
"NRP1:O14786:OID20390:v1","NRP1","GCST90002436","aligned",TRUE,TRUE,"UKB_primary"
"FLT3:P36888:OID21272:v1","FLT3","GCST90003870","aligned",TRUE,TRUE,"UKB_primary"
"LY75:O60449:OID20580:v1","LY75","GCST90003870","aligned",TRUE,TRUE,"UKB_primary"
"ITGB2:P05107:OID20315:v1","ITGB2","GCST90002439","aligned",TRUE,TRUE,"UKB_primary"
"TFRC:P02786:OID20369:v1","TFRC","GCST90002437","aligned",TRUE,TRUE,"UKB_primary"
"SLAMF7:Q9NQ25:OID20602:v1","SLAMF7","GCST90002436","aligned",TRUE,TRUE,"UKB_primary"
"CD14:P08571:OID20378:v1","CD14","GCST90002438","aligned",TRUE,TRUE,"UKB_primary"
"TNFRSF8:P28908:OID21049:v1","TNFRSF8","GCST90002440","aligned",TRUE,TRUE,"UKB_primary"
"ENG:P17813:OID20287:v1","ENG","GCST90003870","aligned",TRUE,TRUE,"UKB_primary"
"IL4R:P24394:OID20576:v1","IL4R","GCST90003864","aligned",TRUE,TRUE,"UKB_primary"
"CD40:P25942:OID20724:v1","CD40","GCST90002439","aligned",TRUE,TRUE,"UKB_primary"
"NRP1:O14786:OID20390:v1","NRP1","GCST90002440","aligned",TRUE,TRUE,"UKB_primary"
"SLAMF7:Q9NQ25:OID20602:v1","SLAMF7","GCST90003869","aligned",TRUE,TRUE,"UKB_primary"
"CD200:P41217:OID20603:v1","CD200","GCST90003869","aligned",TRUE,TRUE,"UKB_primary"
"CLEC4C:Q8WTT0:OID20547:v1","CLEC4C","GCST90003866","aligned",TRUE,TRUE,"UKB_primary"
"IL6R:P08887:OID20385:v1","IL6R","GCST90002441","aligned",TRUE,TRUE,"UKB_primary"
"TLR4:O00206:OID30428:v1","TLR4","GCST90003867","aligned",TRUE,TRUE,"UKB_primary"
"SLAMF7:Q9NQ25:OID20602:v1","SLAMF7","GCST90003866","aligned",TRUE,TRUE,"UKB_primary"
"TFRC:P02786:OID20369:v1","TFRC","GCST90002436","aligned",TRUE,TRUE,"UKB_primary"
"CD14:P08571:OID20378:v1","CD14","GCST90003863","aligned",TRUE,TRUE,"UKB_primary"
"SLAMF7:Q9NQ25:OID20602:v1","SLAMF7","GCST90003865","aligned",TRUE,TRUE,"UKB_primary"
"DPP4:P27487:OID20406:v1","DPP4","GCST90003866","aligned",TRUE,TRUE,"UKB_primary"
"MERTK:Q12866:OID20657:v1","MERTK","GCST90002440","aligned",TRUE,TRUE,"UKB_primary"
"CD200:P41217:OID20603:v1","CD200","GCST90002441","aligned",TRUE,TRUE,"UKB_primary"
"PTPRC:P08575:OID30380:v1","PTPRC","GCST90003864","aligned",TRUE,TRUE,"UKB_primary"
"TFRC:P02786:OID20369:v1","TFRC","GCST90003866","aligned",TRUE,TRUE,"UKB_primary"
"LY75:O60449:OID20580:v1","LY75","GCST90003865","aligned",TRUE,TRUE,"UKB_primary"
"CD79B:P40259:OID20635:v1","CD79B","GCST90003865","aligned",TRUE,TRUE,"UKB_primary"
"CD4:P01730:OID20584:v1","CD4","GCST90003867","aligned",TRUE,TRUE,"UKB_primary"
"TLR4:O00206:OID30428:v1","TLR4","GCST90003866","aligned",TRUE,TRUE,"UKB_primary"
"ENG:P17813:OID20287:v1","ENG","GCST90003867","aligned",TRUE,TRUE,"UKB_primary"
"IL2RA:P01589:OID20267:v1","IL2RA","GCST90002437","aligned",TRUE,TRUE,"UKB_primary"
"CD200:P41217:OID20603:v1","CD200","GCST90003864","aligned",TRUE,TRUE,"UKB_primary"
"NRP1:O14786:OID20390:v1","NRP1","GCST90002437","aligned",TRUE,TRUE,"UKB_primary"
"CD40:P25942:OID20724:v1","CD40","GCST90002438","aligned",TRUE,TRUE,"UKB_primary"
"ICAM1:P05362:OID20411:v1","ICAM1","GCST90003864","aligned",TRUE,TRUE,"UKB_primary"
"CD4:P01730:OID20584:v1","CD4","GCST90003869","aligned",TRUE,TRUE,"UKB_primary"
"CLEC4C:Q8WTT0:OID20547:v1","CLEC4C","GCST90003867","aligned",TRUE,TRUE,"UKB_primary"
"CD4:P01730:OID20584:v1","CD4","GCST90003868","aligned",TRUE,TRUE,"UKB_primary"
"CD14:P08571:OID20378:v1","CD14","GCST90002439","aligned",TRUE,TRUE,"UKB_primary"
"NOTCH2:Q04721:OID30407:v1","NOTCH2","GCST90002439","aligned",TRUE,TRUE,"UKB_primary"
"LY75:O60449:OID20580:v1","LY75","GCST90003868","aligned",TRUE,TRUE,"UKB_primary"
"NRP1:O14786:OID20390:v1","NRP1","GCST90003865","aligned",TRUE,TRUE,"UKB_primary"
"CD22:P20273:OID20637:v1","CD22","GCST90002440","aligned",TRUE,TRUE,"UKB_primary"
"DPP4:P27487:OID20406:v1","DPP4","GCST90002437","aligned",TRUE,TRUE,"UKB_primary"
"NOTCH1:P46531:OID20311:v1","NOTCH1","GCST90002438","aligned",TRUE,TRUE,"UKB_primary"
"TNFRSF8:P28908:OID21049:v1","TNFRSF8","GCST90002438","aligned",TRUE,TRUE,"UKB_primary"
"CD14:P08571:OID20378:v1","CD14","GCST90003868","aligned",TRUE,TRUE,"UKB_primary"
"ITGB2:P05107:OID20315:v1","ITGB2","GCST90003864","aligned",TRUE,TRUE,"UKB_primary"
"TFRC:P02786:OID20369:v1","TFRC","GCST90002440","aligned",TRUE,TRUE,"UKB_primary"
"ENG:P17813:OID20287:v1","ENG","GCST90002439","aligned",TRUE,TRUE,"UKB_primary"
"DPP4:P27487:OID20406:v1","DPP4","GCST90002441","aligned",TRUE,TRUE,"UKB_primary"
"IFNGR1:P15260:OID20678:v1","IFNGR1","GCST90002443","aligned",TRUE,TRUE,"UKB_primary"
"DPP4:P27487:OID20406:v1","DPP4","GCST90003870","aligned",TRUE,TRUE,"UKB_primary"
"TFRC:P02786:OID20369:v1","TFRC","GCST90003864","aligned",TRUE,TRUE,"UKB_primary"
"CD4:P01730:OID20584:v1","CD4","GCST90002438","aligned",TRUE,TRUE,"UKB_primary"
"DPP4:P27487:OID20406:v1","DPP4","GCST90002436","aligned",TRUE,TRUE,"UKB_primary"
"HLA-DRA:P01903:OID20520:v1","HLA-DRA","GCST90003864","aligned",TRUE,TRUE,"UKB_primary"
"CD14:P08571:OID20378:v1","CD14","GCST90003870","aligned",TRUE,TRUE,"UKB_primary"
"MERTK:Q12866:OID20657:v1","MERTK","GCST90003867","aligned",TRUE,TRUE,"UKB_primary"
"LY75:O60449:OID20580:v1","LY75","GCST90002442","aligned",TRUE,TRUE,"UKB_primary"
"ICOSLG:O75144:OID21351:v1","ICOSLG","GCST90003868","aligned",TRUE,TRUE,"UKB_primary"
"NT5E:P21589:OID21498:v1","NT5E","GCST90002441","aligned",TRUE,TRUE,"UKB_primary"
"ENG:P17813:OID20287:v1","ENG","GCST90002443","aligned",TRUE,TRUE,"UKB_primary"
"CD200:P41217:OID20603:v1","CD200","GCST90002436","aligned",TRUE,TRUE,"UKB_primary"
"NOTCH1:P46531:OID20311:v1","NOTCH1","GCST90002443","aligned",TRUE,TRUE,"UKB_primary"
"CLEC4C:Q8WTT0:OID20547:v1","CLEC4C","GCST90002439","aligned",TRUE,TRUE,"UKB_primary"
"KIT:P10721:OID20370:v1","KIT","GCST90002441","aligned",TRUE,TRUE,"UKB_primary"
"DPP4:P27487:OID20406:v1","DPP4","GCST90003865","aligned",TRUE,TRUE,"UKB_primary"
"IL4R:P24394:OID20576:v1","IL4R","GCST90003870","aligned",TRUE,TRUE,"UKB_primary"
"TNFRSF8:P28908:OID21049:v1","TNFRSF8","GCST90003866","aligned",TRUE,TRUE,"UKB_primary"
"IL4R:P24394:OID20576:v1","IL4R","GCST90002440","aligned",TRUE,TRUE,"UKB_primary"
"LY75:O60449:OID20580:v1","LY75","GCST90003866","aligned",TRUE,TRUE,"UKB_primary"
"HLA-DRA:P01903:OID20520:v1","HLA-DRA","GCST90002438","aligned",TRUE,TRUE,"UKB_primary"
"NT5E:P21589:OID21498:v1","NT5E","GCST90002440","aligned",TRUE,TRUE,"UKB_primary"
"CD79B:P40259:OID20635:v1","CD79B","GCST90003864","aligned",TRUE,TRUE,"UKB_primary"
"IL6R:P08887:OID20385:v1","IL6R","GCST90003868","aligned",TRUE,TRUE,"UKB_primary"
"ENG:P17813:OID20287:v1","ENG","GCST90002440","aligned",TRUE,TRUE,"UKB_primary"
"CD200:P41217:OID20603:v1","CD200","GCST90002440","aligned",TRUE,TRUE,"UKB_primary"
"IL2RA:P01589:OID20267:v1","IL2RA","GCST90003867","aligned",TRUE,TRUE,"UKB_primary"
"NOTCH1:P46531:OID20311:v1","NOTCH1","GCST90002437","aligned",TRUE,TRUE,"UKB_primary"
"NOTCH1:P46531:OID20311:v1","NOTCH1","GCST90003863","aligned",TRUE,TRUE,"UKB_primary"
"ENG:P17813:OID20287:v1","ENG","GCST90003869","aligned",TRUE,TRUE,"UKB_primary"
"IL6R:P08887:OID20385:v1","IL6R","GCST90002437","aligned",TRUE,TRUE,"UKB_primary"
"CD86:P42081:OID31500:v1","CD86","GCST90003865","aligned",TRUE,TRUE,"UKB_primary"
"TLR4:O00206:OID30428:v1","TLR4","GCST90002442","aligned",TRUE,TRUE,"UKB_primary"
"IL4R:P24394:OID20576:v1","IL4R","GCST90002441","aligned",TRUE,TRUE,"UKB_primary"
"ICAM1:P05362:OID20411:v1","ICAM1","GCST90002441","aligned",TRUE,TRUE,"UKB_primary"
"CD4:P01730:OID20584:v1","CD4","GCST90002443","aligned",TRUE,TRUE,"UKB_primary"
"ENG:P17813:OID20287:v1","ENG","GCST90003864","aligned",TRUE,TRUE,"UKB_primary"
"IL2RA:P01589:OID20267:v1","IL2RA","GCST90003865","aligned",TRUE,TRUE,"UKB_primary"
"ITGB7:P26010:OID21393:v1","ITGB7","GCST90002439","aligned",TRUE,TRUE,"UKB_primary"
"CD40:P25942:OID20724:v1","CD40","GCST90003866","aligned",TRUE,TRUE,"UKB_primary"
"IFNGR1:P15260:OID20678:v1","IFNGR1","GCST90003869","aligned",TRUE,TRUE,"UKB_primary"
"KIT:P10721:OID20370:v1","KIT","GCST90003870","aligned",TRUE,TRUE,"UKB_primary"
"CLEC4C:Q8WTT0:OID20547:v1","CLEC4C","GCST90003869","aligned",TRUE,TRUE,"UKB_primary"
"TLR4:O00206:OID30428:v1","TLR4","GCST90002436","aligned",TRUE,TRUE,"UKB_primary"
"MERTK:Q12866:OID20657:v1","MERTK","GCST90003864","aligned",TRUE,TRUE,"UKB_primary"
"IL6R:P08887:OID20385:v1","IL6R","GCST90002436","aligned",TRUE,TRUE,"UKB_primary"
"ICOSLG:O75144:OID21351:v1","ICOSLG","GCST90003864","aligned",TRUE,TRUE,"UKB_primary"
"ICAM1:P05362:OID20411:v1","ICAM1","GCST90002437","aligned",TRUE,TRUE,"UKB_primary"
"LY75:O60449:OID20580:v1","LY75","GCST90002441","aligned",TRUE,TRUE,"UKB_primary"
"ICOSLG:O75144:OID21351:v1","ICOSLG","GCST90003870","aligned",TRUE,TRUE,"UKB_primary"
"TNFRSF9:Q07011:OID20985:v1","TNFRSF9","GCST90003868","aligned",TRUE,TRUE,"UKB_primary"
"ITGB7:P26010:OID21393:v1","ITGB7","GCST90002442","aligned",TRUE,TRUE,"UKB_primary"
"TNFRSF9:Q07011:OID20985:v1","TNFRSF9","GCST90002439","aligned",TRUE,TRUE,"UKB_primary"
"CD200:P41217:OID20603:v1","CD200","GCST90002442","aligned",TRUE,TRUE,"UKB_primary"
"IL6R:P08887:OID20385:v1","IL6R","GCST90003865","aligned",TRUE,TRUE,"UKB_primary"
"CD40:P25942:OID20724:v1","CD40","GCST90002437","aligned",TRUE,TRUE,"UKB_primary"
"NT5E:P21589:OID21498:v1","NT5E","GCST90003867","aligned",TRUE,TRUE,"UKB_primary"
"PDCD1LG2:Q9BQ51:OID21273:v1","PDCD1LG2","GCST90002439","aligned",TRUE,TRUE,"UKB_primary"
"KIT:P10721:OID20370:v1","KIT","GCST90003864","aligned",TRUE,TRUE,"UKB_primary"
"NT5E:P21589:OID21498:v1","NT5E","GCST90003868","aligned",TRUE,TRUE,"UKB_primary"
"CD14:P08571:OID20378:v1","CD14","GCST90003869","aligned",TRUE,TRUE,"UKB_primary"
"CD4:P01730:OID20584:v1","CD4","GCST90002439","aligned",TRUE,TRUE,"UKB_primary"
"IL2RA:P01589:OID20267:v1","IL2RA","GCST90002443","aligned",TRUE,TRUE,"UKB_primary"
"HLA-DRA:P01903:OID20520:v1","HLA-DRA","GCST90002440","aligned",TRUE,TRUE,"UKB_primary"
"KIT:P10721:OID20370:v1","KIT","GCST90003866","aligned",TRUE,TRUE,"UKB_primary"
"ICOSLG:O75144:OID21351:v1","ICOSLG","GCST90002441","aligned",TRUE,TRUE,"UKB_primary"
"FLT3:P36888:OID21272:v1","FLT3","GCST90003863","aligned",TRUE,TRUE,"UKB_primary"
"TLR4:O00206:OID30428:v1","TLR4","GCST90003869","aligned",TRUE,TRUE,"UKB_primary"
"IFNGR1:P15260:OID20678:v1","IFNGR1","GCST90002442","aligned",TRUE,TRUE,"UKB_primary"
"TLR4:O00206:OID30428:v1","TLR4","GCST90002443","aligned",TRUE,TRUE,"UKB_primary"
"PTPRC:P08575:OID30380:v1","PTPRC","GCST90002440","aligned",TRUE,TRUE,"UKB_primary"
"IL4R:P24394:OID20576:v1","IL4R","GCST90002436","aligned",TRUE,TRUE,"UKB_primary"
"ENG:P17813:OID20287:v1","ENG","GCST90002436","aligned",TRUE,TRUE,"UKB_primary"
"TLR4:O00206:OID30428:v1","TLR4","GCST90003865","aligned",TRUE,TRUE,"UKB_primary"
"ICAM1:P05362:OID20411:v1","ICAM1","GCST90002443","aligned",TRUE,TRUE,"UKB_primary"
"CD200:P41217:OID20603:v1","CD200","GCST90002438","aligned",TRUE,TRUE,"UKB_primary"
"IL2RA:P01589:OID20267:v1","IL2RA","GCST90003868","aligned",TRUE,TRUE,"UKB_primary"
"IFNGR1:P15260:OID20678:v1","IFNGR1","GCST90003868","aligned",TRUE,TRUE,"UKB_primary"
"TNFRSF8:P28908:OID21049:v1","TNFRSF8","GCST90003863","aligned",TRUE,TRUE,"UKB_primary"
"KIT:P10721:OID20370:v1","KIT","GCST90003868","aligned",TRUE,TRUE,"UKB_primary"
"PDCD1LG2:Q9BQ51:OID21273:v1","PDCD1LG2","GCST90002437","aligned",TRUE,TRUE,"UKB_primary"
"KIT:P10721:OID20370:v1","KIT","GCST90002438","aligned",TRUE,TRUE,"UKB_primary"
"CD86:P42081:OID31500:v1","CD86","GCST90003869","aligned",TRUE,TRUE,"UKB_primary"
"ITGB7:P26010:OID21393:v1","ITGB7","GCST90003868","aligned",TRUE,TRUE,"UKB_primary"
"IFNGR1:P15260:OID20678:v1","IFNGR1","GCST90002436","aligned",TRUE,TRUE,"UKB_primary"
"TNFRSF9:Q07011:OID20985:v1","TNFRSF9","GCST90003864","aligned",TRUE,TRUE,"UKB_primary"
"HLA-DRA:P01903:OID20520:v1","HLA-DRA","GCST90002443","aligned",TRUE,TRUE,"UKB_primary"
"CD79B:P40259:OID20635:v1","CD79B","GCST90002441","aligned",TRUE,TRUE,"UKB_primary"
"PTPRC:P08575:OID30380:v1","PTPRC","GCST90003869","aligned",TRUE,TRUE,"UKB_primary"
"PDCD1LG2:Q9BQ51:OID21273:v1","PDCD1LG2","GCST90003866","aligned",TRUE,TRUE,"UKB_primary"
"IL6R:P08887:OID20385:v1","IL6R","GCST90002442","aligned",TRUE,TRUE,"UKB_primary"
"NRP1:O14786:OID20390:v1","NRP1","GCST90002439","aligned",TRUE,TRUE,"UKB_primary"
"CD200:P41217:OID20603:v1","CD200","GCST90002439","aligned",TRUE,TRUE,"UKB_primary"
"ICAM1:P05362:OID20411:v1","ICAM1","GCST90002440","aligned",TRUE,TRUE,"UKB_primary"
"IL2RA:P01589:OID20267:v1","IL2RA","GCST90003869","aligned",TRUE,TRUE,"UKB_primary"
"IL6R:P08887:OID20385:v1","IL6R","GCST90002440","aligned",TRUE,TRUE,"UKB_primary"
"ENG:P17813:OID20287:v1","ENG","GCST90002437","aligned",TRUE,TRUE,"UKB_primary"
"NOTCH2:Q04721:OID30407:v1","NOTCH2","GCST90003868","aligned",TRUE,TRUE,"UKB_primary"
"TNFRSF9:Q07011:OID20985:v1","TNFRSF9","GCST90002437","aligned",TRUE,TRUE,"UKB_primary"
"NT5E:P21589:OID21498:v1","NT5E","GCST90002436","aligned",TRUE,TRUE,"UKB_primary"
"CLEC4C:Q8WTT0:OID20547:v1","CLEC4C","GCST90002442","aligned",TRUE,TRUE,"UKB_primary"
"IL6R:P08887:OID20385:v1","IL6R","GCST90003863","aligned",TRUE,TRUE,"UKB_primary"
"LY75:O60449:OID20580:v1","LY75","GCST90002437","aligned",TRUE,TRUE,"UKB_primary"
"NOTCH1:P46531:OID20311:v1","NOTCH1","GCST90003864","aligned",TRUE,TRUE,"UKB_primary"
"HLA-DRA:P01903:OID20520:v1","HLA-DRA","GCST90003866","aligned",TRUE,TRUE,"UKB_primary"
"NRP1:O14786:OID20390:v1","NRP1","GCST90003868","aligned",TRUE,TRUE,"UKB_primary"
"NOTCH1:P46531:OID20311:v1","NOTCH1","GCST90002442","aligned",TRUE,TRUE,"UKB_primary"
"PDCD1LG2:Q9BQ51:OID21273:v1","PDCD1LG2","GCST90002438","aligned",TRUE,TRUE,"UKB_primary"
"ICAM1:P05362:OID20411:v1","ICAM1","GCST90002436","aligned",TRUE,TRUE,"UKB_primary"
"ICOSLG:O75144:OID21351:v1","ICOSLG","GCST90002438","aligned",TRUE,TRUE,"UKB_primary"
"TFRC:P02786:OID20369:v1","TFRC","GCST90003867","aligned",TRUE,TRUE,"UKB_primary"
"IFNGR1:P15260:OID20678:v1","IFNGR1","GCST90002439","aligned",TRUE,TRUE,"UKB_primary"
"TNFRSF9:Q07011:OID20985:v1","TNFRSF9","GCST90002442","aligned",TRUE,TRUE,"UKB_primary"
"IL4R:P24394:OID20576:v1","IL4R","GCST90002442","aligned",TRUE,TRUE,"UKB_primary"
"ITGB2:P05107:OID20315:v1","ITGB2","GCST90003865","aligned",TRUE,TRUE,"UKB_primary"
"MERTK:Q12866:OID20657:v1","MERTK","GCST90002441","aligned",TRUE,TRUE,"UKB_primary"
"NOTCH1:P46531:OID20311:v1","NOTCH1","GCST90003870","aligned",TRUE,TRUE,"UKB_primary"
"DPP4:P27487:OID20406:v1","DPP4","GCST90002443","aligned",TRUE,TRUE,"UKB_primary"
"TNFRSF8:P28908:OID21049:v1","TNFRSF8","GCST90002439","aligned",TRUE,TRUE,"UKB_primary"
"CD79B:P40259:OID20635:v1","CD79B","GCST90002438","aligned",TRUE,TRUE,"UKB_primary"
"ENG:P17813:OID20287:v1","ENG","GCST90003863","aligned",TRUE,TRUE,"UKB_primary"
"KIT:P10721:OID20370:v1","KIT","GCST90002439","aligned",TRUE,TRUE,"UKB_primary"
"NRP1:O14786:OID20390:v1","NRP1","GCST90003870","aligned",TRUE,TRUE,"UKB_primary"
"NT5E:P21589:OID21498:v1","NT5E","GCST90002442","aligned",TRUE,TRUE,"UKB_primary"
"NOTCH1:P46531:OID20311:v1","NOTCH1","GCST90003868","aligned",TRUE,TRUE,"UKB_primary"
"MERTK:Q12866:OID20657:v1","MERTK","GCST90003870","aligned",TRUE,TRUE,"UKB_primary"
"PTPRC:P08575:OID30380:v1","PTPRC","GCST90003866","aligned",TRUE,TRUE,"UKB_primary"
"ENG:P17813:OID20287:v1","ENG","GCST90003868","aligned",TRUE,TRUE,"UKB_primary"
"DPP4:P27487:OID20406:v1","DPP4","GCST90003867","aligned",TRUE,TRUE,"UKB_primary"
"NT5E:P21589:OID21498:v1","NT5E","GCST90003863","aligned",TRUE,TRUE,"UKB_primary"
"CD86:P42081:OID31500:v1","CD86","GCST90003866","aligned",TRUE,TRUE,"UKB_primary"
"CD200:P41217:OID20603:v1","CD200","GCST90003863","aligned",TRUE,TRUE,"UKB_primary"
"HLA-DRA:P01903:OID20520:v1","HLA-DRA","GCST90002436","aligned",TRUE,TRUE,"UKB_primary"
"CD4:P01730:OID20584:v1","CD4","GCST90002441","aligned",TRUE,TRUE,"UKB_primary"
"ITGB7:P26010:OID21393:v1","ITGB7","GCST90003863","aligned",TRUE,TRUE,"UKB_primary"
"PTPRC:P08575:OID30380:v1","PTPRC","GCST90003863","aligned",TRUE,TRUE,"UKB_primary"
"ICAM1:P05362:OID20411:v1","ICAM1","GCST90002442","aligned",TRUE,TRUE,"UKB_primary"
"MERTK:Q12866:OID20657:v1","MERTK","GCST90003869","aligned",TRUE,TRUE,"UKB_primary"
"KIT:P10721:OID20370:v1","KIT","GCST90002443","aligned",TRUE,TRUE,"UKB_primary"
"CD14:P08571:OID20378:v1","CD14","GCST90002442","aligned",TRUE,TRUE,"UKB_primary"
"IL4R:P24394:OID20576:v1","IL4R","GCST90003867","aligned",TRUE,TRUE,"UKB_primary"
"ICOSLG:O75144:OID21351:v1","ICOSLG","GCST90003865","aligned",TRUE,TRUE,"UKB_primary"
"NT5E:P21589:OID21498:v1","NT5E","GCST90002439","aligned",TRUE,TRUE,"UKB_primary"
"SLAMF7:Q9NQ25:OID20602:v1","SLAMF7","GCST90003867","aligned",TRUE,TRUE,"UKB_primary"
"ICOSLG:O75144:OID21351:v1","ICOSLG","GCST90003867","aligned",TRUE,TRUE,"UKB_primary"
"IL4R:P24394:OID20576:v1","IL4R","GCST90003863","aligned",TRUE,TRUE,"UKB_primary"
"LY75:O60449:OID20580:v1","LY75","GCST90003863","aligned",TRUE,TRUE,"UKB_primary"
"SLAMF7:Q9NQ25:OID20602:v1","SLAMF7","GCST90003864","aligned",TRUE,TRUE,"UKB_primary"
"ITGB2:P05107:OID20315:v1","ITGB2","GCST90002441","aligned",TRUE,TRUE,"UKB_primary"
"KIT:P10721:OID20370:v1","KIT","GCST90002440","aligned",TRUE,TRUE,"UKB_primary"
"ENG:P17813:OID20287:v1","ENG","GCST90002438","aligned",TRUE,TRUE,"UKB_primary"
"NOTCH2:Q04721:OID30407:v1","NOTCH2","GCST90002438","aligned",TRUE,TRUE,"UKB_primary"
"CD86:P42081:OID31500:v1","CD86","GCST90003868","aligned",TRUE,TRUE,"UKB_primary"
"IL2RA:P01589:OID20267:v1","IL2RA","GCST90003866","aligned",TRUE,TRUE,"UKB_primary"
"PTPRC:P08575:OID30380:v1","PTPRC","GCST90002436","aligned",TRUE,TRUE,"UKB_primary"
"CD4:P01730:OID20584:v1","CD4","GCST90003870","aligned",TRUE,TRUE,"UKB_primary"
"ICAM1:P05362:OID20411:v1","ICAM1","GCST90003870","aligned",TRUE,TRUE,"UKB_primary"
"NOTCH1:P46531:OID20311:v1","NOTCH1","GCST90002441","aligned",TRUE,TRUE,"UKB_primary"
"IFNGR1:P15260:OID20678:v1","IFNGR1","GCST90002438","aligned",TRUE,TRUE,"UKB_primary"
"CD86:P42081:OID31500:v1","CD86","GCST90002442","aligned",TRUE,TRUE,"UKB_primary"
"ITGB2:P05107:OID20315:v1","ITGB2","GCST90002438","aligned",TRUE,TRUE,"UKB_primary"
"ICOSLG:O75144:OID21351:v1","ICOSLG","GCST90002436","aligned",TRUE,TRUE,"UKB_primary"
"IL4R:P24394:OID20576:v1","IL4R","GCST90002439","aligned",TRUE,TRUE,"UKB_primary"
"CLEC4C:Q8WTT0:OID20547:v1","CLEC4C","GCST90002441","aligned",TRUE,TRUE,"UKB_primary"
"MERTK:Q12866:OID20657:v1","MERTK","GCST90003868","aligned",TRUE,TRUE,"UKB_primary"
"ITGB2:P05107:OID20315:v1","ITGB2","GCST90003866","aligned",TRUE,TRUE,"UKB_primary"
"CD86:P42081:OID31500:v1","CD86","GCST90003864","aligned",TRUE,TRUE,"UKB_primary"
"ITGB7:P26010:OID21393:v1","ITGB7","GCST90003864","aligned",TRUE,TRUE,"UKB_primary"
"IFNGR1:P15260:OID20678:v1","IFNGR1","GCST90003865","aligned",TRUE,TRUE,"UKB_primary"
"MERTK:Q12866:OID20657:v1","MERTK","GCST90002442","aligned",TRUE,TRUE,"UKB_primary"
"CD14:P08571:OID20378:v1","CD14","GCST90003867","aligned",TRUE,TRUE,"UKB_primary"
"TNFRSF9:Q07011:OID20985:v1","TNFRSF9","GCST90003863","aligned",TRUE,TRUE,"UKB_primary"
"SLAMF7:Q9NQ25:OID20602:v1","SLAMF7","GCST90002437","aligned",TRUE,TRUE,"UKB_primary"
"CD200:P41217:OID20603:v1","CD200","GCST90002443","aligned",TRUE,TRUE,"UKB_primary"
"TLR4:O00206:OID30428:v1","TLR4","GCST90002437","aligned",TRUE,TRUE,"UKB_primary"
"ITGB2:P05107:OID20315:v1","ITGB2","GCST90003869","aligned",TRUE,TRUE,"UKB_primary"
"ICAM1:P05362:OID20411:v1","ICAM1","GCST90003867","aligned",TRUE,TRUE,"UKB_primary"
"TFRC:P02786:OID20369:v1","TFRC","GCST90002443","aligned",TRUE,TRUE,"UKB_primary"
"ITGB7:P26010:OID21393:v1","ITGB7","GCST90002441","aligned",TRUE,TRUE,"UKB_primary"
"CLEC4C:Q8WTT0:OID20547:v1","CLEC4C","GCST90002438","aligned",TRUE,TRUE,"UKB_primary"
"NOTCH2:Q04721:OID30407:v1","NOTCH2","GCST90003866","aligned",TRUE,TRUE,"UKB_primary"
"CLEC4C:Q8WTT0:OID20547:v1","CLEC4C","GCST90003863","aligned",TRUE,TRUE,"UKB_primary"
"CLEC4C:Q8WTT0:OID20547:v1","CLEC4C","GCST90002443","aligned",TRUE,TRUE,"UKB_primary"
"CD79B:P40259:OID20635:v1","CD79B","GCST90002440","aligned",TRUE,TRUE,"UKB_primary"
"DPP4:P27487:OID20406:v1","DPP4","GCST90003864","aligned",TRUE,TRUE,"UKB_primary"
"TLR4:O00206:OID30428:v1","TLR4","GCST90003863","aligned",TRUE,TRUE,"UKB_primary"
"TNFRSF9:Q07011:OID20985:v1","TNFRSF9","GCST90002436","aligned",TRUE,TRUE,"UKB_primary"
"FLT3:P36888:OID21272:v1","FLT3","GCST90002440","aligned",TRUE,TRUE,"UKB_primary"
"HLA-DRA:P01903:OID20520:v1","HLA-DRA","GCST90002441","aligned",TRUE,TRUE,"UKB_primary"
"MERTK:Q12866:OID20657:v1","MERTK","GCST90002438","aligned",TRUE,TRUE,"UKB_primary"
"MERTK:Q12866:OID20657:v1","MERTK","GCST90003866","aligned",TRUE,TRUE,"UKB_primary"
"ICOSLG:O75144:OID21351:v1","ICOSLG","GCST90002437","aligned",TRUE,TRUE,"UKB_primary"
"HLA-DRA:P01903:OID20520:v1","HLA-DRA","GCST90003865","aligned",TRUE,TRUE,"UKB_primary"
"CD274:Q9NZQ7:OID20966:v1","CD274","GCST90003863","aligned",TRUE,TRUE,"UKB_primary"
"PDCD1LG2:Q9BQ51:OID21273:v1","PDCD1LG2","GCST90002440","aligned",TRUE,TRUE,"UKB_primary"
"CLEC4C:Q8WTT0:OID20547:v1","CLEC4C","GCST90002437","aligned",TRUE,TRUE,"UKB_primary"
"IL2RA:P01589:OID20267:v1","IL2RA","GCST90002439","aligned",TRUE,TRUE,"UKB_primary"
"ITGB7:P26010:OID21393:v1","ITGB7","GCST90002436","aligned",TRUE,TRUE,"UKB_primary"
"NOTCH2:Q04721:OID30407:v1","NOTCH2","GCST90002436","aligned",TRUE,TRUE,"UKB_primary"
"SLAMF7:Q9NQ25:OID20602:v1","SLAMF7","GCST90003868","aligned",TRUE,TRUE,"UKB_primary"
"NRP1:O14786:OID20390:v1","NRP1","GCST90003863","aligned",TRUE,TRUE,"UKB_primary"
"CD4:P01730:OID20584:v1","CD4","GCST90003865","aligned",TRUE,TRUE,"UKB_primary"
"IFNGR1:P15260:OID20678:v1","IFNGR1","GCST90003867","aligned",TRUE,TRUE,"UKB_primary"
"PTPRC:P08575:OID30380:v1","PTPRC","GCST90002439","aligned",TRUE,TRUE,"UKB_primary"
"IL2RA:P01589:OID20267:v1","IL2RA","GCST90003864","aligned",TRUE,TRUE,"UKB_primary"
"MERTK:Q12866:OID20657:v1","MERTK","GCST90002436","aligned",TRUE,TRUE,"UKB_primary"
"CD22:P20273:OID20637:v1","CD22","GCST90003870","aligned",TRUE,TRUE,"UKB_primary"
"CLEC4C:Q8WTT0:OID20547:v1","CLEC4C","GCST90002440","aligned",TRUE,TRUE,"UKB_primary"
"PTPRC:P08575:OID30380:v1","PTPRC","GCST90002437","aligned",TRUE,TRUE,"UKB_primary"
"TLR4:O00206:OID30428:v1","TLR4","GCST90002441","aligned",TRUE,TRUE,"UKB_primary"
"SLAMF7:Q9NQ25:OID20602:v1","SLAMF7","GCST90002442","aligned",TRUE,TRUE,"UKB_primary"
"ICAM1:P05362:OID20411:v1","ICAM1","GCST90003868","aligned",TRUE,TRUE,"UKB_primary"
"ITGB7:P26010:OID21393:v1","ITGB7","GCST90003865","aligned",TRUE,TRUE,"UKB_primary"
"CD14:P08571:OID20378:v1","CD14","GCST90002441","aligned",TRUE,TRUE,"UKB_primary"
"ITGB7:P26010:OID21393:v1","ITGB7","GCST90002440","aligned",TRUE,TRUE,"UKB_primary"
"MERTK:Q12866:OID20657:v1","MERTK","GCST90002437","aligned",TRUE,TRUE,"UKB_primary"
"CD274:Q9NZQ7:OID20966:v1","CD274","GCST90002440","aligned",TRUE,TRUE,"UKB_primary"
"ICOSLG:O75144:OID21351:v1","ICOSLG","GCST90003863","aligned",TRUE,TRUE,"UKB_primary"
"TNFRSF8:P28908:OID21049:v1","TNFRSF8","GCST90002436","aligned",TRUE,TRUE,"UKB_primary"
"NRP1:O14786:OID20390:v1","NRP1","GCST90002441","aligned",TRUE,TRUE,"UKB_primary"
"CD79B:P40259:OID20635:v1","CD79B","GCST90002442","aligned",TRUE,TRUE,"UKB_primary"
"TNFRSF8:P28908:OID21049:v1","TNFRSF8","GCST90002437","aligned",TRUE,TRUE,"UKB_primary"
"NOTCH1:P46531:OID20311:v1","NOTCH1","GCST90003869","aligned",TRUE,TRUE,"UKB_primary"
"ITGB7:P26010:OID21393:v1","ITGB7","GCST90003866","aligned",TRUE,TRUE,"UKB_primary"
"ITGB2:P05107:OID20315:v1","ITGB2","GCST90003870","aligned",TRUE,TRUE,"UKB_primary"
"IL6R:P08887:OID20385:v1","IL6R","GCST90002439","aligned",TRUE,TRUE,"UKB_primary"
"PDCD1LG2:Q9BQ51:OID21273:v1","PDCD1LG2","GCST90002443","aligned",TRUE,TRUE,"UKB_primary"
"IL6R:P08887:OID20385:v1","IL6R","GCST90003864","aligned",TRUE,TRUE,"UKB_primary"
"NOTCH1:P46531:OID20311:v1","NOTCH1","GCST90003866","aligned",TRUE,TRUE,"UKB_primary"
"NT5E:P21589:OID21498:v1","NT5E","GCST90002437","aligned",TRUE,TRUE,"UKB_primary"
"NRP1:O14786:OID20390:v1","NRP1","GCST90003866","aligned",TRUE,TRUE,"UKB_primary"
"TNFRSF8:P28908:OID21049:v1","TNFRSF8","GCST90002442","aligned",TRUE,TRUE,"UKB_primary"
"PDCD1LG2:Q9BQ51:OID21273:v1","PDCD1LG2","GCST90002436","aligned",TRUE,TRUE,"UKB_primary"
"ICOSLG:O75144:OID21351:v1","ICOSLG","GCST90002440","aligned",TRUE,TRUE,"UKB_primary"
"IL6R:P08887:OID20385:v1","IL6R","GCST90003869","aligned",TRUE,TRUE,"UKB_primary"
"IL6R:P08887:OID20385:v1","IL6R","GCST90002438","aligned",TRUE,TRUE,"UKB_primary"
"NOTCH2:Q04721:OID30407:v1","NOTCH2","GCST90002441","aligned",TRUE,TRUE,"UKB_primary"
"PDCD1LG2:Q9BQ51:OID21273:v1","PDCD1LG2","GCST90003868","aligned",TRUE,TRUE,"UKB_primary"
"IFNGR1:P15260:OID20678:v1","IFNGR1","GCST90002441","aligned",TRUE,TRUE,"UKB_primary"
"MERTK:Q12866:OID20657:v1","MERTK","GCST90003863","aligned",TRUE,TRUE,"UKB_primary"
"NOTCH2:Q04721:OID30407:v1","NOTCH2","GCST90002437","aligned",TRUE,TRUE,"UKB_primary"
"CD22:P20273:OID20637:v1","CD22","GCST90002438","aligned",TRUE,TRUE,"UKB_primary"
"ICAM1:P05362:OID20411:v1","ICAM1","GCST90003869","aligned",TRUE,TRUE,"UKB_primary"
"ICOSLG:O75144:OID21351:v1","ICOSLG","GCST90002439","aligned",TRUE,TRUE,"UKB_primary"
"CD14:P08571:OID20378:v1","CD14","GCST90002437","aligned",TRUE,TRUE,"UKB_primary"
"TNFRSF9:Q07011:OID20985:v1","TNFRSF9","GCST90003865","aligned",TRUE,TRUE,"UKB_primary"
"HLA-DRA:P01903:OID20520:v1","HLA-DRA","GCST90002439","aligned",TRUE,TRUE,"UKB_primary"
"CD22:P20273:OID20637:v1","CD22","GCST90003865","aligned",TRUE,TRUE,"UKB_primary"
"NT5E:P21589:OID21498:v1","NT5E","GCST90003866","aligned",TRUE,TRUE,"UKB_primary"
"HLA-DRA:P01903:OID20520:v1","HLA-DRA","GCST90003869","aligned",TRUE,TRUE,"UKB_primary"
"ICOSLG:O75144:OID21351:v1","ICOSLG","GCST90003866","aligned",TRUE,TRUE,"UKB_primary"
"NOTCH2:Q04721:OID30407:v1","NOTCH2","GCST90002440","aligned",TRUE,TRUE,"UKB_primary"
"CD4:P01730:OID20584:v1","CD4","GCST90003863","aligned",TRUE,TRUE,"UKB_primary"
"CD22:P20273:OID20637:v1","CD22","GCST90003863","aligned",TRUE,TRUE,"UKB_primary"
"ICOSLG:O75144:OID21351:v1","ICOSLG","GCST90002443","aligned",TRUE,TRUE,"UKB_primary"
"CD22:P20273:OID20637:v1","CD22","GCST90003868","aligned",TRUE,TRUE,"UKB_primary"
"HLA-DRA:P01903:OID20520:v1","HLA-DRA","GCST90003863","aligned",TRUE,TRUE,"UKB_primary"
"PTPRC:P08575:OID30380:v1","PTPRC","GCST90003865","aligned",TRUE,TRUE,"UKB_primary"
"ITGB2:P05107:OID20315:v1","ITGB2","GCST90003868","aligned",TRUE,TRUE,"UKB_primary"
"CD86:P42081:OID31500:v1","CD86","GCST90002441","aligned",TRUE,TRUE,"UKB_primary"
"CLEC4C:Q8WTT0:OID20547:v1","CLEC4C","GCST90003864","aligned",TRUE,TRUE,"UKB_primary"
"CD86:P42081:OID31500:v1","CD86","GCST90003867","aligned",TRUE,TRUE,"UKB_primary"
"ITGB2:P05107:OID20315:v1","ITGB2","GCST90003867","aligned",TRUE,TRUE,"UKB_primary"
"MERTK:Q12866:OID20657:v1","MERTK","GCST90003865","aligned",TRUE,TRUE,"UKB_primary"
"CD40:P25942:OID20724:v1","CD40","GCST90002441","aligned",TRUE,TRUE,"UKB_primary"
"FLT3:P36888:OID21272:v1","FLT3","GCST90002439","aligned",TRUE,TRUE,"UKB_primary"
"LY75:O60449:OID20580:v1","LY75","GCST90002440","aligned",TRUE,TRUE,"UKB_primary"
"DPP4:P27487:OID20406:v1","DPP4","GCST90003868","aligned",TRUE,TRUE,"UKB_primary"
"ITGB2:P05107:OID20315:v1","ITGB2","GCST90003863","aligned",TRUE,TRUE,"UKB_primary"
"NOTCH1:P46531:OID20311:v1","NOTCH1","GCST90003867","aligned",TRUE,TRUE,"UKB_primary"
"CD79B:P40259:OID20635:v1","CD79B","GCST90003863","aligned",TRUE,TRUE,"UKB_primary"
"SLAMF7:Q9NQ25:OID20602:v1","SLAMF7","GCST90002443","aligned",TRUE,TRUE,"UKB_primary"
"NT5E:P21589:OID21498:v1","NT5E","GCST90003865","aligned",TRUE,TRUE,"UKB_primary"
"TFRC:P02786:OID20369:v1","TFRC","GCST90002439","aligned",TRUE,TRUE,"UKB_primary"
"IL2RA:P01589:OID20267:v1","IL2RA","GCST90003870","aligned",TRUE,TRUE,"UKB_primary"
"FLT3:P36888:OID21272:v1","FLT3","GCST90002438","aligned",TRUE,TRUE,"UKB_primary"
"FLT3:P36888:OID21272:v1","FLT3","GCST90002441","aligned",TRUE,TRUE,"UKB_primary"
"HLA-DRA:P01903:OID20520:v1","HLA-DRA","GCST90002437","aligned",TRUE,TRUE,"UKB_primary"
"FLT3:P36888:OID21272:v1","FLT3","GCST90003869","aligned",TRUE,TRUE,"UKB_primary"
"CD14:P08571:OID20378:v1","CD14","GCST90002443","aligned",TRUE,TRUE,"UKB_primary"
"FLT3:P36888:OID21272:v1","FLT3","GCST90002436","aligned",TRUE,TRUE,"UKB_primary"
"TNFRSF9:Q07011:OID20985:v1","TNFRSF9","GCST90003866","aligned",TRUE,TRUE,"UKB_primary"
"CD274:Q9NZQ7:OID20966:v1","CD274","GCST90003864","aligned",TRUE,TRUE,"UKB_primary"
"CD200:P41217:OID20603:v1","CD200","GCST90003868","aligned",TRUE,TRUE,"UKB_primary"
"TNFRSF9:Q07011:OID20985:v1","TNFRSF9","GCST90002440","aligned",TRUE,TRUE,"UKB_primary"
"CD79B:P40259:OID20635:v1","CD79B","GCST90002439","aligned",TRUE,TRUE,"UKB_primary"
"FLT3:P36888:OID21272:v1","FLT3","GCST90003868","aligned",TRUE,TRUE,"UKB_primary"
"IL2RA:P01589:OID20267:v1","IL2RA","GCST90002440","aligned",TRUE,TRUE,"UKB_primary"
"CD40:P25942:OID20724:v1","CD40","GCST90003863","aligned",TRUE,TRUE,"UKB_primary"
"ITGB2:P05107:OID20315:v1","ITGB2","GCST90002443","aligned",TRUE,TRUE,"UKB_primary"
"PDCD1LG2:Q9BQ51:OID21273:v1","PDCD1LG2","GCST90003869","aligned",TRUE,TRUE,"UKB_primary"
"TNFRSF8:P28908:OID21049:v1","TNFRSF8","GCST90003870","aligned",TRUE,TRUE,"UKB_primary"
"CD200:P41217:OID20603:v1","CD200","GCST90003866","aligned",TRUE,TRUE,"UKB_primary"
"CD86:P42081:OID31500:v1","CD86","GCST90003870","aligned",TRUE,TRUE,"UKB_primary"
"PDCD1LG2:Q9BQ51:OID21273:v1","PDCD1LG2","GCST90003863","aligned",TRUE,TRUE,"UKB_primary"
"PDCD1LG2:Q9BQ51:OID21273:v1","PDCD1LG2","GCST90003867","aligned",TRUE,TRUE,"UKB_primary"
"DPP4:P27487:OID20406:v1","DPP4","GCST90002442","aligned",TRUE,TRUE,"UKB_primary"
"NRP1:O14786:OID20390:v1","NRP1","GCST90003867","aligned",TRUE,TRUE,"UKB_primary"
"NOTCH2:Q04721:OID30407:v1","NOTCH2","GCST90003869","aligned",TRUE,TRUE,"UKB_primary"
"CD274:Q9NZQ7:OID20966:v1","CD274","GCST90003868","aligned",TRUE,TRUE,"UKB_primary"
"ITGB2:P05107:OID20315:v1","ITGB2","GCST90002442","aligned",TRUE,TRUE,"UKB_primary"
"PTPRC:P08575:OID30380:v1","PTPRC","GCST90002442","aligned",TRUE,TRUE,"UKB_primary"
"FLT3:P36888:OID21272:v1","FLT3","GCST90002443","aligned",TRUE,TRUE,"UKB_primary"
"NT5E:P21589:OID21498:v1","NT5E","GCST90003869","aligned",TRUE,TRUE,"UKB_primary"
"CD22:P20273:OID20637:v1","CD22","GCST90003869","aligned",TRUE,TRUE,"UKB_primary"
"TNFRSF9:Q07011:OID20985:v1","TNFRSF9","GCST90003870","aligned",TRUE,TRUE,"UKB_primary"
"PDCD1LG2:Q9BQ51:OID21273:v1","PDCD1LG2","GCST90002442","aligned",TRUE,TRUE,"UKB_primary"
"CD200:P41217:OID20603:v1","CD200","GCST90003867","aligned",TRUE,TRUE,"UKB_primary"
"CD40:P25942:OID20724:v1","CD40","GCST90003867","aligned",TRUE,TRUE,"UKB_primary"
"IFNGR1:P15260:OID20678:v1","IFNGR1","GCST90003863","aligned",TRUE,TRUE,"UKB_primary"
"DPP4:P27487:OID20406:v1","DPP4","GCST90002439","aligned",TRUE,TRUE,"UKB_primary"
"IL2RA:P01589:OID20267:v1","IL2RA","GCST90002441","aligned",TRUE,TRUE,"UKB_primary"
"PTPRC:P08575:OID30380:v1","PTPRC","GCST90003870","aligned",TRUE,TRUE,"UKB_primary"
"CD274:Q9NZQ7:OID20966:v1","CD274","GCST90002436","aligned",TRUE,TRUE,"UKB_primary"
"PDCD1LG2:Q9BQ51:OID21273:v1","PDCD1LG2","GCST90003865","aligned",TRUE,TRUE,"UKB_primary"
"IFNGR1:P15260:OID20678:v1","IFNGR1","GCST90002440","aligned",TRUE,TRUE,"UKB_primary"
"CD40:P25942:OID20724:v1","CD40","GCST90003869","aligned",TRUE,TRUE,"UKB_primary"
"NRP1:O14786:OID20390:v1","NRP1","GCST90003864","aligned",TRUE,TRUE,"UKB_primary"
"IL4R:P24394:OID20576:v1","IL4R","GCST90003865","aligned",TRUE,TRUE,"UKB_primary"
"NRP1:O14786:OID20390:v1","NRP1","GCST90003869","aligned",TRUE,TRUE,"UKB_primary"
"TFRC:P02786:OID20369:v1","TFRC","GCST90002442","aligned",TRUE,TRUE,"UKB_primary"
"ITGB2:P05107:OID20315:v1","ITGB2","GCST90002440","aligned",TRUE,TRUE,"UKB_primary"
"DPP4:P27487:OID20406:v1","DPP4","GCST90003869","aligned",TRUE,TRUE,"UKB_primary"
"CD274:Q9NZQ7:OID20966:v1","CD274","GCST90002437","aligned",TRUE,TRUE,"UKB_primary"
"CLEC4C:Q8WTT0:OID20547:v1","CLEC4C","GCST90002436","aligned",TRUE,TRUE,"UKB_primary"
"CD86:P42081:OID31500:v1","CD86","GCST90002436","aligned",TRUE,TRUE,"UKB_primary"
"CD14:P08571:OID20378:v1","CD14","GCST90003865","aligned",TRUE,TRUE,"UKB_primary"
"IFNGR1:P15260:OID20678:v1","IFNGR1","GCST90003864","aligned",TRUE,TRUE,"UKB_primary"
"HLA-DRA:P01903:OID20520:v1","HLA-DRA","GCST90003868","aligned",TRUE,TRUE,"UKB_primary"
"SLAMF7:Q9NQ25:OID20602:v1","SLAMF7","GCST90002440","aligned",TRUE,TRUE,"UKB_primary"
"NOTCH1:P46531:OID20311:v1","NOTCH1","GCST90003865","aligned",TRUE,TRUE,"UKB_primary"
"ITGB7:P26010:OID21393:v1","ITGB7","GCST90002443","aligned",TRUE,TRUE,"UKB_primary"
"PTPRC:P08575:OID30380:v1","PTPRC","GCST90002443","aligned",TRUE,TRUE,"UKB_primary"
"IFNGR1:P15260:OID20678:v1","IFNGR1","GCST90003866","aligned",TRUE,TRUE,"UKB_primary"
"CLEC4C:Q8WTT0:OID20547:v1","CLEC4C","GCST90003865","aligned",TRUE,TRUE,"UKB_primary"
"ICOSLG:O75144:OID21351:v1","ICOSLG","GCST90003869","aligned",TRUE,TRUE,"UKB_primary"
"IL4R:P24394:OID20576:v1","IL4R","GCST90002437","aligned",TRUE,TRUE,"UKB_primary"
"FLT3:P36888:OID21272:v1","FLT3","GCST90003866","aligned",TRUE,TRUE,"UKB_primary"
"MERTK:Q12866:OID20657:v1","MERTK","GCST90002443","aligned",TRUE,TRUE,"UKB_primary"
"ITGB7:P26010:OID21393:v1","ITGB7","GCST90003867","aligned",TRUE,TRUE,"UKB_primary"
"ITGB7:P26010:OID21393:v1","ITGB7","GCST90002437","aligned",TRUE,TRUE,"UKB_primary"
"PDCD1LG2:Q9BQ51:OID21273:v1","PDCD1LG2","GCST90002441","aligned",TRUE,TRUE,"UKB_primary"
"NT5E:P21589:OID21498:v1","NT5E","GCST90003864","aligned",TRUE,TRUE,"UKB_primary"
"FLT3:P36888:OID21272:v1","FLT3","GCST90002442","aligned",TRUE,TRUE,"UKB_primary"
"LY75:O60449:OID20580:v1","LY75","GCST90003864","aligned",TRUE,TRUE,"UKB_primary"
"CD274:Q9NZQ7:OID20966:v1","CD274","GCST90002443","aligned",TRUE,TRUE,"UKB_primary"
"ICAM1:P05362:OID20411:v1","ICAM1","GCST90002439","aligned",TRUE,TRUE,"UKB_primary"
"ICAM1:P05362:OID20411:v1","ICAM1","GCST90002438","aligned",TRUE,TRUE,"UKB_primary"
"NRP1:O14786:OID20390:v1","NRP1","GCST90002442","aligned",TRUE,TRUE,"UKB_primary"
"CD14:P08571:OID20378:v1","CD14","GCST90002440","aligned",TRUE,TRUE,"UKB_primary"
"CD86:P42081:OID31500:v1","CD86","GCST90002438","aligned",TRUE,TRUE,"UKB_primary"
"CD40:P25942:OID20724:v1","CD40","GCST90002440","aligned",TRUE,TRUE,"UKB_primary"
"CD274:Q9NZQ7:OID20966:v1","CD274","GCST90003870","aligned",TRUE,TRUE,"UKB_primary"
"PTPRC:P08575:OID30380:v1","PTPRC","GCST90002441","aligned",TRUE,TRUE,"UKB_primary"
"CD274:Q9NZQ7:OID20966:v1","CD274","GCST90003867","aligned",TRUE,TRUE,"UKB_primary"
"CD22:P20273:OID20637:v1","CD22","GCST90002439","aligned",TRUE,TRUE,"UKB_primary"
"CD86:P42081:OID31500:v1","CD86","GCST90002439","aligned",TRUE,TRUE,"UKB_primary"
"CD22:P20273:OID20637:v1","CD22","GCST90003864","aligned",TRUE,TRUE,"UKB_primary"
"ITGB2:P05107:OID20315:v1","ITGB2","GCST90002437","aligned",TRUE,TRUE,"UKB_primary"
"IFNGR1:P15260:OID20678:v1","IFNGR1","GCST90003870","aligned",TRUE,TRUE,"UKB_primary"
"CD274:Q9NZQ7:OID20966:v1","CD274","GCST90002439","aligned",TRUE,TRUE,"UKB_primary"
"NT5E:P21589:OID21498:v1","NT5E","GCST90002438","aligned",TRUE,TRUE,"UKB_primary"
"KIT:P10721:OID20370:v1","KIT","GCST90003865","aligned",TRUE,TRUE,"UKB_primary"
"CD40:P25942:OID20724:v1","CD40","GCST90003865","aligned",TRUE,TRUE,"UKB_primary"
"CD40:P25942:OID20724:v1","CD40","GCST90003868","aligned",TRUE,TRUE,"UKB_primary"
"NOTCH2:Q04721:OID30407:v1","NOTCH2","GCST90003870","aligned",TRUE,TRUE,"UKB_primary"
"ITGB7:P26010:OID21393:v1","ITGB7","GCST90003870","aligned",TRUE,TRUE,"UKB_primary"
"CD4:P01730:OID20584:v1","CD4","GCST90002442","aligned",TRUE,TRUE,"UKB_primary"
"KIT:P10721:OID20370:v1","KIT","GCST90002436","aligned",TRUE,TRUE,"UKB_primary"
"CD4:P01730:OID20584:v1","CD4","GCST90002440","aligned",TRUE,TRUE,"UKB_primary"
"ITGB2:P05107:OID20315:v1","ITGB2","GCST90002436","aligned",TRUE,TRUE,"UKB_primary"
"CD86:P42081:OID31500:v1","CD86","GCST90003863","aligned",TRUE,TRUE,"UKB_primary"
"PDCD1LG2:Q9BQ51:OID21273:v1","PDCD1LG2","GCST90003870","aligned",TRUE,TRUE,"UKB_primary"
"IL4R:P24394:OID20576:v1","IL4R","GCST90002438","aligned",TRUE,TRUE,"UKB_primary"
"CD200:P41217:OID20603:v1","CD200","GCST90003865","aligned",TRUE,TRUE,"UKB_primary"
"LY75:O60449:OID20580:v1","LY75","GCST90002438","aligned",TRUE,TRUE,"UKB_primary"
"IL4R:P24394:OID20576:v1","IL4R","GCST90002443","aligned",TRUE,TRUE,"UKB_primary"
"ITGB7:P26010:OID21393:v1","ITGB7","GCST90003869","aligned",TRUE,TRUE,"UKB_primary"
"TNFRSF8:P28908:OID21049:v1","TNFRSF8","GCST90003868","aligned",TRUE,TRUE,"UKB_primary"
"DPP4:P27487:OID20406:v1","DPP4","GCST90003863","aligned",TRUE,TRUE,"UKB_primary"
"ICOSLG:O75144:OID21351:v1","ICOSLG","GCST90002442","aligned",TRUE,TRUE,"UKB_primary"
"CD274:Q9NZQ7:OID20966:v1","CD274","GCST90002442","aligned",TRUE,TRUE,"UKB_primary"
"SLAMF7:Q9NQ25:OID20602:v1","SLAMF7","GCST90003863","aligned",TRUE,TRUE,"UKB_primary"
"NOTCH2:Q04721:OID30407:v1","NOTCH2","GCST90003863","aligned",TRUE,TRUE,"UKB_primary"
"ICAM1:P05362:OID20411:v1","ICAM1","GCST90003865","aligned",TRUE,TRUE,"UKB_primary"
"CD22:P20273:OID20637:v1","CD22","GCST90003867","aligned",TRUE,TRUE,"UKB_primary"
"TNFRSF8:P28908:OID21049:v1","TNFRSF8","GCST90003865","aligned",TRUE,TRUE,"UKB_primary"
"IL6R:P08887:OID20385:v1","IL6R","GCST90003866","aligned",TRUE,TRUE,"UKB_primary"
"PDCD1LG2:Q9BQ51:OID21273:v1","PDCD1LG2","GCST90003864","aligned",TRUE,TRUE,"UKB_primary"
"TNFRSF8:P28908:OID21049:v1","TNFRSF8","GCST90003869","aligned",TRUE,TRUE,"UKB_primary"
"NT5E:P21589:OID21498:v1","NT5E","GCST90003870","aligned",TRUE,TRUE,"UKB_primary"
"CD79B:P40259:OID20635:v1","CD79B","GCST90002436","aligned",TRUE,TRUE,"UKB_primary"
"DPP4:P27487:OID20406:v1","DPP4","GCST90002438","aligned",TRUE,TRUE,"UKB_primary"
"TNFRSF8:P28908:OID21049:v1","TNFRSF8","GCST90002443","aligned",TRUE,TRUE,"UKB_primary"
"CD274:Q9NZQ7:OID20966:v1","CD274","GCST90002441","aligned",TRUE,TRUE,"UKB_primary"
"TNFRSF9:Q07011:OID20985:v1","TNFRSF9","GCST90002441","aligned",TRUE,TRUE,"UKB_primary"
"ICAM1:P05362:OID20411:v1","ICAM1","GCST90003866","aligned",TRUE,TRUE,"UKB_primary"
"KIT:P10721:OID20370:v1","KIT","GCST90002437","aligned",TRUE,TRUE,"UKB_primary"
"CD4:P01730:OID20584:v1","CD4","GCST90003864","aligned",TRUE,TRUE,"UKB_primary"
"CD79B:P40259:OID20635:v1","CD79B","GCST90002443","aligned",TRUE,TRUE,"UKB_primary"
"TNFRSF9:Q07011:OID20985:v1","TNFRSF9","GCST90002438","aligned",TRUE,TRUE,"UKB_primary"
"SLAMF7:Q9NQ25:OID20602:v1","SLAMF7","GCST90002441","aligned",TRUE,TRUE,"UKB_primary"
"TNFRSF8:P28908:OID21049:v1","TNFRSF8","GCST90003864","aligned",TRUE,TRUE,"UKB_primary"
"KIT:P10721:OID20370:v1","KIT","GCST90003863","aligned",TRUE,TRUE,"UKB_primary"
"CD86:P42081:OID31500:v1","CD86","GCST90002440","aligned",TRUE,TRUE,"UKB_primary"
"TNFRSF8:P28908:OID21049:v1","TNFRSF8","GCST90003867","aligned",TRUE,TRUE,"UKB_primary"
"NOTCH2:Q04721:OID30407:v1","NOTCH2","GCST90002443","aligned",TRUE,TRUE,"UKB_primary"
"TNFRSF9:Q07011:OID20985:v1","TNFRSF9","GCST90003867","aligned",TRUE,TRUE,"UKB_primary"
"ICAM1:P05362:OID20411:v1","ICAM1","GCST90003863","aligned",TRUE,TRUE,"UKB_primary"
"LY75:O60449:OID20580:v1","LY75","GCST90002439","aligned",TRUE,TRUE,"UKB_primary"
"NRP1:O14786:OID20390:v1","NRP1","GCST90002438","aligned",TRUE,TRUE,"UKB_primary"
"FLT3:P36888:OID21272:v1","FLT3","GCST90002437","aligned",TRUE,TRUE,"UKB_primary"
"CD274:Q9NZQ7:OID20966:v1","CD274","GCST90003865","aligned",TRUE,TRUE,"UKB_primary"
"TLR4:O00206:OID30428:v1","TLR4","GCST90002439","aligned",TRUE,TRUE,"UKB_primary"
"IL2RA:P01589:OID20267:v1","IL2RA","GCST90003863","aligned",TRUE,TRUE,"UKB_primary"
"NRP1:O14786:OID20390:v1","NRP1","GCST90002443","aligned",TRUE,TRUE,"UKB_primary"
"CD40:P25942:OID20724:v1","CD40","GCST90002436","aligned",TRUE,TRUE,"UKB_primary"
"TFRC:P02786:OID20369:v1","TFRC","GCST90003868","aligned",TRUE,TRUE,"UKB_primary"
"KIT:P10721:OID20370:v1","KIT","GCST90003867","aligned",TRUE,TRUE,"UKB_primary"
"NOTCH1:P46531:OID20311:v1","NOTCH1","GCST90002439","aligned",TRUE,TRUE,"UKB_primary"
"IL4R:P24394:OID20576:v1","IL4R","GCST90003869","aligned",TRUE,TRUE,"UKB_primary"
"PTPRC:P08575:OID30380:v1","PTPRC","GCST90003868","aligned",TRUE,TRUE,"UKB_primary"
"TLR4:O00206:OID30428:v1","TLR4","GCST90002440","aligned",TRUE,TRUE,"UKB_primary"
"NT5E:P21589:OID21498:v1","NT5E","GCST90002443","aligned",TRUE,TRUE,"UKB_primary"
"FLT3:P36888:OID21272:v1","FLT3","GCST90003867","aligned",TRUE,TRUE,"UKB_primary"
"SLAMF7:Q9NQ25:OID20602:v1","SLAMF7","GCST90002438","aligned",TRUE,TRUE,"UKB_primary"
"CD79B:P40259:OID20635:v1","CD79B","GCST90002437","aligned",TRUE,TRUE,"UKB_primary"
"CD14:P08571:OID20378:v1","CD14","GCST90002436","aligned",TRUE,TRUE,"UKB_primary"
"CD40:P25942:OID20724:v1","CD40","GCST90003870","aligned",TRUE,TRUE,"UKB_primary"
"CD86:P42081:OID31500:v1","CD86","GCST90002443","aligned",TRUE,TRUE,"UKB_primary"
"HLA-DRA:P01903:OID20520:v1","HLA-DRA","GCST90003867","aligned",TRUE,TRUE,"UKB_primary"
"LY75:O60449:OID20580:v1","LY75","GCST90002443","aligned",TRUE,TRUE,"UKB_primary"
"TFRC:P02786:OID20369:v1","TFRC","GCST90002438","aligned",TRUE,TRUE,"UKB_primary"
"CD200:P41217:OID20603:v1","CD200","GCST90002437","aligned",TRUE,TRUE,"UKB_primary"
"TNFRSF9:Q07011:OID20985:v1","TNFRSF9","GCST90003869","aligned",TRUE,TRUE,"UKB_primary"
"CD86:P42081:OID31500:v1","CD86","GCST90002437","aligned",TRUE,TRUE,"UKB_primary"
"CD22:P20273:OID20637:v1","CD22","GCST90003866","aligned",TRUE,TRUE,"UKB_primary"
"PTPRC:P08575:OID30380:v1","PTPRC","GCST90003867","aligned",TRUE,TRUE,"UKB_primary"
"CD4:P01730:OID20584:v1","CD4","GCST90002437","aligned",TRUE,TRUE,"UKB_primary"
"FLT3:P36888:OID21272:v1","FLT3","GCST90003865","aligned",TRUE,TRUE,"UKB_primary"
"CD40:P25942:OID20724:v1","CD40","GCST90003864","aligned",TRUE,TRUE,"UKB_primary"
"CD274:Q9NZQ7:OID20966:v1","CD274","GCST90003866","aligned",TRUE,TRUE,"UKB_primary"
"TLR4:O00206:OID30428:v1","TLR4","GCST90003864","aligned",TRUE,TRUE,"UKB_primary"
"NOTCH2:Q04721:OID30407:v1","NOTCH2","GCST90002442","aligned",TRUE,TRUE,"UKB_primary"
"IL2RA:P01589:OID20267:v1","IL2RA","GCST90002438","aligned",TRUE,TRUE,"UKB_primary"
"IL6R:P08887:OID20385:v1","IL6R","GCST90003870","aligned",TRUE,TRUE,"UKB_primary"
"IFNGR1:P15260:OID20678:v1","IFNGR1","GCST90002437","aligned",TRUE,TRUE,"UKB_primary"
"TNFRSF9:Q07011:OID20985:v1","TNFRSF9","GCST90002443","aligned",TRUE,TRUE,"UKB_primary"
"LY75:O60449:OID20580:v1","LY75","GCST90002436","aligned",TRUE,TRUE,"UKB_primary"
"TLR4:O00206:OID30428:v1","TLR4","GCST90002438","aligned",TRUE,TRUE,"UKB_primary"
"IL4R:P24394:OID20576:v1","IL4R","GCST90003866","aligned",TRUE,TRUE,"UKB_primary"
"KIT:P10721:OID20370:v1","KIT","GCST90003869","aligned",TRUE,TRUE,"UKB_primary"
"FLT3:P36888:OID21272:v1","FLT3","GCST90003864","aligned",TRUE,TRUE,"UKB_primary"
"CD274:Q9NZQ7:OID20966:v1","CD274","GCST90002438","aligned",TRUE,TRUE,"UKB_primary"
"MERTK:Q12866:OID20657:v1","MERTK","GCST90002439","aligned",TRUE,TRUE,"UKB_primary"
"CD4:P01730:OID20584:v1","CD4","GCST90002436","aligned",TRUE,TRUE,"UKB_primary"
"CD14:P08571:OID20378:v1","CD14","GCST90003866","aligned",TRUE,TRUE,"UKB_primary"
"PTPRC:P08575:OID30380:v1","PTPRC","GCST90002438","aligned",TRUE,TRUE,"UKB_primary"
"SLAMF7:Q9NQ25:OID20602:v1","SLAMF7","GCST90002439","aligned",TRUE,TRUE,"UKB_primary"
"CD274:Q9NZQ7:OID20966:v1","CD274","GCST90003869","aligned",TRUE,TRUE,"UKB_primary"
"CD4:P01730:OID20584:v1","CD4","GCST90003866","aligned",TRUE,TRUE,"UKB_primary"
"CD38:P28907:OID21316:v1","CD38","GCST90002438","palindrome_without_outcome_frequency",FALSE,FALSE,"UKB_primary"
"CD38:P28907:OID21316:v1","CD38","GCST90003864","palindrome_without_outcome_frequency",FALSE,FALSE,"UKB_primary"
"CD38:P28907:OID21316:v1","CD38","GCST90002440","palindrome_without_outcome_frequency",FALSE,FALSE,"UKB_primary"
"CD38:P28907:OID21316:v1","CD38","GCST90002441","palindrome_without_outcome_frequency",FALSE,FALSE,"UKB_primary"
"CD38:P28907:OID21316:v1","CD38","GCST90003866","palindrome_without_outcome_frequency",FALSE,FALSE,"UKB_primary"
"CD38:P28907:OID21316:v1","CD38","GCST90002439","palindrome_without_outcome_frequency",FALSE,FALSE,"UKB_primary"
"CD38:P28907:OID21316:v1","CD38","GCST90003869","palindrome_without_outcome_frequency",FALSE,FALSE,"UKB_primary"
"CD38:P28907:OID21316:v1","CD38","GCST90003870","palindrome_without_outcome_frequency",FALSE,FALSE,"UKB_primary"
"CD38:P28907:OID21316:v1","CD38","GCST90002443","palindrome_without_outcome_frequency",FALSE,FALSE,"UKB_primary"
"CD38:P28907:OID21316:v1","CD38","GCST90002437","palindrome_without_outcome_frequency",FALSE,FALSE,"UKB_primary"
"CD38:P28907:OID21316:v1","CD38","GCST90003863","palindrome_without_outcome_frequency",FALSE,FALSE,"UKB_primary"
"CD38:P28907:OID21316:v1","CD38","GCST90003865","palindrome_without_outcome_frequency",FALSE,FALSE,"UKB_primary"
"CD38:P28907:OID21316:v1","CD38","GCST90002442","palindrome_without_outcome_frequency",FALSE,FALSE,"UKB_primary"
"CD38:P28907:OID21316:v1","CD38","GCST90003867","palindrome_without_outcome_frequency",FALSE,FALSE,"UKB_primary"
"CD38:P28907:OID21316:v1","CD38","GCST90002436","palindrome_without_outcome_frequency",FALSE,FALSE,"UKB_primary"
"CD38:P28907:OID21316:v1","CD38","GCST90003868","palindrome_without_outcome_frequency",FALSE,FALSE,"UKB_primary"
"CD70:P32970:OID20599:v1","CD70","GCST90002438","palindrome_without_outcome_frequency",FALSE,FALSE,"UKB_primary"
"CD70:P32970:OID20599:v1","CD70","GCST90002436","palindrome_without_outcome_frequency",FALSE,FALSE,"UKB_primary"
"CD70:P32970:OID20599:v1","CD70","GCST90003863","palindrome_without_outcome_frequency",FALSE,FALSE,"UKB_primary"
"CD70:P32970:OID20599:v1","CD70","GCST90002441","palindrome_without_outcome_frequency",FALSE,FALSE,"UKB_primary"
"CD70:P32970:OID20599:v1","CD70","GCST90002439","palindrome_without_outcome_frequency",FALSE,FALSE,"UKB_primary"
"CD70:P32970:OID20599:v1","CD70","GCST90002437","palindrome_without_outcome_frequency",FALSE,FALSE,"UKB_primary"
"CD70:P32970:OID20599:v1","CD70","GCST90003870","palindrome_without_outcome_frequency",FALSE,FALSE,"UKB_primary"
"CD70:P32970:OID20599:v1","CD70","GCST90003866","palindrome_without_outcome_frequency",FALSE,FALSE,"UKB_primary"
"CD70:P32970:OID20599:v1","CD70","GCST90003864","palindrome_without_outcome_frequency",FALSE,FALSE,"UKB_primary"
"CD70:P32970:OID20599:v1","CD70","GCST90002440","palindrome_without_outcome_frequency",FALSE,FALSE,"UKB_primary"
"CD70:P32970:OID20599:v1","CD70","GCST90003865","palindrome_without_outcome_frequency",FALSE,FALSE,"UKB_primary"
"CD70:P32970:OID20599:v1","CD70","GCST90002443","palindrome_without_outcome_frequency",FALSE,FALSE,"UKB_primary"
"CD70:P32970:OID20599:v1","CD70","GCST90002442","palindrome_without_outcome_frequency",FALSE,FALSE,"UKB_primary"
"CD70:P32970:OID20599:v1","CD70","GCST90003867","palindrome_without_outcome_frequency",FALSE,FALSE,"UKB_primary"
"CD70:P32970:OID20599:v1","CD70","GCST90003868","palindrome_without_outcome_frequency",FALSE,FALSE,"UKB_primary"
"CD70:P32970:OID20599:v1","CD70","GCST90003869","palindrome_without_outcome_frequency",FALSE,FALSE,"UKB_primary"
"CD80:P33681:OID30291:v1","CD80","GCST90003868","palindrome_without_outcome_frequency",FALSE,FALSE,"UKB_primary"
"CD80:P33681:OID30291:v1","CD80","GCST90003866","palindrome_without_outcome_frequency",FALSE,FALSE,"UKB_primary"
"CD80:P33681:OID30291:v1","CD80","GCST90002441","palindrome_without_outcome_frequency",FALSE,FALSE,"UKB_primary"
"CD80:P33681:OID30291:v1","CD80","GCST90003869","palindrome_without_outcome_frequency",FALSE,FALSE,"UKB_primary"
"CD80:P33681:OID30291:v1","CD80","GCST90003867","palindrome_without_outcome_frequency",FALSE,FALSE,"UKB_primary"
"CD80:P33681:OID30291:v1","CD80","GCST90002440","palindrome_without_outcome_frequency",FALSE,FALSE,"UKB_primary"
"CD80:P33681:OID30291:v1","CD80","GCST90003863","palindrome_without_outcome_frequency",FALSE,FALSE,"UKB_primary"
"CD80:P33681:OID30291:v1","CD80","GCST90002442","palindrome_without_outcome_frequency",FALSE,FALSE,"UKB_primary"
"CD80:P33681:OID30291:v1","CD80","GCST90002438","palindrome_without_outcome_frequency",FALSE,FALSE,"UKB_primary"
"CD80:P33681:OID30291:v1","CD80","GCST90003865","palindrome_without_outcome_frequency",FALSE,FALSE,"UKB_primary"
"CD80:P33681:OID30291:v1","CD80","GCST90002436","palindrome_without_outcome_frequency",FALSE,FALSE,"UKB_primary"
"CD80:P33681:OID30291:v1","CD80","GCST90002439","palindrome_without_outcome_frequency",FALSE,FALSE,"UKB_primary"
"CD80:P33681:OID30291:v1","CD80","GCST90002437","palindrome_without_outcome_frequency",FALSE,FALSE,"UKB_primary"
"CD80:P33681:OID30291:v1","CD80","GCST90003864","palindrome_without_outcome_frequency",FALSE,FALSE,"UKB_primary"
"CD80:P33681:OID30291:v1","CD80","GCST90003870","palindrome_without_outcome_frequency",FALSE,FALSE,"UKB_primary"
"CD80:P33681:OID30291:v1","CD80","GCST90002443","palindrome_without_outcome_frequency",FALSE,FALSE,"UKB_primary"
"FASLG:P48023:OID20665:v1","FASLG","GCST90003869","palindrome_without_outcome_frequency",FALSE,FALSE,"UKB_primary"
"FASLG:P48023:OID20665:v1","FASLG","GCST90003870","palindrome_without_outcome_frequency",FALSE,FALSE,"UKB_primary"
"FASLG:P48023:OID20665:v1","FASLG","GCST90003863","palindrome_without_outcome_frequency",FALSE,FALSE,"UKB_primary"
"FASLG:P48023:OID20665:v1","FASLG","GCST90003868","palindrome_without_outcome_frequency",FALSE,FALSE,"UKB_primary"
"FASLG:P48023:OID20665:v1","FASLG","GCST90002440","palindrome_without_outcome_frequency",FALSE,FALSE,"UKB_primary"
"FASLG:P48023:OID20665:v1","FASLG","GCST90002442","palindrome_without_outcome_frequency",FALSE,FALSE,"UKB_primary"
"FASLG:P48023:OID20665:v1","FASLG","GCST90002443","palindrome_without_outcome_frequency",FALSE,FALSE,"UKB_primary"
"FASLG:P48023:OID20665:v1","FASLG","GCST90002441","palindrome_without_outcome_frequency",FALSE,FALSE,"UKB_primary"
"FASLG:P48023:OID20665:v1","FASLG","GCST90002439","palindrome_without_outcome_frequency",FALSE,FALSE,"UKB_primary"
"FASLG:P48023:OID20665:v1","FASLG","GCST90003867","palindrome_without_outcome_frequency",FALSE,FALSE,"UKB_primary"
"FASLG:P48023:OID20665:v1","FASLG","GCST90003865","palindrome_without_outcome_frequency",FALSE,FALSE,"UKB_primary"
"FASLG:P48023:OID20665:v1","FASLG","GCST90003866","palindrome_without_outcome_frequency",FALSE,FALSE,"UKB_primary"
"FASLG:P48023:OID20665:v1","FASLG","GCST90003864","palindrome_without_outcome_frequency",FALSE,FALSE,"UKB_primary"
"FASLG:P48023:OID20665:v1","FASLG","GCST90002437","palindrome_without_outcome_frequency",FALSE,FALSE,"UKB_primary"
"FASLG:P48023:OID20665:v1","FASLG","GCST90002436","palindrome_without_outcome_frequency",FALSE,FALSE,"UKB_primary"
"FASLG:P48023:OID20665:v1","FASLG","GCST90002438","palindrome_without_outcome_frequency",FALSE,FALSE,"UKB_primary"
"ITGA2:P17301:OID30570:v1","ITGA2","GCST90002436","indel_or_nonSNV",FALSE,FALSE,"UKB_primary"
"ITGAL:P20701:OID30537:v1","ITGAL","GCST90002441","palindrome_without_outcome_frequency",FALSE,FALSE,"UKB_primary"
"ITGAL:P20701:OID30537:v1","ITGAL","GCST90002436","palindrome_without_outcome_frequency",FALSE,FALSE,"UKB_primary"
"ITGAL:P20701:OID30537:v1","ITGAL","GCST90002440","palindrome_without_outcome_frequency",FALSE,FALSE,"UKB_primary"
"ITGAL:P20701:OID30537:v1","ITGAL","GCST90002437","palindrome_without_outcome_frequency",FALSE,FALSE,"UKB_primary"
"ITGAL:P20701:OID30537:v1","ITGAL","GCST90002438","palindrome_without_outcome_frequency",FALSE,FALSE,"UKB_primary"
"ITGAL:P20701:OID30537:v1","ITGAL","GCST90003866","palindrome_without_outcome_frequency",FALSE,FALSE,"UKB_primary"
"ITGAL:P20701:OID30537:v1","ITGAL","GCST90002439","palindrome_without_outcome_frequency",FALSE,FALSE,"UKB_primary"
"ITGAL:P20701:OID30537:v1","ITGAL","GCST90003869","palindrome_without_outcome_frequency",FALSE,FALSE,"UKB_primary"
"ITGAL:P20701:OID30537:v1","ITGAL","GCST90002442","palindrome_without_outcome_frequency",FALSE,FALSE,"UKB_primary"
"ITGAL:P20701:OID30537:v1","ITGAL","GCST90003863","palindrome_without_outcome_frequency",FALSE,FALSE,"UKB_primary"
"ITGAL:P20701:OID30537:v1","ITGAL","GCST90003870","palindrome_without_outcome_frequency",FALSE,FALSE,"UKB_primary"
"ITGAL:P20701:OID30537:v1","ITGAL","GCST90002443","palindrome_without_outcome_frequency",FALSE,FALSE,"UKB_primary"
"ITGAL:P20701:OID30537:v1","ITGAL","GCST90003864","palindrome_without_outcome_frequency",FALSE,FALSE,"UKB_primary"
"ITGAL:P20701:OID30537:v1","ITGAL","GCST90003867","palindrome_without_outcome_frequency",FALSE,FALSE,"UKB_primary"
"ITGAL:P20701:OID30537:v1","ITGAL","GCST90003865","palindrome_without_outcome_frequency",FALSE,FALSE,"UKB_primary"
"ITGAL:P20701:OID30537:v1","ITGAL","GCST90003868","palindrome_without_outcome_frequency",FALSE,FALSE,"UKB_primary"
