reference_version,state,n,spearman,RMSE,mean_true,mean_estimated,quality_pass
spatial_subtype_20261003,B_background,400,0.47951115564627,0.0846558161851154,0.0627164065744558,0.0632529983855431,False
spatial_subtype_20261003,DA_neuron,400,0.613221869176664,0.0639415560156757,0.0588335549106263,0.0757142958059051,True
spatial_subtype_20261003,Endothelial,400,0.659214435452629,0.043066175038789,0.0584170492407544,0.0625127467440481,True
spatial_subtype_20261003,Mono_macro,400,0.245046975777946,0.134247305146077,0.0702808729841026,0.0366937275236075,False
spatial_subtype_20261003,NK_background,400,0.57849909864017,0.0652631691715675,0.0568479605502098,0.0637897123595014,True
spatial_subtype_20261003,Neuron_other,400,0.500592759828427,0.0990612532303931,0.0621827060358994,0.031665069606181,True
spatial_subtype_20261003,OPC,400,0.66822853647741,0.070764247332958,0.0759729477094372,0.0961399444679204,True
spatial_subtype_20261003,Oligodendrocyte,400,0.753225779605253,0.0290239412162072,0.0672042383820979,0.0673303434308856,True
spatial_subtype_20261003,Pericyte,400,0.629157674668267,0.0549287203435685,0.0671528696381034,0.0554544069645124,True
spatial_subtype_20261003,T_CD4_background,400,0.407730228861634,0.112552327824539,0.0611039661199797,0.0568374504982407,False
spatial_subtype_20261003,T_CD8_background,400,0.253775540096499,0.13726100975487,0.0611737395818429,0.0408702034527791,False
spatial_subtype_20261003,astro,400,0.776701874804038,0.0630726283969634,0.109382870233814,0.104842880788302,True
spatial_subtype_20261003,microglia_homeostatic,400,0.481081132991387,0.147139408723889,0.0990121657338312,0.107512269758439,False
spatial_subtype_20261003,microglia_mhc2,400,0.363213112213215,0.200049880567611,0.0897186523048459,0.137383950214134,False
spatial_subtype_markerpanel_20261003,B_background,400,0.720512192391248,0.0682330247394018,0.0627164065744558,0.0387555832672116,True
spatial_subtype_markerpanel_20261003,DA_neuron,400,0.665211479798878,0.057343179156578,0.0588335549106263,0.0803423195672209,True
spatial_subtype_markerpanel_20261003,Endothelial,400,0.638863590642889,0.052997601420404,0.0584170492407544,0.0663940060522865,True
spatial_subtype_markerpanel_20261003,Mono_macro,400,0.423031458669704,0.131946098478833,0.0702808729841026,0.0622735348412671,False
spatial_subtype_markerpanel_20261003,NK_background,400,0.668995814007258,0.0501735806376577,0.0568479605502098,0.0564033160966123,True
spatial_subtype_markerpanel_20261003,Neuron_other,400,0.466242140640124,0.0794996711319214,0.0621827060358994,0.0471943024895526,False
spatial_subtype_markerpanel_20261003,OPC,400,0.659155906417025,0.0765193704694221,0.0759729477094372,0.0883107037683789,True
spatial_subtype_markerpanel_20261003,Oligodendrocyte,400,0.749483629246844,0.0435278459183335,0.0672042383820979,0.0676388088831105,True
spatial_subtype_markerpanel_20261003,Pericyte,400,0.610582275399567,0.0598568287779225,0.0671528696381034,0.0598852369079666,True
spatial_subtype_markerpanel_20261003,T_CD4_background,400,0.526975303902529,0.115356589341574,0.0611039661199797,0.0955047358638406,True
spatial_subtype_markerpanel_20261003,T_CD8_background,400,0.376145427068517,0.111768133253406,0.0611737395818429,0.0417774462029644,False
spatial_subtype_markerpanel_20261003,astro,400,0.734819768349647,0.0813963296139196,0.109382870233814,0.0954762277833921,True
spatial_subtype_markerpanel_20261003,microglia_homeostatic,400,0.476390864762192,0.146381123257369,0.0990121657338312,0.0977871572301518,False
spatial_subtype_markerpanel_20261003,microglia_mhc2,400,0.228830299353557,0.198010672259483,0.0897186523048459,0.102256621046044,False
spatial_subtype_paired_markers_20261003,B_background,400,0.72465421335899,0.0684818440168217,0.0627164065744558,0.0392505112281431,True
spatial_subtype_paired_markers_20261003,DA_neuron,400,0.665040785861812,0.053739365868767,0.0588335549106263,0.0781442462300429,True
spatial_subtype_paired_markers_20261003,Endothelial,400,0.629394399793557,0.050509147849374,0.0584170492407544,0.0640275086093157,True
spatial_subtype_paired_markers_20261003,Mono_macro,400,0.392257226679188,0.128371152177834,0.0702808729841026,0.0596651885228547,False
spatial_subtype_paired_markers_20261003,NK_background,400,0.6750395037181,0.0508677612725453,0.0568479605502098,0.0581059946393782,True
spatial_subtype_paired_markers_20261003,Neuron_other,400,0.497632187622162,0.0704851950094979,0.0621827060358994,0.0477480516407137,False
spatial_subtype_paired_markers_20261003,OPC,400,0.685131061436723,0.0665594776602662,0.0759729477094372,0.0901551976682516,True
spatial_subtype_paired_markers_20261003,Oligodendrocyte,400,0.748345057758283,0.0412690428497386,0.0672042383820979,0.0695060069455925,True
spatial_subtype_paired_markers_20261003,Pericyte,400,0.611666761370082,0.0578017260556209,0.0671528696381034,0.0571931118638497,True
spatial_subtype_paired_markers_20261003,T_CD4_background,400,0.533525952745567,0.114903790184445,0.0611039661199797,0.0969765281319128,True
spatial_subtype_paired_markers_20261003,T_CD8_background,400,0.333030754037095,0.109456278074277,0.0611737395818429,0.0405959930604046,False
spatial_subtype_paired_markers_20261003,astro,400,0.728281316724542,0.0804372255201293,0.109382870233814,0.094521748020339,True
spatial_subtype_paired_markers_20261003,microglia_homeostatic,400,0.436997564573201,0.152493565192781,0.0990121657338312,0.0940098936902364,False
spatial_subtype_paired_markers_20261003,microglia_mhc2,400,0.306911387261651,0.186971691119938,0.0897186523048459,0.110100019748965,False
spatial_subtype_corrected_20261003,B_background,400,0.721234478692234,0.059924566583879,0.0627164065744558,0.0415668653603195,True
spatial_subtype_corrected_20261003,DA_neuron,400,0.667451149440874,0.0530301606269449,0.0588335549106263,0.0779124937081868,True
spatial_subtype_corrected_20261003,Endothelial,400,0.644308721430646,0.0480388874983018,0.0584170492407544,0.0629557774551923,True
spatial_subtype_corrected_20261003,Mono_macro,400,0.42726090255653,0.12405093234882,0.0702808729841026,0.0665839445128327,False
spatial_subtype_corrected_20261003,NK_background,400,0.676699970016496,0.0494026583048529,0.0568479605502098,0.0581407094904405,True
spatial_subtype_corrected_20261003,Neuron_other,400,0.498108084494651,0.0703649169530595,0.0621827060358994,0.0476867090078542,False
spatial_subtype_corrected_20261003,OPC,400,0.684671669568765,0.0666109439281295,0.0759729477094372,0.0895912529338524,True
spatial_subtype_corrected_20261003,Oligodendrocyte,400,0.743608661874651,0.0420809290171794,0.0672042383820979,0.0697073878754603,True
spatial_subtype_corrected_20261003,Pericyte,400,0.614664138187611,0.0584119983682752,0.0671528696381034,0.0566529230436104,True
spatial_subtype_corrected_20261003,T_CD4_background,400,0.530536823913156,0.110772278572414,0.0611039661199797,0.0965370822836913,True
spatial_subtype_corrected_20261003,T_CD8_background,400,0.349074607557352,0.106422406519245,0.0611737395818429,0.0400833216566854,False
spatial_subtype_corrected_20261003,astro,400,0.725526039006345,0.0795148063801877,0.109382870233814,0.0935009977551229,True
spatial_subtype_corrected_20261003,microglia_homeostatic,400,0.4696605551713,0.144875675951001,0.0990121657338312,0.0952221779119401,False
spatial_subtype_corrected_20261003,microglia_mhc2,400,0.331726400534255,0.177309120734736,0.0897186523048459,0.103858357004811,False
spatial_subtype_author_20261003,BAM,400,0.731319812881823,0.0633796445491639,0.0706175067625048,0.090363356549587,True
spatial_subtype_author_20261003,Endothelial,400,0.744033180870073,0.0591039075537712,0.0875854439609483,0.0949858174880374,True
spatial_subtype_author_20261003,OPC,400,0.596974978085818,0.0815193846307931,0.0819755282554813,0.0856459461953578,True
spatial_subtype_author_20261003,Oligo,400,0.741461094876709,0.0623055992064964,0.0882945315010665,0.113650421783662,True
spatial_subtype_author_20261003,Tcells,400,0.521866222061876,0.0935215805981066,0.0734157087341208,0.0491985864918724,True
spatial_subtype_author_20261003,astro_fibrous,400,0.599625603468405,0.123130673768287,0.109948108216099,0.0987676418994159,True
spatial_subtype_author_20261003,astro_protoplasmic,400,0.473113021501245,0.153175921844122,0.109550123789205,0.137198400544241,False
spatial_subtype_author_20261003,microglia_homeostatic,400,0.178062831943093,0.168164838263759,0.0872114840889352,0.0154631648996718,False
spatial_subtype_author_20261003,microglia_mhc2,400,0.599092848064432,0.105216663666243,0.0881602421526512,0.102924692802734,True
spatial_subtype_author_20261003,neuron_GABAergic,400,0.555115939876075,0.0726125561757501,0.0650444881863855,0.0794507802719884,True
spatial_subtype_author_20261003,neuron_MEG3,400,0.556533643672205,0.0688120780852612,0.0670958348249711,0.0667532960233623,True
spatial_subtype_author_20261003,neuron_dopaminergic,400,0.668402672620179,0.0577247010338551,0.0711009995276316,0.06559789505007,True
