readout,method,seed,axis,blood_state,brain_state,mmd,mean_mse,energy_per_sqrt_gene,variance_ratio,condition_aware_rho,condition_aware_delta_mse,condition_aware_predicted_rms,condition_aware_observed_rms,condition_aware_n_blood_PD,condition_aware_n_blood_control,condition_aware_n_brain_PD,condition_aware_n_brain_control,fixed_control_rho,fixed_control_delta_mse,fixed_control_predicted_rms,fixed_control_observed_rms,fixed_control_n_blood_PD,fixed_control_n_blood_control,fixed_control_n_brain_PD,fixed_control_n_brain_control,fixed_PD_rho,fixed_PD_delta_mse,fixed_PD_predicted_rms,fixed_PD_observed_rms,fixed_PD_n_blood_PD,fixed_PD_n_blood_control,fixed_PD_n_brain_PD,fixed_PD_n_brain_control,raw_mean_mse,raw_energy_per_sqrt_gene,raw_mmd,raw_variance_ratio
validation_calibrated_shared,periscope,42,cDC__astro,cDC,astro,0.048870275389694,0.0234377757514847,0.0476276466199949,0.8025419928410964,0.2508846260266827,0.0074965518255847,0.0760132432507977,0.0895556211471557,1,1,3,2,0.0066515368865438,0.0080227538706549,0.0032484928506273,0.0895556211471557,1,1,3,2,-0.0263105517273404,0.0079643875208306,0.0038667965163591,0.0895556211471557,1,1,3,2,,,,
validation_calibrated_shared,ot_ridge,42,cDC__astro,cDC,astro,0.0399652174110637,0.0166055006824135,0.0387422461175593,0.7910079188786592,-0.1455318254310875,0.0088673807851026,0.0220049939097065,0.0895556211471557,1,1,3,2,0.2828035903166224,0.0079883111712467,0.0010383312767972,0.0895556211471557,1,1,3,2,0.238243538019877,0.0079199695137925,0.0102448295141628,0.0895556211471557,1,1,3,2,,,,
validation_calibrated_shared,conditional_mlp,42,cDC__astro,cDC,astro,0.0464468406140795,0.0226272527968141,0.0455315437239443,0.8287451110055264,0.2972702424731586,0.0070979654387353,0.0776445472381312,0.0895556211471557,1,1,3,2,-0.0672404921816704,0.0079804267856021,0.023477453408778,0.0895556211471557,1,1,3,2,0.0330170975526156,0.0076125475331275,0.020127714170577,0.0895556211471557,1,1,3,2,,,,
validation_calibrated_shared,conditional_icnn,42,cDC__astro,cDC,astro,0.0515783342903007,0.0253791491666787,0.0503256027370712,0.7973801498723482,0.2228026853312075,0.0069401634359654,0.0668070458377571,0.0895556211471557,1,1,3,2,-0.0914866119155506,0.0080428135834958,0.0105428434588758,0.0895556211471557,1,1,3,2,-0.2154670482656132,0.0082618562411534,0.0066005448072566,0.0895556211471557,1,1,3,2,,,,
validation_calibrated_shared,shared_label_mean,42,cDC__astro,cDC,astro,0.0414089285936678,0.0164233792068336,0.0398228290341868,0.7751815151323703,-0.0904417893918527,0.0083545646719862,0.012676112763215,0.0895556211471557,1,1,3,2,,0.0080202085211419,0.0,0.0895556211471557,1,1,3,2,,0.0080202085211419,0.0,0.0895556211471557,1,1,3,2,,,,
validation_calibrated_shared,shared_label_marginal,42,cDC__astro,cDC,astro,0.0362140328071475,0.016380049580219,0.0354815372227793,0.9575079174736868,0.1863769062789978,0.008025547434318,0.0168897259054376,0.0895556211471557,1,1,3,2,,0.0080202085211419,0.0,0.0895556211471557,1,1,3,2,,0.0080202085211419,0.0,0.0895556211471557,1,1,3,2,,,,
validation_calibrated_shared,periscope,42,cDC__microglia_mhc2,cDC,microglia_mhc2,0.0452770240266952,0.0258390674467127,0.0482200302381875,1.0861534754747784,0.1869737769409846,0.020209822538632,0.0932250371364376,0.1144790574908256,1,1,3,2,0.0474928356356385,0.0130749351517765,0.005136556825028,0.1144790574908256,1,1,3,2,0.0042102584982217,0.0132140314703842,0.0054818644780072,0.1144790574908256,1,1,3,2,,,,
validation_calibrated_shared,ot_ridge,42,cDC__microglia_mhc2,cDC,microglia_mhc2,0.0390822103188504,0.0219462140579755,0.0420723806791841,1.0417591163187276,0.3157300083642227,0.0126647284125083,0.0100811736015523,0.1144790574908256,1,1,3,2,-0.1034382197303272,0.0131115199774362,0.0004330035078519,0.1144790574908256,1,1,3,2,-0.0357549608397194,0.0131050105780849,0.0002478009076148,0.1144790574908256,1,1,3,2,,,,
validation_calibrated_shared,conditional_mlp,42,cDC__microglia_mhc2,cDC,microglia_mhc2,0.043143930207857,0.0245260641560938,0.0460889855354481,1.120046946642717,0.1887928682302446,0.0217106689165064,0.1068955279100816,0.1144790574908256,1,1,3,2,-0.0371881911380941,0.0137713761682257,0.0249703571764892,0.1144790574908256,1,1,3,2,0.0944427782967429,0.0135480918352847,0.0293388042776145,0.1144790574908256,1,1,3,2,,,,
validation_calibrated_shared,conditional_icnn,42,cDC__microglia_mhc2,cDC,microglia_mhc2,0.0456535891549994,0.0261414912811315,0.0486022966723413,1.1064145117801465,0.1902115870709442,0.0167525297247319,0.0739960431912336,0.1144790574908256,1,1,3,2,0.0727245292769123,0.0133824716646017,0.0156295178518071,0.1144790574908256,1,1,3,2,0.1433379416352434,0.0132929306615247,0.0200985544536963,0.1144790574908256,1,1,3,2,,,,
validation_calibrated_shared,shared_label_mean,42,cDC__microglia_mhc2,cDC,microglia_mhc2,0.0390884486155995,0.0219492759619313,0.0420788518013073,1.0417198834762882,0.3136979670814983,0.0126538788916466,0.0102972668228444,0.1144790574908256,1,1,3,2,,0.0131054536581549,0.0,0.1144790574908256,1,1,3,2,,0.0131054536581549,0.0,0.1144790574908256,1,1,3,2,,,,
validation_calibrated_shared,shared_label_marginal,42,cDC__microglia_mhc2,cDC,microglia_mhc2,0.0390643939230642,0.0219692972221014,0.042051044791294,1.0504330185896107,0.3157729110189672,0.0126697373754303,0.0091136699170963,0.1144790574908256,1,1,3,2,,0.0131054536581549,0.0,0.1144790574908256,1,1,3,2,,0.0131054536581549,0.0,0.1144790574908256,1,1,3,2,,,,
validation_calibrated_shared,periscope,42,classical_mono__astro,classical_mono,astro,0.0488493070151369,0.0251267714185547,0.0495197933769548,0.8054668736995823,0.2676572088009265,0.0073140857819902,0.0737136020584873,0.0895556211471557,1,1,3,2,0.0079660955842793,0.0081452500153848,0.0072478131583627,0.0895556211471557,1,1,3,2,0.0709074489157941,0.0079916710282054,0.0076091528790207,0.0895556211471557,1,1,3,2,,,,
validation_calibrated_shared,ot_ridge,42,classical_mono__astro,classical_mono,astro,0.0377434890470321,0.0164022825462666,0.0383685335924611,0.789550821196379,-0.1315153783655893,0.0091157166552569,0.0258950364567581,0.0895556211471557,1,1,3,2,0.288233803409772,0.0079470480751402,0.0032986084740763,0.0895556211471557,1,1,3,2,0.1752075055885046,0.0079817338571982,0.0161694190109928,0.0895556211471557,1,1,3,2,,,,
validation_calibrated_shared,conditional_mlp,42,classical_mono__astro,classical_mono,astro,0.0445470174314496,0.0226638681281976,0.0452859027773835,0.8284020547845612,0.3191707440852457,0.0068666317169438,0.0766887467093083,0.0895556211471557,1,1,3,2,-0.0508341778415424,0.0078155293275985,0.0159453489663615,0.0895556211471557,1,1,3,2,0.1532167877605364,0.0074436616344561,0.0141177720803147,0.0895556211471557,1,1,3,2,,,,
validation_calibrated_shared,conditional_icnn,42,classical_mono__astro,classical_mono,astro,0.0482381278518843,0.0245776858739063,0.0488339827994223,0.8034936963273527,0.2276976361973506,0.0067029413858687,0.0596211370630647,0.0895556211471557,1,1,3,2,-0.0731065465666282,0.0081086689061183,0.0081356308119222,0.0895556211471557,1,1,3,2,-0.2430470315223859,0.0082915083419173,0.0049781407411753,0.0895556211471557,1,1,3,2,,,,
validation_calibrated_shared,shared_label_mean,42,classical_mono__astro,classical_mono,astro,0.039389401269924,0.0163443317779031,0.0398257051917464,0.7665363387728664,-0.0523512300613135,0.0087588232718384,0.0217211675033558,0.0895556211471557,1,1,3,2,,0.0080202085211419,0.0,0.0895556211471557,1,1,3,2,,0.0080202085211419,0.0,0.0895556211471557,1,1,3,2,,,,
validation_calibrated_shared,shared_label_marginal,42,classical_mono__astro,classical_mono,astro,0.0345858096472007,0.0163798945742115,0.0353493131283462,0.9745585043461708,-0.0132928867553149,0.0094169518630236,0.0345251982009099,0.0895556211471557,1,1,3,2,,0.0080202085211419,0.0,0.0895556211471557,1,1,3,2,,0.0080202085211419,0.0,0.0895556211471557,1,1,3,2,,,,
validation_calibrated_shared,periscope,42,classical_mono__microglia_mhc2,classical_mono,microglia_mhc2,0.0446258991076573,0.0252920053839847,0.0474112213743809,1.0636573347211766,0.1854523405772016,0.0202597992190439,0.0928150018492164,0.1144790574908256,1,1,3,2,0.063558472696395,0.013133440516775,0.0050621942892557,0.1144790574908256,1,1,3,2,-0.0406371221437735,0.0133497316663409,0.0072022482954423,0.1144790574908256,1,1,3,2,,,,
validation_calibrated_shared,ot_ridge,42,classical_mono__microglia_mhc2,classical_mono,microglia_mhc2,0.0392768405983812,0.0219079889159299,0.0421302712647436,1.0154842220418012,0.3158798752475287,0.0126754828947392,0.0092724051967312,0.1144790574908256,1,1,3,2,-0.1000271947617757,0.0131202317485557,0.0010635976542722,0.1144790574908256,1,1,3,2,-0.0636932940380766,0.0131082740600628,0.0005477666145581,0.1144790574908256,1,1,3,2,,,,
validation_calibrated_shared,conditional_mlp,42,classical_mono__microglia_mhc2,classical_mono,microglia_mhc2,0.0421571437769644,0.0237463760569742,0.0449340698961834,1.1026577189959508,0.2027545192384052,0.0213249241660388,0.1066803271677246,0.1144790574908256,1,1,3,2,-0.05611558723478,0.013532729572254,0.0215280023565892,0.1144790574908256,1,1,3,2,0.0250141258748458,0.0133289733375293,0.0237898417597196,0.1144790574908256,1,1,3,2,,,,
validation_calibrated_shared,conditional_icnn,42,classical_mono__microglia_mhc2,classical_mono,microglia_mhc2,0.0438441087665962,0.0247848263627041,0.0466050160581664,1.08426849832223,0.182433163507839,0.0175027568216504,0.0779839124700694,0.1144790574908256,1,1,3,2,0.0943396198807295,0.0135587175630941,0.0159656310407624,0.1144790574908256,1,1,3,2,0.1391411273870565,0.013446914741046,0.021258294722526,0.1144790574908256,1,1,3,2,,,,
validation_calibrated_shared,shared_label_mean,42,classical_mono__microglia_mhc2,classical_mono,microglia_mhc2,0.0392893250462662,0.0219158587816254,0.0421433948469155,1.0154795902413452,0.3174837577893046,0.0126793356051205,0.009249435925713,0.1144790574908256,1,1,3,2,,0.0131054536581549,0.0,0.1144790574908256,1,1,3,2,,0.0131054536581549,0.0,0.1144790574908256,1,1,3,2,,,,
validation_calibrated_shared,shared_label_marginal,42,classical_mono__microglia_mhc2,classical_mono,microglia_mhc2,0.0391878569790858,0.0218912544377694,0.0420430490443397,1.0228597742250345,0.2791554986293832,0.0127028852754458,0.0082965280192228,0.1144790574908256,1,1,3,2,,0.0131054536581549,0.0,0.1144790574908256,1,1,3,2,,0.0131054536581549,0.0,0.1144790574908256,1,1,3,2,,,,
validation_calibrated_shared,periscope,42,nonclassical_mono__astro,nonclassical_mono,astro,0.0492847855332945,0.0262333870664334,0.0492103725589304,0.8676869363411724,0.2673907529826086,0.0073559112417083,0.0738332352569197,0.0895556211471557,1,1,3,2,0.0477518087376515,0.0080642508492538,0.0061690708487961,0.0895556211471557,1,1,3,2,0.0515652633631022,0.0079664062610821,0.0059458412270967,0.0895556211471557,1,1,3,2,,,,
validation_calibrated_shared,ot_ridge,42,nonclassical_mono__astro,nonclassical_mono,astro,0.0377281307460577,0.0172865353539037,0.0374632687953971,0.8628859472690338,0.0551944400371171,0.0080056694970453,0.0040721790023117,0.0895556211471557,1,1,3,2,0.2701643698875105,0.0079023712816273,0.007734603072388,0.0895556211471557,1,1,3,2,0.2992004137786053,0.0079166116552818,0.0062431984947632,0.0895556211471557,1,1,3,2,,,,
validation_calibrated_shared,conditional_mlp,42,nonclassical_mono__astro,nonclassical_mono,astro,0.043138923765879,0.0225270835378787,0.0433268673567738,0.8877987618346606,0.377717142095208,0.0067261183809662,0.0769903119574344,0.0895556211471557,1,1,3,2,0.1126348041092206,0.0075065864085103,0.0115211506030231,0.0895556211471557,1,1,3,2,0.2525452579018706,0.0071913517623444,0.012404746472062,0.0895556211471557,1,1,3,2,,,,
validation_calibrated_shared,conditional_icnn,42,nonclassical_mono__astro,nonclassical_mono,astro,0.0521235683739603,0.0283475895237656,0.0520666920460373,0.8582886031444519,0.2641769977862011,0.0065374625921611,0.0634651344616595,0.0895556211471557,1,1,3,2,0.0430423420595457,0.0077953232945161,0.0062762262128252,0.0895556211471557,1,1,3,2,-0.0149419986261245,0.0079848950134457,0.0037954091081476,0.0895556211471557,1,1,3,2,,,,
validation_calibrated_shared,shared_label_mean,42,nonclassical_mono__astro,nonclassical_mono,astro,0.0389262217862659,0.017061262025562,0.0383670918615545,0.8408036448973063,-0.0276702902713605,0.008167966149669,0.0088306262315859,0.0895556211471557,1,1,3,2,,0.0080202085211419,0.0,0.0895556211471557,1,1,3,2,,0.0080202085211419,0.0,0.0895556211471557,1,1,3,2,,,,
validation_calibrated_shared,shared_label_marginal,42,nonclassical_mono__astro,nonclassical_mono,astro,0.0357074561173653,0.0171014523030971,0.0355474490699504,1.049879724446686,-0.0130825204884916,0.0086226340544538,0.0211013846913139,0.0895556211471557,1,1,3,2,,0.0080202085211419,0.0,0.0895556211471557,1,1,3,2,,0.0080202085211419,0.0,0.0895556211471557,1,1,3,2,,,,
validation_calibrated_shared,periscope,42,nonclassical_mono__microglia_mhc2,nonclassical_mono,microglia_mhc2,0.0462493201935165,0.0263463610953938,0.0491557684920292,1.0783248165293216,0.1874928039814253,0.0198293608369266,0.0898555267319461,0.1144790574908256,1,1,3,2,0.0806772658567466,0.0131230363475845,0.0039625497110657,0.1144790574908256,1,1,3,2,-0.0602782299722504,0.0133249410595293,0.005676805508289,0.1144790574908256,1,1,3,2,,,,
validation_calibrated_shared,ot_ridge,42,nonclassical_mono__microglia_mhc2,nonclassical_mono,microglia_mhc2,0.0397606715429496,0.0222618136402394,0.0427765388916545,1.0328976868368849,0.3107953120482127,0.0126622177914807,0.0093810385868908,0.1144790574908256,1,1,3,2,-0.1007317814176181,0.0131190940894264,0.0009804124978392,0.1144790574908256,1,1,3,2,-0.0511596354875028,0.0131068860592489,0.0005980561351425,0.1144790574908256,1,1,3,2,,,,
validation_calibrated_shared,conditional_mlp,42,nonclassical_mono__microglia_mhc2,nonclassical_mono,microglia_mhc2,0.0436376448250384,0.0247288530332107,0.0465237884449919,1.1205164521081197,0.2061458529601986,0.0225757366269245,0.1142232952060146,0.1144790574908256,1,1,3,2,-0.0345765614162622,0.013446807246892,0.0264019508720142,0.1144790574908256,1,1,3,2,0.1523971136069441,0.013166421044304,0.0337706337126185,0.1144790574908256,1,1,3,2,,,,
validation_calibrated_shared,conditional_icnn,42,nonclassical_mono__microglia_mhc2,nonclassical_mono,microglia_mhc2,0.0455291371550187,0.025898625889166,0.0484066622744764,1.104389939266666,0.192791955794788,0.0182724011184958,0.0918245867146446,0.1144790574908256,1,1,3,2,0.0295016332196349,0.0130375554705605,0.0201091066291042,0.1144790574908256,1,1,3,2,0.2026193723792232,0.0122006253695341,0.0196962504154701,0.1144790574908256,1,1,3,2,,,,
validation_calibrated_shared,shared_label_mean,42,nonclassical_mono__microglia_mhc2,nonclassical_mono,microglia_mhc2,0.0397708730297387,0.022268058151566,0.0427890840786884,1.0329650556203314,0.3158255687135554,0.0126634803324059,0.0093357639712781,0.1144790574908256,1,1,3,2,,0.0131054536581549,0.0,0.1144790574908256,1,1,3,2,,0.0131054536581549,0.0,0.1144790574908256,1,1,3,2,,,,
validation_calibrated_shared,shared_label_marginal,42,nonclassical_mono__microglia_mhc2,nonclassical_mono,microglia_mhc2,0.0396757878197849,0.0222499885938296,0.0426723410709107,1.0424334500383452,0.2913888588676852,0.0126421445961634,0.012819848190982,0.1144790574908256,1,1,3,2,,0.0131054536581549,0.0,0.1144790574908256,1,1,3,2,,0.0131054536581549,0.0,0.1144790574908256,1,1,3,2,,,,
validation_calibrated_shared,periscope,42,pDC__astro,pDC,astro,0.0388453872704065,0.0179403797154815,0.0389119658823589,0.8595290244573288,0.2513509303953508,0.0065829240636525,0.0508795703866728,0.0895556211471557,1,1,3,2,0.0611388563311456,0.0080885220370516,0.0083852612006903,0.0895556211471557,1,1,3,2,0.0931975692321612,0.0081492854081801,0.0118249990118659,0.0895556211471557,1,1,3,2,,,,
validation_calibrated_shared,ot_ridge,42,pDC__astro,pDC,astro,0.040008779333761,0.0173531740418985,0.0396691050034754,0.8123163156382667,-0.106048719381988,0.0089007124804186,0.0232716802264864,0.0895556211471557,1,1,3,2,-0.0770964450810619,0.0080505197753492,0.0019940786020655,0.0895556211471557,1,1,3,2,0.2113800880215231,0.007945904502198,0.0144922603635556,0.0895556211471557,1,1,3,2,,,,
validation_calibrated_shared,conditional_mlp,42,pDC__astro,pDC,astro,0.0416322300424962,0.0202120149825669,0.0416245957594133,0.941560171912044,0.0275951496183347,0.020810158636977,0.1239353150988578,0.0895556211471557,1,1,3,2,-0.1921152110746686,0.020814872050874,0.1083507857201294,0.0895556211471557,1,1,3,2,-0.1401598880032318,0.023149940289255,0.1151114289533125,0.0895556211471557,1,1,3,2,,,,
validation_calibrated_shared,conditional_icnn,42,pDC__astro,pDC,astro,0.0334716674669545,0.0161508281745743,0.034190242411339,0.9948358087832456,0.3061269825205114,0.0065036072740842,0.0305604000696121,0.0895556211471557,1,1,3,2,0.1836119610789577,0.0077810389087807,0.0196742016726246,0.0895556211471557,1,1,3,2,0.0170701836193553,0.008723596359733,0.0215536060648874,0.0895556211471557,1,1,3,2,,,,
validation_calibrated_shared,shared_label_mean,42,pDC__astro,pDC,astro,0.0409700830778436,0.0172502488184156,0.0405077455228845,0.7899609418862963,-0.0891185908597212,0.008379959454775,0.0127213081022924,0.0895556211471557,1,1,3,2,,0.0080202085211419,0.0,0.0895556211471557,1,1,3,2,,0.0080202085211419,0.0,0.0895556211471557,1,1,3,2,,,,
validation_calibrated_shared,shared_label_marginal,42,pDC__astro,pDC,astro,0.0368065095699398,0.017453379560155,0.0369340154939335,0.9943698608096092,-0.0258698038983869,0.0087070653001096,0.0210235845802805,0.0895556211471557,1,1,3,2,,0.0080202085211419,0.0,0.0895556211471557,1,1,3,2,,0.0080202085211419,0.0,0.0895556211471557,1,1,3,2,,,,
validation_calibrated_shared,periscope,42,pDC__microglia_mhc2,pDC,microglia_mhc2,0.0418348746203931,0.0238740725215385,0.044782296586814,1.0992778687798537,0.204320222997922,0.0160458557878672,0.0677061923295223,0.1144790574908256,1,1,3,2,0.027974278023113,0.0130965945082287,0.0087721119782762,0.1144790574908256,1,1,3,2,0.0021934418767143,0.0131454640270616,0.0074275157972626,0.1144790574908256,1,1,3,2,,,,
validation_calibrated_shared,ot_ridge,42,pDC__microglia_mhc2,pDC,microglia_mhc2,0.0387984717427888,0.0218714095518358,0.0417732937152944,1.0484064570397424,0.2859076352792625,0.0127084653413174,0.008225678398482,0.1144790574908256,1,1,3,2,-0.1022078268688558,0.0131226734788047,0.0011826447151459,0.1144790574908256,1,1,3,2,-0.0430592955599145,0.0131053264904797,0.0001930883040291,0.1144790574908256,1,1,3,2,,,,
validation_calibrated_shared,conditional_mlp,42,pDC__microglia_mhc2,pDC,microglia_mhc2,0.0395961178245528,0.0224560762847469,0.04254378440928,1.1292922985532583,0.1713423310125445,0.0172473927781815,0.076682394925325,0.1144790574908256,1,1,3,2,-0.002621289105956,0.0137895756127152,0.0189662503332327,0.1144790574908256,1,1,3,2,-0.0647992180954988,0.0143009107312215,0.0236060724809346,0.1144790574908256,1,1,3,2,,,,
validation_calibrated_shared,conditional_icnn,42,pDC__microglia_mhc2,pDC,microglia_mhc2,0.0389936687731784,0.0220944314080768,0.0419578914235516,1.1072659996339511,0.1732537315421724,0.0154326854499813,0.063347817910474,0.1144790574908256,1,1,3,2,0.1236842618265119,0.0132445256616972,0.0201585499642334,0.1144790574908256,1,1,3,2,0.1493726656428945,0.0129398050548854,0.019744595326413,0.1144790574908256,1,1,3,2,,,,
validation_calibrated_shared,shared_label_mean,42,pDC__microglia_mhc2,pDC,microglia_mhc2,0.0387925354627534,0.0218667822103979,0.041768848981978,1.0482973059894811,0.315039674060401,0.0126823325463765,0.0093134011300376,0.1144790574908256,1,1,3,2,,0.0131054536581549,0.0,0.1144790574908256,1,1,3,2,,0.0131054536581549,0.0,0.1144790574908256,1,1,3,2,,,,
validation_calibrated_shared,shared_label_marginal,42,pDC__microglia_mhc2,pDC,microglia_mhc2,0.038755826642265,0.0218661580017101,0.0417272677083063,1.0552541335468173,0.3091224472630986,0.0126355013401796,0.0113297418430243,0.1144790574908256,1,1,3,2,,0.0131054536581549,0.0,0.1144790574908256,1,1,3,2,,0.0131054536581549,0.0,0.1144790574908256,1,1,3,2,,,,
validation_calibrated_shared,periscope,43,cDC__astro,cDC,astro,0.0544929947717943,0.0276861388104208,0.0533333061595396,0.8196125105139398,0.3050437955665247,0.0074430330941913,0.0778479255728185,0.0895556211471557,1,1,3,2,-0.0494742006926197,0.0079180053853982,0.0096819015656228,0.0895556211471557,1,1,3,2,0.0867864267049877,0.0079886521501814,0.005393162259514,0.0895556211471557,1,1,3,2,,,,
validation_calibrated_shared,ot_ridge,43,cDC__astro,cDC,astro,0.0395337207898216,0.016779512717,0.0384669241694465,0.8328802489658527,-0.1936387131845604,0.0093036888337276,0.0275030951314276,0.0895556211471557,1,1,3,2,-0.2502225313038222,0.0081551819706153,0.0048165349181887,0.0895556211471557,1,1,3,2,-0.211470941422232,0.0085492513278113,0.0151591811452265,0.0895556211471557,1,1,3,2,,,,
validation_calibrated_shared,conditional_mlp,43,cDC__astro,cDC,astro,0.048277150369433,0.0240073926002732,0.047447798014113,0.8344164558396197,0.2368774022059356,0.0064810564083922,0.062078390759848,0.0895556211471557,1,1,3,2,-0.0745046651623887,0.0080506522231872,0.0277744720006505,0.0895556211471557,1,1,3,2,-0.0500615248503751,0.0079485570027389,0.0247102931153151,0.0895556211471557,1,1,3,2,,,,
validation_calibrated_shared,conditional_icnn,43,cDC__astro,cDC,astro,0.0476637132120299,0.0235955216314022,0.0466558874794081,0.9046100040798568,0.042646069911757,0.0104150535934624,0.0787904925578295,0.0895556211471557,1,1,3,2,-0.2152087006749061,0.0112188992622619,0.0499871589025468,0.0895556211471557,1,1,3,2,-0.1989793952213362,0.0119206305350628,0.0542212174443562,0.0895556211471557,1,1,3,2,,,,
validation_calibrated_shared,shared_label_mean,43,cDC__astro,cDC,astro,0.0413272609017881,0.0164163420913724,0.0398826850268899,0.790179710109226,-0.0719068875722503,0.0083404320654544,0.0149132813645743,0.0895556211471557,1,1,3,2,,0.0080202085211419,0.0,0.0895556211471557,1,1,3,2,,0.0080202085211419,0.0,0.0895556211471557,1,1,3,2,,,,
validation_calibrated_shared,shared_label_marginal,43,cDC__astro,cDC,astro,0.036646189325192,0.0163404670613114,0.035589979119999,1.029948456658051,0.1980334142177881,0.0079908921691488,0.0189475853860411,0.0895556211471557,1,1,3,2,,0.0080202085211419,0.0,0.0895556211471557,1,1,3,2,,0.0080202085211419,0.0,0.0895556211471557,1,1,3,2,,,,
validation_calibrated_shared,periscope,43,cDC__microglia_mhc2,cDC,microglia_mhc2,0.0452504956499651,0.0257928943692063,0.0482000837317065,1.0879826644056356,0.1634835363283153,0.0208647755592131,0.0989154296289145,0.1144790574908256,1,1,3,2,-0.1063127442213653,0.013411098468802,0.0144952201166889,0.1144790574908256,1,1,3,2,-0.0315651107843437,0.0130415548088892,0.0089553962926263,0.1144790574908256,1,1,3,2,,,,
validation_calibrated_shared,ot_ridge,43,cDC__microglia_mhc2,cDC,microglia_mhc2,0.0389918918377166,0.0218554301944033,0.0419799717823799,1.0364081642147778,0.2838180699165867,0.0124862607609655,0.0144442599822247,0.1144790574908256,1,1,3,2,-0.0418160888709842,0.0131055864200728,0.0002620312797508,0.1144790574908256,1,1,3,2,-0.0019991660391172,0.0131018250156118,0.0003901838641607,0.1144790574908256,1,1,3,2,,,,
validation_calibrated_shared,conditional_mlp,43,cDC__microglia_mhc2,cDC,microglia_mhc2,0.0447176631532001,0.0255044555181267,0.0476743692644203,1.0868689352859415,0.1570838917741788,0.0201056358184829,0.0974571417742373,0.1144790574908256,1,1,3,2,0.0044285917741496,0.0136438352343197,0.030956376223759,0.1144790574908256,1,1,3,2,0.0261337203722008,0.0135317702348792,0.0299916464650489,0.1144790574908256,1,1,3,2,,,,
validation_calibrated_shared,conditional_icnn,43,cDC__microglia_mhc2,cDC,microglia_mhc2,0.0452123486137286,0.0258329844440294,0.0481519265608355,1.1116234090740091,0.1768242347472893,0.0222792150118495,0.1081881885770604,0.1144790574908256,1,1,3,2,-0.01804852570436,0.0134109542888349,0.0219411237705964,0.1144790574908256,1,1,3,2,0.0281960544870078,0.0132796015097414,0.0239918195824284,0.1144790574908256,1,1,3,2,,,,
validation_calibrated_shared,shared_label_mean,43,cDC__microglia_mhc2,cDC,microglia_mhc2,0.0389590053787212,0.0218332585736661,0.0419479631708397,1.036166767831412,0.3303509187439067,0.0123049108551301,0.0165364173201207,0.1144790574908256,1,1,3,2,,0.0131054536581549,0.0,0.1144790574908256,1,1,3,2,,0.0131054536581549,0.0,0.1144790574908256,1,1,3,2,,,,
validation_calibrated_shared,shared_label_marginal,43,cDC__microglia_mhc2,cDC,microglia_mhc2,0.0388781958792069,0.0218341041885838,0.041862765139766,1.0482510277295,0.3200383589513335,0.0123391946709869,0.0165480099387619,0.1144790574908256,1,1,3,2,,0.0131054536581549,0.0,0.1144790574908256,1,1,3,2,,0.0131054536581549,0.0,0.1144790574908256,1,1,3,2,,,,
validation_calibrated_shared,periscope,43,classical_mono__astro,classical_mono,astro,0.0496241623697864,0.0257864537205101,0.0503929506617538,0.8131522083013808,0.3923823372939439,0.0071549059600595,0.0780963744478906,0.0895556211471557,1,1,3,2,0.196724183187043,0.0078133372512165,0.00525459426994,0.0895556211471557,1,1,3,2,0.1878676279998696,0.0079012452781882,0.0061624131084181,0.0895556211471557,1,1,3,2,,,,
validation_calibrated_shared,ot_ridge,43,classical_mono__astro,classical_mono,astro,0.0378545298925426,0.016694565232936,0.0385498700942948,0.8073067941698522,-0.1551476085823305,0.0102710778119493,0.0393558539252398,0.0895556211471557,1,1,3,2,-0.0002249891405841,0.0080233405059352,0.0005762157431218,0.0895556211471557,1,1,3,2,-0.205367456857297,0.0081634722874602,0.0055970392986959,0.0895556211471557,1,1,3,2,,,,
validation_calibrated_shared,conditional_mlp,43,classical_mono__astro,classical_mono,astro,0.044362394254584,0.0225164732794841,0.0452375260751481,0.8257592721844734,0.4025721879376895,0.0059466030301777,0.0573825804893237,0.0895556211471557,1,1,3,2,0.2606971853216886,0.0075452505955205,0.0069594184954357,0.0895556211471557,1,1,3,2,0.3045371727591656,0.0075679073235399,0.006091600863318,0.0895556211471557,1,1,3,2,,,,
validation_calibrated_shared,conditional_icnn,43,classical_mono__astro,classical_mono,astro,0.0466371959381174,0.0240899985807369,0.0473594124074001,0.8460237864808586,0.259081833548172,0.0071474800808677,0.0604878518305655,0.0895556211471557,1,1,3,2,-0.0947159148496989,0.0083046315064677,0.0099845845842952,0.0895556211471557,1,1,3,2,-0.0747424396676771,0.0084211868071916,0.0107917548808352,0.0895556211471557,1,1,3,2,,,,
validation_calibrated_shared,shared_label_mean,43,classical_mono__astro,classical_mono,astro,0.0394595026353616,0.016386580596828,0.0400129721161919,0.7785417405922811,-0.0390942060678034,0.0088865331160982,0.0258482854804707,0.0895556211471557,1,1,3,2,,0.0080202085211419,0.0,0.0895556211471557,1,1,3,2,,0.0080202085211419,0.0,0.0895556211471557,1,1,3,2,,,,
validation_calibrated_shared,shared_label_marginal,43,classical_mono__astro,classical_mono,astro,0.0353729828151021,0.0164509307468597,0.0357266583307026,1.0559799586976344,-0.0088246269117977,0.0098320841518093,0.0405335313191091,0.0895556211471557,1,1,3,2,,0.0080202085211419,0.0,0.0895556211471557,1,1,3,2,,0.0080202085211419,0.0,0.0895556211471557,1,1,3,2,,,,
validation_calibrated_shared,periscope,43,classical_mono__microglia_mhc2,classical_mono,microglia_mhc2,0.0447930729120473,0.025424407227663,0.047585432838201,1.0583279743030545,0.1799451506475235,0.0218998636726651,0.1050493529907089,0.1144790574908256,1,1,3,2,-0.0863041652554638,0.0133960680168941,0.0130691569638116,0.1144790574908256,1,1,3,2,-0.0390788626614873,0.0131551886023337,0.0090383930063153,0.1144790574908256,1,1,3,2,,,,
validation_calibrated_shared,ot_ridge,43,classical_mono__microglia_mhc2,classical_mono,microglia_mhc2,0.0391897470635951,0.0218104993705546,0.0420413293138037,1.007133289571849,0.2762565713059006,0.0124732584072186,0.0158113607124248,0.1144790574908256,1,1,3,2,-0.0305642118157654,0.0131047361665299,0.0002778687825468,0.1144790574908256,1,1,3,2,0.0429472073985484,0.0130979601017755,0.0003709245010793,0.1144790574908256,1,1,3,2,,,,
validation_calibrated_shared,conditional_mlp,43,classical_mono__microglia_mhc2,classical_mono,microglia_mhc2,0.0433167848726759,0.0245515583598932,0.0461319343531052,1.0530542101125833,0.1804403440747573,0.0186018510530728,0.0900695089329105,0.1144790574908256,1,1,3,2,-0.0171548589340388,0.0132328914075777,0.0183308367047831,0.1144790574908256,1,1,3,2,-0.0076072495013287,0.0132190419803189,0.0178250577354829,0.1144790574908256,1,1,3,2,,,,
validation_calibrated_shared,conditional_icnn,43,classical_mono__microglia_mhc2,classical_mono,microglia_mhc2,0.0437554048413033,0.024832874977511,0.0465490267978438,1.082673925258756,0.1919022181518958,0.0207082225503852,0.1013587891497839,0.1144790574908256,1,1,3,2,-0.0563055507680558,0.0131767914762843,0.0102457828769112,0.1144790574908256,1,1,3,2,-0.0229405293950802,0.0130325802476731,0.0101805455709931,0.1144790574908256,1,1,3,2,,,,
validation_calibrated_shared,shared_label_mean,43,classical_mono__microglia_mhc2,classical_mono,microglia_mhc2,0.0391455762601667,0.0217830065838588,0.0419988662942515,1.0071089689478276,0.3185147969338901,0.0123119302211433,0.0174780025341256,0.1144790574908256,1,1,3,2,,0.0131054536581549,0.0,0.1144790574908256,1,1,3,2,,0.0131054536581549,0.0,0.1144790574908256,1,1,3,2,,,,
validation_calibrated_shared,shared_label_marginal,43,classical_mono__microglia_mhc2,classical_mono,microglia_mhc2,0.0389852231152049,0.0217420420652991,0.0418390022659248,1.017613108113539,0.298326216439355,0.0123823524408226,0.0175046650701494,0.1144790574908256,1,1,3,2,,0.0131054536581549,0.0,0.1144790574908256,1,1,3,2,,0.0131054536581549,0.0,0.1144790574908256,1,1,3,2,,,,
validation_calibrated_shared,periscope,43,nonclassical_mono__astro,nonclassical_mono,astro,0.0499243851547616,0.027012979368607,0.0500545108697885,0.888055147549227,0.362039972667069,0.0072134288569816,0.0777121414584026,0.0895556211471557,1,1,3,2,-0.0237374003429334,0.0079121918214961,0.0066195256748307,0.0895556211471557,1,1,3,2,0.0812863706994944,0.0079764799070918,0.004105663332378,0.0895556211471557,1,1,3,2,,,,
validation_calibrated_shared,ot_ridge,43,nonclassical_mono__astro,nonclassical_mono,astro,0.0374205622696753,0.0172082391132603,0.0372722297233803,0.8850932024571561,-0.1100495942440737,0.0082453900561934,0.0088041865386047,0.0895556211471557,1,1,3,2,-0.2772123230148064,0.0080714323399469,0.0018305065465819,0.0895556211471557,1,1,3,2,-0.1963299441070691,0.0082311481791896,0.0077479806290739,0.0895556211471557,1,1,3,2,,,,
validation_calibrated_shared,conditional_mlp,43,nonclassical_mono__astro,nonclassical_mono,astro,0.0471833975234082,0.0253938866455652,0.0474558337125791,0.8864600304407474,0.3947113162540376,0.0060041706345968,0.0598690169466273,0.0895556211471557,1,1,3,2,0.151647901885376,0.0074518754320358,0.0088205972950243,0.0895556211471557,1,1,3,2,0.2809521122383382,0.0073264477395573,0.0080033848247613,0.0895556211471557,1,1,3,2,,,,
validation_calibrated_shared,conditional_icnn,43,nonclassical_mono__astro,nonclassical_mono,astro,0.0490744134866574,0.0263753449276728,0.0490845539962472,0.9275536693012344,0.3133415469798244,0.0067091527860507,0.0624032954825501,0.0895556211471557,1,1,3,2,-0.0854608291010684,0.0081122163820923,0.0073097343611734,0.0895556211471557,1,1,3,2,-0.0020998920386103,0.0080835437217552,0.0120914576497166,0.0895556211471557,1,1,3,2,,,,
validation_calibrated_shared,shared_label_mean,43,nonclassical_mono__astro,nonclassical_mono,astro,0.0388921759619322,0.0170376639906026,0.038448786223209,0.8569001542368486,-0.0123632161306406,0.0081169510240795,0.0104813670426386,0.0895556211471557,1,1,3,2,,0.0080202085211419,0.0,0.0895556211471557,1,1,3,2,,0.0080202085211419,0.0,0.0895556211471557,1,1,3,2,,,,
validation_calibrated_shared,shared_label_marginal,43,nonclassical_mono__astro,nonclassical_mono,astro,0.0368549637235709,0.0170812807594806,0.0360710267555539,1.1307559417861666,-0.0133914274227145,0.008686434099538,0.0244749414462132,0.0895556211471557,1,1,3,2,,0.0080202085211419,0.0,0.0895556211471557,1,1,3,2,,0.0080202085211419,0.0,0.0895556211471557,1,1,3,2,,,,
validation_calibrated_shared,periscope,43,nonclassical_mono__microglia_mhc2,nonclassical_mono,microglia_mhc2,0.0456779688704577,0.0259820409377734,0.0486001076303095,1.075036780004794,0.1746696515855425,0.0212414111870932,0.1017631054414322,0.1144790574908256,1,1,3,2,-0.1076494323140927,0.0134147096712007,0.0131624237352397,0.1144790574908256,1,1,3,2,0.0140441871219116,0.013044536727625,0.0091103857011944,0.1144790574908256,1,1,3,2,,,,
validation_calibrated_shared,ot_ridge,43,nonclassical_mono__microglia_mhc2,nonclassical_mono,microglia_mhc2,0.0397383611550997,0.0222112533480612,0.0427514251702799,1.025599449991408,0.2672846647707091,0.0124934103324355,0.0162466117298258,0.1144790574908256,1,1,3,2,-0.0037755971927296,0.0131020601725977,0.0003650455253549,0.1144790574908256,1,1,3,2,0.0472531937748664,0.0130940776794158,0.0005413214673207,0.1144790574908256,1,1,3,2,,,,
validation_calibrated_shared,conditional_mlp,43,nonclassical_mono__microglia_mhc2,nonclassical_mono,microglia_mhc2,0.0440561250871243,0.0250373639312368,0.0470031499063328,1.0702028665855583,0.176125929210918,0.0189303118517162,0.0912281064652295,0.1144790574908256,1,1,3,2,0.0133360417337481,0.0132545980838227,0.0177413286261873,0.1144790574908256,1,1,3,2,0.0692047219454673,0.0133124414864947,0.0215921226123898,0.1144790574908256,1,1,3,2,,,,
validation_calibrated_shared,conditional_icnn,43,nonclassical_mono__microglia_mhc2,nonclassical_mono,microglia_mhc2,0.0444101638034284,0.0252427677034626,0.0473362222449116,1.105585076691689,0.2047967110217463,0.020403667075327,0.1017349481173395,0.1144790574908256,1,1,3,2,0.0722220358339661,0.0129894775693994,0.0114308088667067,0.1144790574908256,1,1,3,2,0.2003907314804018,0.0125704775219457,0.0125847598473627,0.1144790574908256,1,1,3,2,,,,
validation_calibrated_shared,shared_label_mean,43,nonclassical_mono__microglia_mhc2,nonclassical_mono,microglia_mhc2,0.0396983568729155,0.0221854411922694,0.0427156667253619,1.025396518262941,0.3134377587869775,0.0123201268737454,0.0175013512423095,0.1144790574908256,1,1,3,2,,0.0131054536581549,0.0,0.1144790574908256,1,1,3,2,,0.0131054536581549,0.0,0.1144790574908256,1,1,3,2,,,,
validation_calibrated_shared,shared_label_marginal,43,nonclassical_mono__microglia_mhc2,nonclassical_mono,microglia_mhc2,0.0395551730413868,0.0221569270998813,0.0425493239468675,1.0385841876775403,0.3370315614800693,0.0122650403405254,0.0175462733772169,0.1144790574908256,1,1,3,2,,0.0131054536581549,0.0,0.1144790574908256,1,1,3,2,,0.0131054536581549,0.0,0.1144790574908256,1,1,3,2,,,,
validation_calibrated_shared,periscope,43,pDC__astro,pDC,astro,0.0480699299909428,0.024256720332096,0.0481019062214939,0.8570040674412036,0.3667361300879611,0.0065532588723888,0.0697960679665042,0.0895556211471557,1,1,3,2,-0.1761144196618436,0.0081016936545391,0.0147265022138971,0.0895556211471557,1,1,3,2,-0.096851830185477,0.0080701901134811,0.0075339520078135,0.0895556211471557,1,1,3,2,,,,
validation_calibrated_shared,ot_ridge,43,pDC__astro,pDC,astro,0.040408691273909,0.0178889731733215,0.0402199494751028,0.8402916829007379,-0.2079325152736449,0.0112087591853522,0.0474018956683143,0.0895556211471557,1,1,3,2,-0.3104457811916176,0.0080882442821387,0.0022979100913583,0.0895556211471557,1,1,3,2,-0.1847159057533092,0.0083071511945469,0.0101019083802124,0.0895556211471557,1,1,3,2,,,,
validation_calibrated_shared,conditional_mlp,43,pDC__astro,pDC,astro,0.0400249160577202,0.0181706009466174,0.0399020296830732,0.9017174808242848,0.0435399992326686,0.0098762723904132,0.0644147752827157,0.0895556211471557,1,1,3,2,-0.155436003300417,0.0112437972143457,0.0563150980804686,0.0895556211471557,1,1,3,2,-0.1691559297957171,0.0121991187751555,0.0616515814104651,0.0895556211471557,1,1,3,2,,,,
validation_calibrated_shared,conditional_icnn,43,pDC__astro,pDC,astro,0.053324357480386,0.0267133329794622,0.0524109095172256,1.0211723252173974,-0.0291535462127182,0.0210559148210742,0.117143457436924,0.0895556211471557,1,1,3,2,-0.1593704086809678,0.0174181079929583,0.0890511901264837,0.0895556211471557,1,1,3,2,-0.1559041536806964,0.0194055062045445,0.0957138821525156,0.0895556211471557,1,1,3,2,,,,
validation_calibrated_shared,shared_label_mean,43,pDC__astro,pDC,astro,0.0408955575757693,0.0172520229420704,0.0405689148180454,0.8040455376014977,-0.0632422087969025,0.0083763269129259,0.0149897658366091,0.0895556211471557,1,1,3,2,,0.0080202085211419,0.0,0.0895556211471557,1,1,3,2,,0.0080202085211419,0.0,0.0895556211471557,1,1,3,2,,,,
validation_calibrated_shared,shared_label_marginal,43,pDC__astro,pDC,astro,0.0376890472757725,0.0174764150029924,0.0373518999459317,1.078099855294953,-0.005543226966824,0.0087697185141235,0.0248867213058954,0.0895556211471557,1,1,3,2,,0.0080202085211419,0.0,0.0895556211471557,1,1,3,2,,0.0080202085211419,0.0,0.0895556211471557,1,1,3,2,,,,
validation_calibrated_shared,periscope,43,pDC__microglia_mhc2,pDC,microglia_mhc2,0.0438217021659734,0.0250557370879046,0.0467477548277215,1.0956047010476295,0.1913002852219861,0.0180861788421331,0.0824565303334018,0.1144790574908256,1,1,3,2,-0.0975872705381792,0.0133849564629542,0.0144165302358963,0.1144790574908256,1,1,3,2,-0.0047711552201243,0.0130657801394929,0.0084600672267957,0.1144790574908256,1,1,3,2,,,,
validation_calibrated_shared,ot_ridge,43,pDC__microglia_mhc2,pDC,microglia_mhc2,0.0387986849899834,0.0218226705252292,0.0417684817382586,1.040986787126577,0.2646825711744286,0.0125101933658774,0.0158544575453115,0.1144790574908256,1,1,3,2,0.2200183229151344,0.0130959612965108,0.0001880165662361,0.1144790574908256,1,1,3,2,0.046404998154895,0.0130964204907314,0.0004356192925427,0.1144790574908256,1,1,3,2,,,,
validation_calibrated_shared,conditional_mlp,43,pDC__microglia_mhc2,pDC,microglia_mhc2,0.0436349863040275,0.0250132246925071,0.046573160032968,1.1096103797124233,0.1751893830974326,0.0162583871568522,0.0753202378892131,0.1144790574908256,1,1,3,2,0.0506979808361381,0.0134005526646814,0.025207605833138,0.1144790574908256,1,1,3,2,0.0023554596678188,0.013782582110273,0.0309436145936988,0.1144790574908256,1,1,3,2,,,,
validation_calibrated_shared,conditional_icnn,43,pDC__microglia_mhc2,pDC,microglia_mhc2,0.0396453346752449,0.0224424515881555,0.0426005728800439,1.0971679039606936,0.2131328112680439,0.0150305316269958,0.0674767925133741,0.1144790574908256,1,1,3,2,-0.0364602963368384,0.012987368023948,0.0146029776500188,0.1144790574908256,1,1,3,2,-0.0555266859286738,0.012987581547153,0.0187151754147335,0.1144790574908256,1,1,3,2,,,,
validation_calibrated_shared,shared_label_mean,43,pDC__microglia_mhc2,pDC,microglia_mhc2,0.0387821911492231,0.0218130569419261,0.0417539394698688,1.0409342365545189,0.3168531877180997,0.0123345949678451,0.0168190595141256,0.1144790574908256,1,1,3,2,,0.0131054536581549,0.0,0.1144790574908256,1,1,3,2,,0.0131054536581549,0.0,0.1144790574908256,1,1,3,2,,,,
validation_calibrated_shared,shared_label_marginal,43,pDC__microglia_mhc2,pDC,microglia_mhc2,0.0387758465289536,0.0218375785432448,0.0417426868830136,1.0497405427536206,0.3193260178165809,0.0122325302815483,0.0203878170955559,0.1144790574908256,1,1,3,2,,0.0131054536581549,0.0,0.1144790574908256,1,1,3,2,,0.0131054536581549,0.0,0.1144790574908256,1,1,3,2,,,,
validation_calibrated_shared,periscope,44,cDC__astro,cDC,astro,0.0528165403179523,0.0265695819937352,0.0516811350890021,0.8215658167485458,0.296054497256581,0.0075488007461375,0.0775487812889301,0.0895556211471557,1,1,3,2,-0.0696352435264302,0.0083098868673748,0.0054427383833574,0.0895556211471557,1,1,3,2,-0.1756540588604528,0.0083667380056447,0.0057745590986521,0.0895556211471557,1,1,3,2,,,,
validation_calibrated_shared,ot_ridge,44,cDC__astro,cDC,astro,0.0408271083264361,0.0167140372427879,0.0393706314383509,0.8190909975042134,-0.1468605122777786,0.0094808681997438,0.0309730060815971,0.0895556211471557,1,1,3,2,0.0997139870078928,0.0079831959533619,0.0023298371423519,0.0895556211471557,1,1,3,2,-0.2072638392919046,0.0080910912471735,0.0044456432264831,0.0895556211471557,1,1,3,2,,,,
validation_calibrated_shared,conditional_mlp,44,cDC__astro,cDC,astro,0.0534740319761842,0.0269988382221549,0.052285931243872,0.8122028026601208,0.2818297410357223,0.0073966843450699,0.0128508621303168,0.0895556211471557,1,1,3,2,-0.0360312259971032,0.0090724632450826,0.0151770455947638,0.0895556211471557,1,1,3,2,-0.0427114057381013,0.0089752966580016,0.0145627172363532,0.0895556211471557,1,1,3,2,,,,
validation_calibrated_shared,conditional_icnn,44,cDC__astro,cDC,astro,0.0467786874748252,0.0229620858776843,0.0457966631974773,0.8745146750206554,0.1290881455726234,0.0069555939856436,0.0484382898901901,0.0895556211471557,1,1,3,2,-0.3009332394943574,0.0093569697016017,0.0191735576197723,0.0895556211471557,1,1,3,2,-0.2486824599671512,0.0097608772256639,0.0221362798334027,0.0895556211471557,1,1,3,2,,,,
validation_calibrated_shared,shared_label_mean,44,cDC__astro,cDC,astro,0.0413485102605311,0.0164182102006465,0.0398393003105862,0.7841089372682012,-0.0779160696192027,0.0083398172291398,0.0135497573659779,0.0895556211471557,1,1,3,2,,0.0080202085211419,0.0,0.0895556211471557,1,1,3,2,,0.0080202085211419,0.0,0.0895556211471557,1,1,3,2,,,,
validation_calibrated_shared,shared_label_marginal,44,cDC__astro,cDC,astro,0.0364201007150328,0.0163801395533111,0.0355392882317447,0.9985966803651348,0.1930925208390235,0.0080299233514396,0.0191110140969411,0.0895556211471557,1,1,3,2,,0.0080202085211419,0.0,0.0895556211471557,1,1,3,2,,0.0080202085211419,0.0,0.0895556211471557,1,1,3,2,,,,
validation_calibrated_shared,periscope,44,cDC__microglia_mhc2,cDC,microglia_mhc2,0.045110734738251,0.0256998724072308,0.0480425450808659,1.0867670714498288,0.1721655470342094,0.0200008484451207,0.0939014469177346,0.1144790574908256,1,1,3,2,-0.0927953214448144,0.0133647057729886,0.0067980599359491,0.1144790574908256,1,1,3,2,0.0276897914939717,0.0134174170968888,0.0094224480055891,0.1144790574908256,1,1,3,2,,,,
validation_calibrated_shared,ot_ridge,44,cDC__microglia_mhc2,cDC,microglia_mhc2,0.0389909014845154,0.0218777584467687,0.0419796502281219,1.0411477490171854,0.3341690664964264,0.0123952857639893,0.0135639949359802,0.1144790574908256,1,1,3,2,-0.3235518641785793,0.0131184312206116,0.0002070799964468,0.1144790574908256,1,1,3,2,-0.1039310410664299,0.0131252973625555,0.0006026431161101,0.1144790574908256,1,1,3,2,,,,
validation_calibrated_shared,conditional_mlp,44,cDC__microglia_mhc2,cDC,microglia_mhc2,0.0399106403106166,0.0225432054717076,0.0428821951260984,1.0833007208796412,0.0562242301786575,0.0130678576204697,0.0123929553133449,0.1144790574908256,1,1,3,2,-0.1799993500715151,0.0138767512181562,0.0158020144218857,0.1144790574908256,1,1,3,2,-0.1940861454127777,0.0140467561872077,0.0174073651710947,0.1144790574908256,1,1,3,2,,,,
validation_calibrated_shared,conditional_icnn,44,cDC__microglia_mhc2,cDC,microglia_mhc2,0.0421671853060728,0.0238778339759346,0.0451114816948677,1.1035049611249663,0.1666186383949633,0.0165895330139164,0.0687727805396885,0.1144790574908256,1,1,3,2,-0.173827674415385,0.0139712031739951,0.0162272746731608,0.1144790574908256,1,1,3,2,-0.2453708701076891,0.0143222796898021,0.016687449535036,0.1144790574908256,1,1,3,2,,,,
validation_calibrated_shared,shared_label_mean,44,cDC__microglia_mhc2,cDC,microglia_mhc2,0.0389598107121658,0.0218585428257407,0.0419498069776449,1.0412147522786288,0.3452466557444039,0.0123480067271003,0.0147798593422384,0.1144790574908256,1,1,3,2,,0.0131054536581549,0.0,0.1144790574908256,1,1,3,2,,0.0131054536581549,0.0,0.1144790574908256,1,1,3,2,,,,
validation_calibrated_shared,shared_label_marginal,44,cDC__microglia_mhc2,cDC,microglia_mhc2,0.0388886720130402,0.0218553407751667,0.0418749217811522,1.0518999583060973,0.3340059332968863,0.0123904050455211,0.0139611707431749,0.1144790574908256,1,1,3,2,,0.0131054536581549,0.0,0.1144790574908256,1,1,3,2,,0.0131054536581549,0.0,0.1144790574908256,1,1,3,2,,,,
validation_calibrated_shared,periscope,44,classical_mono__astro,classical_mono,astro,0.0471606849405905,0.0246204285722414,0.048148515793639,0.8234511398568362,0.3710853498862368,0.0073420474828118,0.0769435354635117,0.0895556211471557,1,1,3,2,0.1830235579976883,0.0083206956599347,0.0121795755970076,0.0895556211471557,1,1,3,2,0.0498923664119879,0.0083995618343976,0.0126410284380787,0.0895556211471557,1,1,3,2,,,,
validation_calibrated_shared,ot_ridge,44,classical_mono__astro,classical_mono,astro,0.038039585916952,0.0164194711961878,0.0385997600949858,0.8078032284893133,-0.1402570271568135,0.0094481078009479,0.030566684569156,0.0895556211471557,1,1,3,2,0.1603219885323238,0.0079676858214984,0.0031367990759656,0.0895556211471557,1,1,3,2,0.0960358174875263,0.0080162186842846,0.0134855961237957,0.0895556211471557,1,1,3,2,,,,
validation_calibrated_shared,conditional_mlp,44,classical_mono__astro,classical_mono,astro,0.0483550203375615,0.0251471508817833,0.0492135974353291,0.8041256440929717,0.2085856677865259,0.0074546820187594,0.0141333319781677,0.0895556211471557,1,1,3,2,-0.061925835113434,0.0091986956080107,0.0169310044069082,0.0895556211471557,1,1,3,2,-0.0850937996038445,0.009120437523537,0.0158608253169483,0.0895556211471557,1,1,3,2,,,,
validation_calibrated_shared,conditional_icnn,44,classical_mono__astro,classical_mono,astro,0.0466958842049133,0.0242603228691215,0.0476174200486511,0.8195913338136988,0.2392555772853775,0.0060380339101745,0.0433885119287076,0.0895556211471557,1,1,3,2,-0.1738906178664807,0.008635120001194,0.0078403589301625,0.0895556211471557,1,1,3,2,-0.2877777205758702,0.0094341521470533,0.013800683530695,0.0895556211471557,1,1,3,2,,,,
validation_calibrated_shared,shared_label_mean,44,classical_mono__astro,classical_mono,astro,0.0394353783745644,0.0163679787605738,0.0399379276513248,0.7727941217733867,-0.0470318991203919,0.0088332052991137,0.0238044117646505,0.0895556211471557,1,1,3,2,,0.0080202085211419,0.0,0.0895556211471557,1,1,3,2,,0.0080202085211419,0.0,0.0895556211471557,1,1,3,2,,,,
validation_calibrated_shared,shared_label_marginal,44,classical_mono__astro,classical_mono,astro,0.0350505291710249,0.0164575414005097,0.0355977083585591,1.020056385953827,-0.0184093965161493,0.0096927750958386,0.0377990904741994,0.0895556211471557,1,1,3,2,,0.0080202085211419,0.0,0.0895556211471557,1,1,3,2,,0.0080202085211419,0.0,0.0895556211471557,1,1,3,2,,,,
validation_calibrated_shared,periscope,44,classical_mono__microglia_mhc2,classical_mono,microglia_mhc2,0.0441488067992201,0.0249895962385523,0.0469312901518402,1.0564109191185884,0.1753620003374718,0.0204395590870348,0.0960045274911023,0.1144790574908256,1,1,3,2,0.0133569837537701,0.013527865071569,0.0112481950107172,0.1144790574908256,1,1,3,2,-0.0095365939790539,0.0136893715633917,0.0125072301446577,0.1144790574908256,1,1,3,2,,,,
validation_calibrated_shared,ot_ridge,44,classical_mono__microglia_mhc2,classical_mono,microglia_mhc2,0.0391611229520213,0.0218264939283342,0.0420144037481511,1.0147477746967195,0.3268452448744333,0.0123946877194966,0.0138016878822909,0.1144790574908256,1,1,3,2,-0.3148287346689724,0.0131210224547509,0.0002491837739083,0.1144790574908256,1,1,3,2,-0.1361078121258365,0.0131252794773151,0.0005130451427587,0.1144790574908256,1,1,3,2,,,,
validation_calibrated_shared,conditional_mlp,44,classical_mono__microglia_mhc2,classical_mono,microglia_mhc2,0.0396378359697373,0.0222501691560097,0.0424639385020039,1.0631501477767429,0.1063283596579253,0.0129246788755713,0.011936843060367,0.1144790574908256,1,1,3,2,-0.144683773441922,0.0140121581538991,0.0195428434904077,0.1144790574908256,1,1,3,2,-0.1469401677905321,0.0141953187667862,0.0213976304792255,0.1144790574908256,1,1,3,2,,,,
validation_calibrated_shared,conditional_icnn,44,classical_mono__microglia_mhc2,classical_mono,microglia_mhc2,0.0433265398591568,0.0245173287098342,0.0461133467706327,1.0742797554323138,0.1499503223774222,0.0165724602778532,0.0647486750173234,0.1144790574908256,1,1,3,2,-0.0105947929252688,0.0144770326361482,0.024504409428659,0.1144790574908256,1,1,3,2,-0.2072621145209731,0.0151232047178773,0.0255271693626663,0.1144790574908256,1,1,3,2,,,,
validation_calibrated_shared,shared_label_mean,44,classical_mono__microglia_mhc2,classical_mono,microglia_mhc2,0.0391556687522852,0.0218205962021329,0.0420102066958555,1.0145362656738854,0.3390449958676785,0.0123672165036804,0.0143739922463833,0.1144790574908256,1,1,3,2,,0.0131054536581549,0.0,0.1144790574908256,1,1,3,2,,0.0131054536581549,0.0,0.1144790574908256,1,1,3,2,,,,
validation_calibrated_shared,shared_label_marginal,44,classical_mono__microglia_mhc2,classical_mono,microglia_mhc2,0.0390108156350894,0.0217760118348768,0.0418668970216025,1.0231402935606673,0.2879155144436262,0.0124800284981608,0.0135553650232797,0.1144790574908256,1,1,3,2,,0.0131054536581549,0.0,0.1144790574908256,1,1,3,2,,0.0131054536581549,0.0,0.1144790574908256,1,1,3,2,,,,
validation_calibrated_shared,periscope,44,nonclassical_mono__astro,nonclassical_mono,astro,0.0474733245723402,0.0254685530848259,0.0476486597625003,0.9057514837857276,0.364270997185571,0.0074025597992281,0.0783733759293932,0.0895556211471557,1,1,3,2,0.2091841669476485,0.008169597737398,0.0094406941151071,0.0895556211471557,1,1,3,2,0.0762200722968244,0.0081711411398999,0.0097007774183576,0.0895556211471557,1,1,3,2,,,,
validation_calibrated_shared,ot_ridge,44,nonclassical_mono__astro,nonclassical_mono,astro,0.0383560230122432,0.0171027796759558,0.0379232361778551,0.8711015141071636,-0.1338978060737809,0.008454666889708,0.0144079882335098,0.0895556211471557,1,1,3,2,0.148413665949177,0.0079720295122348,0.0027735505268232,0.0895556211471557,1,1,3,2,0.063560854872606,0.0079863385483215,0.0076911997836023,0.0895556211471557,1,1,3,2,,,,
validation_calibrated_shared,conditional_mlp,44,nonclassical_mono__astro,nonclassical_mono,astro,0.0482477444919676,0.0260049088645102,0.0484019135436484,0.8831140005676066,0.1907940537187856,0.0074600153392058,0.0103685099546869,0.0895556211471557,1,1,3,2,-0.1557641247131723,0.0090345209790766,0.0120916851884003,0.0895556211471557,1,1,3,2,-0.2245428705992904,0.0090544756433752,0.0113751811111897,0.0895556211471557,1,1,3,2,,,,
validation_calibrated_shared,conditional_icnn,44,nonclassical_mono__astro,nonclassical_mono,astro,0.0422583124368211,0.0222050527198973,0.0426155997350173,0.8949782900763799,0.368874789834425,0.0058096559432402,0.0463589415463465,0.0895556211471557,1,1,3,2,-0.0236321921523242,0.0088988281035928,0.0207027021921357,0.0895556211471557,1,1,3,2,-0.0916683402267425,0.0092709941591445,0.0212197272725364,0.0895556211471557,1,1,3,2,,,,
validation_calibrated_shared,shared_label_mean,44,nonclassical_mono__astro,nonclassical_mono,astro,0.0389054976188796,0.0170501837387788,0.0384098205725706,0.8518308746915236,-0.0223977204269139,0.0081404580355877,0.0092468500514531,0.0895556211471557,1,1,3,2,,0.0080202085211419,0.0,0.0895556211471557,1,1,3,2,,0.0080202085211419,0.0,0.0895556211471557,1,1,3,2,,,,
validation_calibrated_shared,shared_label_marginal,44,nonclassical_mono__astro,nonclassical_mono,astro,0.0363077424252994,0.017094454751331,0.0358213376406833,1.0974559112015592,-0.0140949838118692,0.0086511771864333,0.0226769396876763,0.0895556211471557,1,1,3,2,,0.0080202085211419,0.0,0.0895556211471557,1,1,3,2,,0.0080202085211419,0.0,0.0895556211471557,1,1,3,2,,,,
validation_calibrated_shared,periscope,44,nonclassical_mono__microglia_mhc2,nonclassical_mono,microglia_mhc2,0.0450134957651465,0.0255857637408527,0.0479391134790221,1.0771576136352294,0.1779003840044242,0.0205578888611684,0.0972992492070496,0.1144790574908256,1,1,3,2,-0.0126021229724098,0.0133655644930171,0.0068978653319079,0.1144790574908256,1,1,3,2,0.0023153464632485,0.0133815265763115,0.0081516467279027,0.1144790574908256,1,1,3,2,,,,
validation_calibrated_shared,ot_ridge,44,nonclassical_mono__microglia_mhc2,nonclassical_mono,microglia_mhc2,0.0396958461957695,0.0222109097750457,0.0427102351256098,1.0317310533217068,0.3250140491879189,0.0124106242220872,0.0134892932378179,0.1144790574908256,1,1,3,2,-0.3236760133029598,0.0131175021858819,0.0001919236241333,0.1144790574908256,1,1,3,2,-0.1268524412271899,0.0131214654320107,0.0004311070982755,0.1144790574908256,1,1,3,2,,,,
validation_calibrated_shared,conditional_mlp,44,nonclassical_mono__microglia_mhc2,nonclassical_mono,microglia_mhc2,0.0407291981641496,0.0229744400478846,0.043691987595697,1.0708683929289342,0.0704115234877648,0.0130837274048851,0.0102703359326579,0.1144790574908256,1,1,3,2,-0.1972634827698013,0.013931878267901,0.0154762415882952,0.1144790574908256,1,1,3,2,-0.2140054389993753,0.0140765855909202,0.0166585517597039,0.1144790574908256,1,1,3,2,,,,
validation_calibrated_shared,conditional_icnn,44,nonclassical_mono__microglia_mhc2,nonclassical_mono,microglia_mhc2,0.0424526751659981,0.024025198276164,0.0453809579465511,1.0793170798153569,0.1790181623382329,0.0154223804635654,0.0596793105438033,0.1144790574908256,1,1,3,2,0.0018318051097815,0.0136597215621971,0.0202823220669132,0.1144790574908256,1,1,3,2,-0.1394730757304267,0.0139620664044235,0.0191888981947636,0.1144790574908256,1,1,3,2,,,,
validation_calibrated_shared,shared_label_mean,44,nonclassical_mono__microglia_mhc2,nonclassical_mono,microglia_mhc2,0.0396816463308026,0.0222010278388982,0.0426996399811484,1.0317821963527622,0.3380371530878924,0.0123744904606245,0.0140897939991433,0.1144790574908256,1,1,3,2,,0.0131054536581549,0.0,0.1144790574908256,1,1,3,2,,0.0131054536581549,0.0,0.1144790574908256,1,1,3,2,,,,
validation_calibrated_shared,shared_label_marginal,44,nonclassical_mono__microglia_mhc2,nonclassical_mono,microglia_mhc2,0.0395996901084518,0.0221938293040587,0.0425939613312785,1.0428025532606453,0.3437064772254103,0.0123570624960731,0.0156111972760594,0.1144790574908256,1,1,3,2,,0.0131054536581549,0.0,0.1144790574908256,1,1,3,2,,0.0131054536581549,0.0,0.1144790574908256,1,1,3,2,,,,
validation_calibrated_shared,periscope,44,pDC__astro,pDC,astro,0.0575895797637321,0.0303993989247471,0.0573547249973891,0.8506115199875468,0.3294634320019301,0.0069646095012836,0.0669653971933212,0.0895556211471557,1,1,3,2,0.0347392659072876,0.0083832991499515,0.0088313241270931,0.0895556211471557,1,1,3,2,-0.0855804814428649,0.0084755255551552,0.0088990398501905,0.0895556211471557,1,1,3,2,,,,
validation_calibrated_shared,ot_ridge,44,pDC__astro,pDC,astro,0.0400913347267702,0.0173720087443054,0.0398213868576872,0.8170645024598984,-0.1624028942536708,0.0093807567228522,0.0294861529039972,0.0895556211471557,1,1,3,2,-0.0271805969216313,0.0080148304020023,0.0010396468021709,0.0895556211471557,1,1,3,2,0.0958772316662138,0.0080071909709549,0.0132595774656934,0.0895556211471557,1,1,3,2,,,,
validation_calibrated_shared,conditional_mlp,44,pDC__astro,pDC,astro,0.0403618239474871,0.0194566242929445,0.0406154640339387,0.868219972360206,0.1055410860657106,0.0075416553307969,0.0135199331046877,0.0895556211471557,1,1,3,2,-0.1431243162000783,0.0090168865815344,0.0161412480510031,0.0895556211471557,1,1,3,2,-0.1492764946142427,0.0089657082095411,0.0160749080464858,0.0895556211471557,1,1,3,2,,,,
validation_calibrated_shared,conditional_icnn,44,pDC__astro,pDC,astro,0.0472352334123324,0.0244487651614297,0.047280457722588,1.0057931774886084,-0.0759237417671701,0.0399272281023807,0.1752743030784241,0.0895556211471557,1,1,3,2,-0.1856688277132168,0.0385282553192939,0.1615308587551109,0.0895556211471557,1,1,3,2,-0.1333240393802666,0.0406690754357871,0.1672818035204758,0.0895556211471557,1,1,3,2,,,,
validation_calibrated_shared,shared_label_mean,44,pDC__astro,pDC,astro,0.0409165457673747,0.0172466683302969,0.0405293804453566,0.798490270591268,-0.0711528770777219,0.008362603591703,0.0135100762753702,0.0895556211471557,1,1,3,2,,0.0080202085211419,0.0,0.0895556211471557,1,1,3,2,,0.0080202085211419,0.0,0.0895556211471557,1,1,3,2,,,,
validation_calibrated_shared,shared_label_marginal,44,pDC__astro,pDC,astro,0.0372602642990229,0.0174927131853951,0.0371628046704441,1.0422313054967318,-0.0218594338224162,0.0088099764893698,0.0233172776788748,0.0895556211471557,1,1,3,2,,0.0080202085211419,0.0,0.0895556211471557,1,1,3,2,,0.0080202085211419,0.0,0.0895556211471557,1,1,3,2,,,,
validation_calibrated_shared,periscope,44,pDC__microglia_mhc2,pDC,microglia_mhc2,0.0518472998181646,0.0301641901327786,0.0547516351001225,1.091249333017464,0.1729205123798317,0.0178008866933044,0.0778146152238914,0.1144790574908256,1,1,3,2,0.0107127633166392,0.013598170505958,0.0131843644226564,0.1144790574908256,1,1,3,2,0.0023247422125451,0.0138362391151513,0.0157984696910765,0.1144790574908256,1,1,3,2,,,,
validation_calibrated_shared,ot_ridge,44,pDC__microglia_mhc2,pDC,microglia_mhc2,0.0387665170629567,0.0218318629841214,0.0417390191204058,1.046694798864812,0.2953603135382207,0.0125274169510853,0.0119847766252709,0.1144790574908256,1,1,3,2,-0.316083023506508,0.013138599278277,0.0005811585089214,0.1144790574908256,1,1,3,2,-0.2068627091651425,0.0131225310953441,0.0003593486697687,0.1144790574908256,1,1,3,2,,,,
validation_calibrated_shared,conditional_mlp,44,pDC__microglia_mhc2,pDC,microglia_mhc2,0.0404160869541941,0.0230209839851852,0.0433719571082373,1.1172556773126556,0.1429798700197625,0.0131608644709572,0.017488790584052,0.1144790574908256,1,1,3,2,-0.1148976709797523,0.0140537913300007,0.0185294793548201,0.1144790574908256,1,1,3,2,-0.1006214508054263,0.0141707636113727,0.0208393135304515,0.1144790574908256,1,1,3,2,,,,
validation_calibrated_shared,conditional_icnn,44,pDC__microglia_mhc2,pDC,microglia_mhc2,0.039925202533908,0.0226716873158468,0.0428862116145196,1.110182257213669,0.0306638482678288,0.017174589496078,0.0507210217382565,0.1144790574908256,1,1,3,2,-0.1316122252351021,0.0175926177335485,0.0448459882346179,0.1144790574908256,1,1,3,2,-0.2329965459826281,0.0209806584606456,0.0648411151743721,0.1144790574908256,1,1,3,2,,,,
validation_calibrated_shared,shared_label_mean,44,pDC__microglia_mhc2,pDC,microglia_mhc2,0.0387276399678544,0.0218045987447222,0.0417017438204774,1.0464183757422187,0.3393463546316427,0.0123742165102639,0.0142815666468972,0.1144790574908256,1,1,3,2,,0.0131054536581549,0.0,0.1144790574908256,1,1,3,2,,0.0131054536581549,0.0,0.1144790574908256,1,1,3,2,,,,
validation_calibrated_shared,shared_label_marginal,44,pDC__microglia_mhc2,pDC,microglia_mhc2,0.0386663671321672,0.0217924344549719,0.0416389764122463,1.053609422794854,0.342101585629703,0.0122490644920093,0.0185859641421159,0.1144790574908256,1,1,3,2,,0.0131054536581549,0.0,0.1144790574908256,1,1,3,2,,0.0131054536581549,0.0,0.1144790574908256,1,1,3,2,,,,
original_cellot_observation_residual,cellot,42,cDC__astro,,,0.0511248049531295,0.0225553999000048,0.048920712352984,0.7319162472105905,0.1910476871215318,0.0136955184950958,0.1056817670529406,0.0895556211471557,1,1,3,2,-0.0730469586924948,0.0195754901878366,0.096267210041522,0.0895556211471557,1,1,3,2,-0.0263113627359189,0.0172941264818786,0.0885168609593261,0.0895556211471557,1,1,3,2,0.0217204233631491,0.1478443829167022,0.1068913753846109,0.1184159412980079
original_cellot_observation_residual,cellot,42,cDC__microglia_mhc2,,,0.0494254880798969,0.0275964246070462,0.0524660584883282,0.9748938910197964,0.171774970967538,0.0248015789052292,0.1238943097794795,0.1144790574908256,1,1,3,2,0.0727390070633114,0.0244912315737987,0.128990360105713,0.1144790574908256,1,1,3,2,0.079037184698704,0.0181378356088124,0.0920778305541063,0.1144790574908256,1,1,3,2,0.0265298286452889,0.1562880743293068,0.0889560729046054,0.1441810593008995
original_cellot_observation_residual,cellot,42,classical_mono__astro,,,0.0462782301786859,0.0208193999138529,0.046429903762615,0.6986502562285866,0.2855952362412216,0.0098616684577747,0.0964440141763378,0.0895556211471557,1,1,3,2,0.1081361048946416,0.0097821519588198,0.0549360900102679,0.0895556211471557,1,1,3,2,0.0429235711680226,0.0099860267582191,0.0511022620880176,0.0895556211471557,1,1,3,2,0.0200087924487888,0.1533890701849456,0.0965439500362025,0.0946931727230548
original_cellot_observation_residual,cellot,42,classical_mono__microglia_mhc2,,,0.0492263246053689,0.0272163964364745,0.0519758037280564,0.9449240350432608,0.2126107725854109,0.0250531409840289,0.1162966613500519,0.1144790574908256,1,1,3,2,0.0402184006661785,0.0204227385060074,0.0846782645767555,0.1144790574908256,1,1,3,2,0.0256639993510012,0.0181679187996097,0.0752889231014856,0.1144790574908256,1,1,3,2,0.0261280255392193,0.1461862963929778,0.0890111326346199,0.1399865582585334
original_cellot_observation_residual,cellot,42,nonclassical_mono__astro,,,0.0489907099897785,0.0225404525008176,0.0478183922829131,0.7337354508728563,0.2566124352913543,0.0148245027758679,0.1167530708478047,0.0895556211471557,1,1,3,2,0.0261894659449147,0.0105975376765351,0.0540423884116034,0.0895556211471557,1,1,3,2,0.0330021605347973,0.0096413510784147,0.0469724154671784,0.0895556211471557,1,1,3,2,0.0216985085979104,0.1636080456227287,0.10695693951628,0.083246299624443
original_cellot_observation_residual,cellot,42,nonclassical_mono__microglia_mhc2,,,0.0751345491904618,0.0436888047711638,0.0776768097330699,1.176618632550527,0.0450988472750059,0.0408439986022432,0.1846950041988078,0.1144790574908256,1,1,3,2,-0.0023805113392459,0.0225548423858363,0.1067574690573208,0.1144790574908256,1,1,3,2,0.0976928183911643,0.038370276278601,0.1831338440975131,0.1144790574908256,1,1,3,2,0.0424997210502624,0.1426078058083469,0.1070677362531881,0.3358968153595924
original_cellot_observation_residual,cellot,42,pDC__astro,,,0.2055235158841633,266.65269665112504,12.145045596980813,685.569371421707,0.0298443754599604,665.9373235757455,25.810570750693323,0.0895556211471557,1,1,3,2,-0.026409925532484,93.4228077853199,9.66063166985348,0.0895556211471557,1,1,3,2,0.1044399927315242,0.031257948210561,0.1549205473199512,0.0895556211471557,1,1,3,2,266.6518801663071,12.203200837732652,0.2323325670088995,684.920176179707
original_cellot_observation_residual,cellot,42,pDC__microglia_mhc2,,,0.067028713384585,3.3764779719003206,0.2619170607001428,186.12501171177615,0.0687452610602017,8.318727755352894,2.903077117717055,0.1144790574908256,1,1,3,2,-0.0488621426540554,2.8672916444024397,1.675254208611619,0.1144790574908256,1,1,3,2,0.0619244925843125,0.0178070981557437,0.0901483487758151,0.1144790574908256,1,1,3,2,3.3755037989467382,0.3562559094385356,0.0977471536515308,185.2373599201441
original_cellot_observation_residual,cellot,43,cDC__astro,,,0.0513390827611861,0.0219317297269131,0.0488672847098079,0.7104063651381536,0.147889314977417,0.015678297679576,0.0957444791045794,0.0895556211471557,1,1,3,2,0.0085131362708037,0.0256017800549765,0.1259368786702068,0.0895556211471557,1,1,3,2,-0.1084886323557363,0.0151011638895876,0.068839561648336,0.0895556211471557,1,1,3,2,0.0210967529565095,0.1535879534937551,0.1092096548942469,0.0969060570001602
original_cellot_observation_residual,cellot,43,cDC__microglia_mhc2,,,0.0479249970043297,0.0270454614111181,0.0509573174503472,0.994372818171822,0.2254561875967038,0.01927023704119,0.1020266547811911,0.1144790574908256,1,1,3,2,-0.0165681406954804,0.0288706792548824,0.1318003635337631,0.1144790574908256,1,1,3,2,0.0608645510693227,0.0181847797899595,0.0902244590923427,0.1144790574908256,1,1,3,2,0.0259788662195205,0.1420358296608569,0.085525762493047,0.1636599794030189
original_cellot_observation_residual,cellot,43,classical_mono__astro,,,0.0582536287285091,0.0264872346642565,0.0573582643336341,0.760335574885028,-0.0486728814790497,0.0341649005706936,0.1752929827939389,0.0895556211471557,1,1,3,2,-0.0503938481580935,0.00977839215146,0.0472665860774069,0.0895556211471557,1,1,3,2,-0.0043201943851682,0.0228636830484602,0.1241371884265309,0.0895556211471557,1,1,3,2,0.0256766270846128,0.1468860860929733,0.1060805550635475,0.1563784882426261
original_cellot_observation_residual,cellot,43,classical_mono__microglia_mhc2,,,0.0479364814492913,0.0265489932409693,0.0507023188352256,0.9554482601811972,0.2044466066737302,0.0232754951740685,0.1097394481990355,0.1144790574908256,1,1,3,2,0.0083401333749069,0.0219671036638756,0.0919143270689371,0.1144790574908256,1,1,3,2,0.01853624028115,0.0175023066394427,0.0715280740323627,0.1144790574908256,1,1,3,2,0.0254606222733855,0.1408527078048405,0.0866223161776307,0.1505107790231704
original_cellot_observation_residual,cellot,43,nonclassical_mono__astro,,,0.0483599719884719,0.0231524508570628,0.0474793864275223,0.761302403521556,0.1753121849877814,0.012601842941071,0.1071874333290496,0.0895556211471557,1,1,3,2,-0.0540686071404754,0.0127178453010229,0.0653830919609712,0.0895556211471557,1,1,3,2,0.0975953911508069,0.0110843149759162,0.0633470707059496,0.0895556211471557,1,1,3,2,0.0223105065524578,0.1478528384048142,0.1034333939774452,0.1108132556080818
original_cellot_observation_residual,cellot,43,nonclassical_mono__microglia_mhc2,,,0.0542924401395281,0.030408261631175,0.0571002104495582,0.9877312664773672,0.2229971807613021,0.0290723304626095,0.1466398576015981,0.1144790574908256,1,1,3,2,0.0229093628821926,0.0220723533166858,0.107500624243056,0.1144790574908256,1,1,3,2,0.0437896760251588,0.0229768939608733,0.1230061027438202,0.1144790574908256,1,1,3,2,0.0292191781103611,0.1508728656217943,0.0949099888954575,0.1470094338059425
original_cellot_observation_residual,cellot,43,pDC__astro,,,0.0909635813272912,0.0520854069099717,0.0904149226138479,0.8459022686920544,0.093213367088788,0.0986471228803994,0.3070417740533243,0.0895556211471557,1,1,3,2,0.0645395932350755,5.072561187545587,2.2583786641762207,0.0895556211471557,1,1,3,2,0.1239583252594842,0.0284124018957069,0.1452783633038934,0.0895556211471557,1,1,3,2,0.0512653307989239,0.1900995499736947,0.1451912987966432,0.1966751813888549
original_cellot_observation_residual,cellot,43,pDC__microglia_mhc2,,,0.0816676255111088,0.0714943164412422,0.0967968409102934,2.0038552873897513,0.1602319339638626,0.1357922962697759,0.3763475395588637,0.1144790574908256,1,1,3,2,-0.0508143276941939,6.714190367178375,2.5691142134734024,0.1144790574908256,1,1,3,2,0.0501896781924497,0.0181170874083099,0.085071486986814,0.1144790574908256,1,1,3,2,0.0705202173441648,0.1763595523730506,0.1109636119042839,1.1162069380283357
original_cellot_observation_residual,cellot,44,cDC__astro,,,0.0512763475705587,0.0230707777180538,0.0491867719846929,0.7192143150375443,0.2006075301072247,0.0125161559696468,0.0992839606722771,0.0895556211471557,1,1,3,2,-0.0277205929881987,0.0218098668142371,0.1095320860026623,0.0895556211471557,1,1,3,2,-0.1219870919641225,0.0173084024681237,0.0780526458246519,0.0895556211471557,1,1,3,2,0.022235800512135,0.1507309968629245,0.1082901416313163,0.1057139962911605
original_cellot_observation_residual,cellot,44,cDC__microglia_mhc2,,,0.0472535208378117,0.0266719286504069,0.0503335704937001,1.0079110545846277,0.2123971492622328,0.0199768838533986,0.1069356265122664,0.1144790574908256,1,1,3,2,0.0145519963371521,0.0253472521149492,0.1265064287287323,0.1144790574908256,1,1,3,2,0.1014913198871496,0.0188634868934112,0.0961464615574668,0.1144790574908256,1,1,3,2,0.0256053330376744,0.140252311457327,0.0838876242923845,0.1771982118487358
original_cellot_observation_residual,cellot,44,classical_mono__astro,,,0.0644598832321019,0.0302566327820665,0.0630549537140942,0.8568598186454229,-0.0616460806238644,0.0358313314550215,0.1784694581275739,0.0895556211471557,1,1,3,2,0.0009828198702674,0.0113416921096199,0.0569649947027776,0.0895556211471557,1,1,3,2,-0.0446778297970761,0.0344503256875173,0.1597246823174986,0.0895556211471557,1,1,3,2,0.0294460240751504,0.1366738649085687,0.1064689848589992,0.2529027298092842
original_cellot_observation_residual,cellot,44,classical_mono__microglia_mhc2,,,0.0493264139746047,0.0274725185745196,0.0520808462554731,0.9662618116866452,0.1991359271150284,0.0257972138394991,0.1233494339334691,0.1144790574908256,1,1,3,2,0.0362693545618161,0.0212615926554341,0.0954156791069334,0.1144790574908256,1,1,3,2,0.0292024997543675,0.0172112259464314,0.0728550519236668,0.1144790574908256,1,1,3,2,0.0263841480016708,0.1399158525245329,0.087527085135924,0.1613243281841278
original_cellot_observation_residual,cellot,44,nonclassical_mono__astro,,,0.0490136928270009,0.0230263791956054,0.047988569501825,0.7394202885226357,0.183355502125252,0.0130455022948744,0.0920983790929933,0.0895556211471557,1,1,3,2,0.0238197926318572,0.0106414772049399,0.051617795875233,0.0895556211471557,1,1,3,2,0.112911597119572,0.0105242598451846,0.059152173371424,0.0895556211471557,1,1,3,2,0.0221844350919127,0.1583150050873794,0.1062571878249424,0.0889311403036117
original_cellot_observation_residual,cellot,44,nonclassical_mono__microglia_mhc2,,,0.0521546698728756,0.0292750291096437,0.0549751031564267,0.9986590602194798,0.2316046311797511,0.0258717322060713,0.1369006567913084,0.1144790574908256,1,1,3,2,0.0525353169280197,0.0244920717359953,0.1208976105416478,0.1144790574908256,1,1,3,2,0.0841438349445724,0.0201155092790382,0.1095202241994201,0.1144790574908256,1,1,3,2,0.028085945174098,0.1435256567729594,0.0913860094280603,0.1579372242093086
original_cellot_observation_residual,cellot,44,pDC__astro,,,0.2522263737409798,23.138706942331524,0.9603054840821856,726.213925314735,0.071143477863495,57.860635191193225,7.61227343462347,0.0895556211471557,1,1,3,2,0.1111986673818196,3.591152436047634,1.9011619503995376,0.0895556211471557,1,1,3,2,0.1543426034831437,0.0281085621536441,0.152997111907874,0.0895556211471557,1,1,3,2,23.137890523672105,1.0500292312688024,0.3200272961890291,725.5646734595299
original_cellot_observation_residual,cellot,44,pDC__microglia_mhc2,,,0.2329280697939781,40.903272387110334,1.5322476785909824,1804.710905530033,-0.0009263182421298,101.98408142055725,10.10714569266526,0.1144790574908256,1,1,3,2,-0.0285080271147715,26.29292451916267,5.119910924664121,0.1144790574908256,1,1,3,2,0.0758632445258767,0.0170265388143666,0.0826970334104903,0.1144790574908256,1,1,3,2,40.90229580905289,1.615414611960155,0.2794560244505507,1803.82320728451
