readout,method,seed,axis,blood_state,brain_state,mmd,mean_mse,energy_per_sqrt_gene,variance_ratio,condition_aware_rho,condition_aware_delta_mse,condition_aware_predicted_rms,condition_aware_observed_rms,condition_aware_n_blood_PD,condition_aware_n_blood_control,condition_aware_n_brain_PD,condition_aware_n_brain_control,fixed_control_rho,fixed_control_delta_mse,fixed_control_predicted_rms,fixed_control_observed_rms,fixed_control_n_blood_PD,fixed_control_n_blood_control,fixed_control_n_brain_PD,fixed_control_n_brain_control,fixed_PD_rho,fixed_PD_delta_mse,fixed_PD_predicted_rms,fixed_PD_observed_rms,fixed_PD_n_blood_PD,fixed_PD_n_blood_control,fixed_PD_n_brain_PD,fixed_PD_n_brain_control
raw_shared,periscope,42,cDC__astro,cDC,astro,0.1274821972530635,0.025691978012522,0.2381075197129986,0.0294668444742759,0.2508849918054597,0.0074965511448681,0.0760132446885109,0.0895556211471557,1,1,3,2,0.0066521909644262,0.0080227535218,0.0032484917901456,0.0895556211471557,1,1,3,2,-0.0263130649931574,0.0079643866047263,0.0038667975459247,0.0895556211471557,1,1,3,2
raw_shared,ot_ridge,42,cDC__astro,cDC,astro,0.3023003241448832,0.1018170807510614,0.4294809398914541,0.0175928758302082,-0.1455326920763726,0.0088673811405897,0.0220049936324358,0.0895556211471557,1,1,3,2,0.2828021720524626,0.0079883113503456,0.0010383313056081,0.0895556211471557,1,1,3,2,0.2382428180323545,0.0079199690371751,0.0102448286488652,0.0895556211471557,1,1,3,2
raw_shared,conditional_mlp,42,cDC__astro,cDC,astro,0.1176280720776934,0.0226272540166974,0.2031423727514892,0.0519784033919374,0.2972696855839798,0.0070979655720293,0.0776445493102073,0.0895556211471557,1,1,3,2,-0.0672402240415016,0.0079804267734289,0.0234774556010961,0.0895556211471557,1,1,3,2,0.0330155461460784,0.0076125473715364,0.0201277155429124,0.0895556211471557,1,1,3,2
raw_shared,conditional_icnn,42,cDC__astro,cDC,astro,0.1278695958404124,0.0253791489327947,0.2358884253121033,0.0215518368252863,0.2228025945059047,0.006940163206309,0.0668070465326309,0.0895556211471557,1,1,3,2,-0.091487388125594,0.0080428132787346,0.0105428444221615,0.0895556211471557,1,1,3,2,-0.2154661741193975,0.0082618556916713,0.0066005447879433,0.0895556211471557,1,1,3,2
raw_shared,shared_label_mean,42,cDC__astro,cDC,astro,0.3236332543523151,0.1079958640038967,0.4770747795645293,5.236871456230571e-13,-0.090438426547006,0.0083545623347163,0.0126761198043823,0.0895556211471557,1,1,3,2,,0.0080202091485261,0.0,0.0895556211471557,1,1,3,2,,0.0080202091485261,0.0,0.0895556211471557,1,1,3,2
raw_shared,shared_label_marginal,42,cDC__astro,cDC,astro,0.2759269906687807,0.1075828454146782,0.3679168436464521,0.1841235036651293,0.186376581892075,0.0080255484208464,0.0168897248804569,0.0895556211471557,1,1,3,2,,0.0080202091485261,0.0,0.0895556211471557,1,1,3,2,,0.0080202091485261,0.0,0.0895556211471557,1,1,3,2
raw_shared,periscope,42,cDC__microglia_mhc2,cDC,microglia_mhc2,0.0978515738390265,0.0266323272759715,0.2103650537389972,0.0486332798997561,0.1869741958789942,0.0202098228037357,0.0932250320911407,0.1144790574908256,1,1,3,2,0.0474922888283876,0.0130749344825744,0.0051365573890507,0.1144790574908256,1,1,3,2,0.0042098321892248,0.0132140312343835,0.0054818629287183,0.1144790574908256,1,1,3,2
raw_shared,ot_ridge,42,cDC__microglia_mhc2,cDC,microglia_mhc2,0.3634113681578895,0.1625850175817807,0.5656926933081137,8.107147914415691e-05,0.3157293502966122,0.0126647287979722,0.010081173852086,0.1144790574908256,1,1,3,2,-0.1034518515797385,0.0131115205585956,0.0004330023366492,0.1144790574908256,1,1,3,2,-0.0357449896231248,0.0131050115451216,0.0002477958041708,0.1144790574908256,1,1,3,2
raw_shared,conditional_mlp,42,cDC__microglia_mhc2,cDC,microglia_mhc2,0.0896207702769023,0.0242985823812584,0.1809611827235133,0.0833030591408411,0.1887929457102793,0.0217106696218252,0.1068955287337303,0.1144790574908256,1,1,3,2,-0.0371890862700363,0.0137713756412267,0.0249703582376241,0.1144790574908256,1,1,3,2,0.0944432233564771,0.0135480929166078,0.0293388105928897,0.1144790574908256,1,1,3,2
raw_shared,conditional_icnn,42,cDC__microglia_mhc2,cDC,microglia_mhc2,0.0973382075191008,0.0270041131104032,0.2012859478050264,0.0599737890685598,0.1902117798701003,0.0167525298893451,0.0739960372447967,0.1144790574908256,1,1,3,2,0.0727238615767419,0.0133824711665511,0.0156295150518417,0.1144790574908256,1,1,3,2,0.1433390743946645,0.0132929300889372,0.0200985539704561,0.1144790574908256,1,1,3,2
raw_shared,shared_label_mean,42,cDC__microglia_mhc2,cDC,microglia_mhc2,0.3681948529417629,0.1653142968813578,0.5746130100339917,1.291272210685035e-12,0.3136961588662343,0.012653874233365,0.0102972807362675,0.1144790574908256,1,1,3,2,,0.0131054539233446,0.0,0.1144790574908256,1,1,3,2,,0.0131054539233446,0.0,0.1144790574908256,1,1,3,2
raw_shared,shared_label_marginal,42,cDC__microglia_mhc2,cDC,microglia_mhc2,0.3660266641947682,0.1650348827242851,0.537992098432443,0.0081079347680012,0.3157743049423955,0.0126697374507784,0.0091136693954467,0.1144790574908256,1,1,3,2,,0.0131054539233446,0.0,0.1144790574908256,1,1,3,2,,0.0131054539233446,0.0,0.1144790574908256,1,1,3,2
raw_shared,periscope,42,classical_mono__astro,classical_mono,astro,0.1134403172633925,0.0251267721566061,0.2311738251565684,0.0386860991517702,0.2676572088009265,0.0073140854947268,0.0737136080861091,0.0895556211471557,1,1,3,2,0.0079666275572555,0.0081452494487166,0.0072478088550269,0.0895556211471557,1,1,3,2,0.0709076745431894,0.0079916706308722,0.0076091568917036,0.0895556211471557,1,1,3,2
raw_shared,ot_ridge,42,classical_mono__astro,classical_mono,astro,0.2838432392376701,0.1028843068828185,0.426321814766095,0.0220098740731676,-0.1315152273467038,0.0091157164424657,0.0258950367569923,0.0895556211471557,1,1,3,2,0.2882345260553697,0.0079470481723546,0.0032986069563776,0.0895556211471557,1,1,3,2,0.1752069445571732,0.0079817334190011,0.0161694195121526,0.0895556211471557,1,1,3,2
raw_shared,conditional_mlp,42,classical_mono__astro,classical_mono,astro,0.1055578162313786,0.0226638676443447,0.1992654411368314,0.0631524476533134,0.3191704259432983,0.0068666310980916,0.076688751578331,0.0895556211471557,1,1,3,2,-0.0508342084732626,0.0078155286610126,0.0159453470259904,0.0895556211471557,1,1,3,2,0.153216079575244,0.0074436627328395,0.0141177726909518,0.0895556211471557,1,1,3,2
raw_shared,conditional_icnn,42,classical_mono__astro,classical_mono,astro,0.11252286135576,0.0245776859422524,0.2253067512424783,0.0375973548119266,0.227697266139142,0.0067029413767158,0.0596211366355419,0.0895556211471557,1,1,3,2,-0.0731068646604998,0.0081086689606308,0.008135630749166,0.0895556211471557,1,1,3,2,-0.2430455834552808,0.0082915080711245,0.0049781356938183,0.0895556211471557,1,1,3,2
raw_shared,shared_label_mean,42,classical_mono__astro,classical_mono,astro,0.303056264260035,0.1082920593520005,0.4774051407620236,5.186218343883678e-13,-0.0523519289600483,0.0087588252499699,0.021721176803112,0.0895556211471557,1,1,3,2,,0.0080202091485261,0.0,0.0895556211471557,1,1,3,2,,0.0080202091485261,0.0,0.0895556211471557,1,1,3,2
raw_shared,shared_label_marginal,42,classical_mono__astro,classical_mono,astro,0.2599116724554219,0.1090448504934708,0.3560775075434754,0.204614158719778,-0.0132928480155723,0.0094169527292251,0.0345251969993114,0.0895556211471557,1,1,3,2,,0.0080202091485261,0.0,0.0895556211471557,1,1,3,2,,0.0080202091485261,0.0,0.0895556211471557,1,1,3,2
raw_shared,periscope,42,classical_mono__microglia_mhc2,classical_mono,microglia_mhc2,0.0977473104409857,0.025969771357874,0.2082833598225702,0.0501968419800202,0.185452446661784,0.0202597975730896,0.0928149968385696,0.1144790574908256,1,1,3,2,0.0635566933056589,0.0131334401667118,0.0050621940754354,0.1144790574908256,1,1,3,2,-0.0406368315959314,0.013349731452763,0.007202249020338,0.1144790574908256,1,1,3,2
raw_shared,ot_ridge,42,classical_mono__microglia_mhc2,classical_mono,microglia_mhc2,0.3656693753119503,0.1624661659200986,0.5647059533283116,0.0001350481100719,0.3158807596413499,0.0126754818484187,0.0092724068090319,0.1144790574908256,1,1,3,2,-0.1000289357032707,0.013120231218636,0.001063596107997,0.1144790574908256,1,1,3,2,-0.0637024323209882,0.0131082730367779,0.0005477655795402,0.1144790574908256,1,1,3,2
raw_shared,conditional_mlp,42,classical_mono__microglia_mhc2,classical_mono,microglia_mhc2,0.0894968492477783,0.0236395339791973,0.1785289359741394,0.0848308401182293,0.2027541635960366,0.0213249251246452,0.1066803261637687,0.1144790574908256,1,1,3,2,-0.0561143749231521,0.0135327288880944,0.0215280018746852,0.1144790574908256,1,1,3,2,0.0250156521653683,0.0133289732038974,0.0237898416817188,0.1144790574908256,1,1,3,2
raw_shared,conditional_icnn,42,classical_mono__microglia_mhc2,classical_mono,microglia_mhc2,0.0954068559420797,0.025804035210361,0.1928294196004936,0.0687070752804478,0.1824334851400762,0.0175027586519718,0.0779839158058166,0.1144790574908256,1,1,3,2,0.0943397177443198,0.0135587165132164,0.0159656293690204,0.1144790574908256,1,1,3,2,0.1391405750641855,0.0134469158947467,0.0212583020329475,0.1144790574908256,1,1,3,2
raw_shared,shared_label_mean,42,classical_mono__microglia_mhc2,classical_mono,microglia_mhc2,0.3705348277950105,0.1652314662933349,0.574788282199213,1.2410280503625853e-12,0.3174798616557779,0.0126793449744582,0.0092494403943419,0.1144790574908256,1,1,3,2,,0.0131054539233446,0.0,0.1144790574908256,1,1,3,2,,0.0131054539233446,0.0,0.1144790574908256,1,1,3,2
raw_shared,shared_label_marginal,42,classical_mono__microglia_mhc2,classical_mono,microglia_mhc2,0.3676139823931647,0.1645524737735589,0.5368223339007714,0.0082138093033184,0.2791551762808576,0.0127028850838541,0.008296531625092,0.1144790574908256,1,1,3,2,,0.0131054539233446,0.0,0.1144790574908256,1,1,3,2,,0.0131054539233446,0.0,0.1144790574908256,1,1,3,2
raw_shared,periscope,42,nonclassical_mono__astro,nonclassical_mono,astro,0.1218686265941899,0.026233386558791,0.2362869178513615,0.0308608737153311,0.267391198944418,0.0073559111915528,0.0738332271575927,0.0895556211471557,1,1,3,2,0.047752885746683,0.0080642504617571,0.0061690718866884,0.0895556211471557,1,1,3,2,0.0515664459516654,0.007966405712068,0.005945845041424,0.0895556211471557,1,1,3,2
raw_shared,ot_ridge,42,nonclassical_mono__astro,nonclassical_mono,astro,0.2928593448137683,0.1023612171411514,0.4216311470253944,0.0191104447779556,0.055195314458175,0.0080056693404912,0.0040721800178289,0.0895556211471557,1,1,3,2,0.2701627493617234,0.0079023707658052,0.0077346032485365,0.0895556211471557,1,1,3,2,0.2991978092488359,0.0079166116192936,0.0062431981787085,0.0895556211471557,1,1,3,2
raw_shared,conditional_mlp,42,nonclassical_mono__astro,nonclassical_mono,astro,0.111727593664798,0.0225270834440986,0.2005617078846964,0.0503547641759117,0.3777177912173974,0.0067261182703077,0.0769903138279914,0.0895556211471557,1,1,3,2,0.1126340985161388,0.0075065856799483,0.0115211559459567,0.0895556211471557,1,1,3,2,0.2525457226777651,0.0071913511492311,0.0124047463759779,0.0895556211471557,1,1,3,2
raw_shared,conditional_icnn,42,nonclassical_mono__astro,nonclassical_mono,astro,0.1271702499983522,0.0283475889203449,0.2419972727768291,0.0195488238241523,0.2641773975263258,0.006537462119013,0.0634651333093643,0.0895556211471557,1,1,3,2,0.043044127990191,0.007795323152095,0.0062762238085269,0.0895556211471557,1,1,3,2,-0.0149420066227458,0.0079848952591419,0.0037954058498144,0.0895556211471557,1,1,3,2
raw_shared,shared_label_mean,42,nonclassical_mono__astro,nonclassical_mono,astro,0.3082832248515119,0.1056805048137903,0.4719590443375997,5.249794197449699e-13,-0.0276674856397166,0.008167965337634,0.0088306386023759,0.0895556211471557,1,1,3,2,,0.0080202091485261,0.0,0.0895556211471557,1,1,3,2,,0.0080202091485261,0.0,0.0895556211471557,1,1,3,2
raw_shared,shared_label_marginal,42,nonclassical_mono__astro,nonclassical_mono,astro,0.2669265875471415,0.1083583068102598,0.3608112667908498,0.1980758135517438,-0.0130815165402279,0.008622633293271,0.0211013853549957,0.0895556211471557,1,1,3,2,,0.0080202091485261,0.0,0.0895556211471557,1,1,3,2,,0.0080202091485261,0.0,0.0895556211471557,1,1,3,2
raw_shared,periscope,42,nonclassical_mono__microglia_mhc2,nonclassical_mono,microglia_mhc2,0.099343311708906,0.0267186177273591,0.2119018159979541,0.0475326279799143,0.1874931235355387,0.0198293589055538,0.0898555219173431,0.1144790574908256,1,1,3,2,0.080678186051589,0.0131230363622307,0.0039625507779419,0.1144790574908256,1,1,3,2,-0.0602767753088189,0.0133249405771493,0.0056768078356981,0.1144790574908256,1,1,3,2
raw_shared,ot_ridge,42,nonclassical_mono__microglia_mhc2,nonclassical_mono,microglia_mhc2,0.3684533413883585,0.1648729654649893,0.5688865930473379,0.0001280354723955,0.3107961013771944,0.0126622170209884,0.0093810381367802,0.1144790574908256,1,1,3,2,-0.1007340278667006,0.0131190922111272,0.0009804158471524,0.1144790574908256,1,1,3,2,-0.0511415328250894,0.0131068844348192,0.0005980585119687,0.1144790574908256,1,1,3,2
raw_shared,conditional_mlp,42,nonclassical_mono__microglia_mhc2,nonclassical_mono,microglia_mhc2,0.0905877202944539,0.0245235377612213,0.1797022819461767,0.0905349863072236,0.2061459188407513,0.0225757379084825,0.1142232939600944,0.1144790574908256,1,1,3,2,-0.034576095073015,0.0134468078613281,0.0264019556343555,0.1144790574908256,1,1,3,2,0.1523965577456125,0.0131664210930466,0.0337706357240676,0.1144790574908256,1,1,3,2
raw_shared,conditional_icnn,42,nonclassical_mono__microglia_mhc2,nonclassical_mono,microglia_mhc2,0.0979097011252375,0.0274234752481182,0.1965022415043125,0.0785819599404931,0.1927917128813653,0.0182724017649889,0.0918245911598205,0.1144790574908256,1,1,3,2,0.0295022193892911,0.0130375539883971,0.0201091095805168,0.1144790574908256,1,1,3,2,0.2026203818213971,0.0122006256133317,0.0196962542831897,0.1144790574908256,1,1,3,2
raw_shared,shared_label_mean,42,nonclassical_mono__microglia_mhc2,nonclassical_mono,microglia_mhc2,0.3732632700921316,0.1676257352034251,0.5788140661986079,1.2975172513386237e-12,0.3158271800368896,0.0126634771004319,0.0093357479199767,0.1144790574908256,1,1,3,2,,0.0131054539233446,0.0,0.1144790574908256,1,1,3,2,,0.0131054539233446,0.0,0.1144790574908256,1,1,3,2
raw_shared,shared_label_marginal,42,nonclassical_mono__microglia_mhc2,nonclassical_mono,microglia_mhc2,0.3710114924983569,0.1673085664709409,0.5412484372771736,0.0080594210885465,0.2913884613167499,0.0126421451568603,0.0128198489546775,0.1144790574908256,1,1,3,2,,0.0131054539233446,0.0,0.1144790574908256,1,1,3,2,,0.0131054539233446,0.0,0.1144790574908256,1,1,3,2
raw_shared,periscope,42,pDC__astro,pDC,astro,0.1051345627712132,0.0211601971338192,0.2048657111834565,0.0739311215778192,0.2513509303953508,0.0065829241648316,0.050879567861557,0.0895556211471557,1,1,3,2,0.0611389339837465,0.0080885225906968,0.0083852615207433,0.0895556211471557,1,1,3,2,0.093196691895018,0.0081492848694324,0.0118250027298927,0.0895556211471557,1,1,3,2
raw_shared,ot_ridge,42,pDC__astro,pDC,astro,0.2931898603586553,0.1045646679898103,0.4269202666843834,0.0239106242467338,-0.106049794372877,0.0089007131755352,0.0232716798782348,0.0895556211471557,1,1,3,2,-0.0770959430492601,0.0080505209043622,0.0019940773490816,0.0895556211471557,1,1,3,2,0.2113816854172966,0.0079459054395556,0.0144922621548175,0.0895556211471557,1,1,3,2
raw_shared,conditional_mlp,42,pDC__astro,pDC,astro,0.0953775866224561,0.0198053668718785,0.1576879327140198,0.153575362637639,0.0275948419497329,0.0208101589232683,0.1239353194832801,0.0895556211471557,1,1,3,2,-0.1921151132108271,0.0208148714154958,0.108350783586502,0.0895556211471557,1,1,3,2,-0.1401602025414475,0.0231499411165714,0.1151114329695701,0.0895556211471557,1,1,3,2
raw_shared,conditional_icnn,42,pDC__astro,pDC,astro,0.0899781519214378,0.0198819510017832,0.1410453328554064,0.2015046725670496,0.3061273574775428,0.0065036076121032,0.0305603984743356,0.0895556211471557,1,1,3,2,0.183611695866821,0.0077810394577682,0.019674202427268,0.0895556211471557,1,1,3,2,0.0170691261493071,0.0087235970422625,0.0215536039322614,0.0895556211471557,1,1,3,2
raw_shared,shared_label_mean,42,pDC__astro,pDC,astro,0.3115480721252862,0.1091831748684247,0.478909094184801,5.195187722581197e-13,-0.089117480295955,0.0083799641579389,0.0127213196828961,0.0895556211471557,1,1,3,2,,0.0080202091485261,0.0,0.0895556211471557,1,1,3,2,,0.0080202091485261,0.0,0.0895556211471557,1,1,3,2
raw_shared,shared_label_marginal,42,pDC__astro,pDC,astro,0.2687352740133077,0.1103378453602393,0.3666450467279101,0.1973630227148533,-0.0258701364552614,0.0087070651352405,0.0210235863924026,0.0895556211471557,1,1,3,2,,0.0080202091485261,0.0,0.0895556211471557,1,1,3,2,,0.0080202091485261,0.0,0.0895556211471557,1,1,3,2
raw_shared,periscope,42,pDC__microglia_mhc2,pDC,microglia_mhc2,0.0904659796911522,0.0231388020329177,0.1964127444161403,0.0594920264557004,0.2043204291984213,0.0160458553582429,0.0677061900496482,0.1144790574908256,1,1,3,2,0.0279755706349184,0.0130965942516922,0.0087721077725291,0.1144790574908256,1,1,3,2,0.0021940031566242,0.0131454654037952,0.0074275131337344,0.1144790574908256,1,1,3,2
raw_shared,ot_ridge,42,pDC__microglia_mhc2,pDC,microglia_mhc2,0.3632678594338816,0.1621137484908104,0.5636561406124485,0.0001581765203203,0.2859087665746841,0.0127084646373987,0.0082256812602281,0.1144790574908256,1,1,3,2,-0.1022023915683088,0.0131226731464266,0.0011826425325125,0.1144790574908256,1,1,3,2,-0.0430896670310295,0.0131053263321518,0.0001930940052261,0.1144790574908256,1,1,3,2
raw_shared,conditional_mlp,42,pDC__microglia_mhc2,pDC,microglia_mhc2,0.0857710003883362,0.0224560767722626,0.1728516665516848,0.0913965944200754,0.1713419935014049,0.0172473937273025,0.0766823962330818,0.1144790574908256,1,1,3,2,-0.0026210145473446,0.0137895764783024,0.0189662519842386,0.1144790574908256,1,1,3,2,-0.0647999595632366,0.0143009098246693,0.0236060693860054,0.1144790574908256,1,1,3,2
raw_shared,conditional_icnn,42,pDC__microglia_mhc2,pDC,microglia_mhc2,0.0893684404917275,0.0228718915022909,0.193014957885203,0.0619850795095165,0.1732535428681446,0.0154326846823096,0.0633478239178657,0.1144790574908256,1,1,3,2,0.1236839215632362,0.0132445255294442,0.0201585534960031,0.1144790574908256,1,1,3,2,0.1493725589473326,0.0129398042336106,0.0197445955127477,0.1144790574908256,1,1,3,2
raw_shared,shared_label_mean,42,pDC__microglia_mhc2,pDC,microglia_mhc2,0.369054711021951,0.165413212031126,0.5750048910719456,1.263710544627955e-12,0.3150303423809247,0.012682331725955,0.0093134073540568,0.1144790574908256,1,1,3,2,,0.0131054539233446,0.0,0.1144790574908256,1,1,3,2,,0.0131054539233446,0.0,0.1144790574908256,1,1,3,2
raw_shared,shared_label_marginal,42,pDC__microglia_mhc2,pDC,microglia_mhc2,0.3656809017090271,0.1643297672271728,0.5392128977960005,0.0071668579864005,0.3091196128836175,0.012635501101613,0.0113297421485185,0.1144790574908256,1,1,3,2,,0.0131054539233446,0.0,0.1144790574908256,1,1,3,2,,0.0131054539233446,0.0,0.1144790574908256,1,1,3,2
raw_shared,periscope,43,cDC__astro,cDC,astro,0.131578165404906,0.0276861386373639,0.2295452315414259,0.0255565325108667,0.30504353588119,0.0074430336244404,0.0778479278087616,0.0895556211471557,1,1,3,2,-0.0494737460099862,0.0079180067405104,0.0096819000318646,0.0895556211471557,1,1,3,2,0.0867865783995729,0.0079886522144079,0.0053931628353893,0.0895556211471557,1,1,3,2
raw_shared,ot_ridge,43,cDC__astro,cDC,astro,0.3449218874106586,0.1261701236168543,0.4544400169156531,0.0349144124581168,-0.1936383023700385,0.0093036890029907,0.0275030955672264,0.0895556211471557,1,1,3,2,-0.2502237981493437,0.0081551829352974,0.0048165349289774,0.0895556211471557,1,1,3,2,-0.2114704840655558,0.0085492506623268,0.0151591822504997,0.0895556211471557,1,1,3,2
raw_shared,conditional_mlp,43,cDC__astro,cDC,astro,0.1222840875307871,0.0240073924263318,0.2116982753018202,0.0401447527110576,0.2368777918594358,0.0064810561016201,0.0620783902704715,0.0895556211471557,1,1,3,2,-0.0745047954598164,0.0080506522208452,0.0277744736522436,0.0895556211471557,1,1,3,2,-0.0500609437500327,0.0079485569149255,0.0247102864086627,0.0895556211471557,1,1,3,2
raw_shared,conditional_icnn,43,cDC__astro,cDC,astro,0.1123009596535296,0.0235955221578478,0.1847427788923986,0.1120649805913368,0.0426461476172238,0.0104150539264082,0.0787904933094978,0.0895556211471557,1,1,3,2,-0.2152085733678774,0.0112188979983329,0.0499871633946895,0.0895556211471557,1,1,3,2,-0.1989794004017007,0.0119206300005316,0.0542212165892124,0.0895556211471557,1,1,3,2
raw_shared,shared_label_mean,43,cDC__astro,cDC,astro,0.3603991579105109,0.1267797288795312,0.5104646268724546,6.394581993909508e-13,-0.0719084638067033,0.0083404351025819,0.01491329818964,0.0895556211471557,1,1,3,2,,0.0080202091485261,0.0,0.0895556211471557,1,1,3,2,,0.0080202091485261,0.0,0.0895556211471557,1,1,3,2
raw_shared,shared_label_marginal,43,cDC__astro,cDC,astro,0.2995255837451669,0.1259560814748208,0.3912389105211853,0.2413779559234778,0.1980333687262493,0.0079908911138772,0.018947584554553,0.0895556211471557,1,1,3,2,,0.0080202091485261,0.0,0.0895556211471557,1,1,3,2,,0.0080202091485261,0.0,0.0895556211471557,1,1,3,2
raw_shared,periscope,43,cDC__microglia_mhc2,cDC,microglia_mhc2,0.097408713991877,0.0264308392070233,0.2101263740878724,0.0475736611212293,0.1634835363283153,0.0208647772669792,0.0989154353737831,0.1144790574908256,1,1,3,2,-0.1063110227178298,0.0134110981598496,0.0144952218979597,0.1144790574908256,1,1,3,2,-0.0315654249874576,0.0130415558815002,0.0089553985744714,0.1144790574908256,1,1,3,2
raw_shared,ot_ridge,43,cDC__microglia_mhc2,cDC,microglia_mhc2,0.4329566866969015,0.2039753198623657,0.6343373102242387,9.791023512661924e-05,0.2838175581959755,0.0124862622469663,0.014444250613451,0.1144790574908256,1,1,3,2,-0.041807358469123,0.0131055880337953,0.0002620285085868,0.1144790574908256,1,1,3,2,-0.0020317881535423,0.0131018254905939,0.0003901845193468,0.1144790574908256,1,1,3,2
raw_shared,conditional_mlp,43,cDC__microglia_mhc2,cDC,microglia_mhc2,0.0946894773890674,0.025132933165878,0.2045468391354445,0.0473359351356824,0.157084112276952,0.0201056357473135,0.0974571406841278,0.1144790574908256,1,1,3,2,0.0044282462110671,0.013643835671246,0.03095637075603,0.1144790574908256,1,1,3,2,0.0261339552898642,0.0135317714884877,0.0299916472285985,0.1144790574908256,1,1,3,2
raw_shared,conditional_icnn,43,cDC__microglia_mhc2,cDC,microglia_mhc2,0.0929586233659049,0.025374732290705,0.1909237578816742,0.0688315319518248,0.176823879555386,0.0222792159765958,0.1081881821155548,0.1144790574908256,1,1,3,2,-0.0180499823402742,0.0134109547361731,0.0219411235302686,0.1144790574908256,1,1,3,2,0.0281972086362548,0.0132796019315719,0.0239918194711208,0.1144790574908256,1,1,3,2
raw_shared,shared_label_mean,43,cDC__microglia_mhc2,cDC,microglia_mhc2,0.4384484406407517,0.2072727779547373,0.6445485561702033,1.6493895008476422e-12,0.3303480141151275,0.0123049085959792,0.0165364071726799,0.1144790574908256,1,1,3,2,,0.0131054539233446,0.0,0.1144790574908256,1,1,3,2,,0.0131054539233446,0.0,0.1144790574908256,1,1,3,2
raw_shared,shared_label_marginal,43,cDC__microglia_mhc2,cDC,microglia_mhc2,0.4345629437420729,0.2063916424910227,0.5974015985888121,0.0112584307789802,0.3200373459111413,0.0123391943052411,0.0165480133146047,0.1144790574908256,1,1,3,2,,0.0131054539233446,0.0,0.1144790574908256,1,1,3,2,,0.0131054539233446,0.0,0.1144790574908256,1,1,3,2
raw_shared,periscope,43,classical_mono__astro,classical_mono,astro,0.1148072936502282,0.0257864534699668,0.2188377304351169,0.0346877174451947,0.3923814736934046,0.00715490616858,0.0780963748693466,0.0895556211471557,1,1,3,2,0.1967266008461484,0.0078133372589945,0.0052545927464962,0.0895556211471557,1,1,3,2,0.1878675968262218,0.0079012447968125,0.0061624110676348,0.0895556211471557,1,1,3,2
raw_shared,ot_ridge,43,classical_mono__astro,classical_mono,astro,0.3238176780814112,0.1258824896067381,0.4572568250848563,0.0347045892461513,-0.1551483248283923,0.0102710779756307,0.0393558517098426,0.0895556211471557,1,1,3,2,-0.0002299653315807,0.008023340255022,0.0005762157961726,0.0895556211471557,1,1,3,2,-0.205369396775331,0.0081634726375341,0.0055970386601984,0.0895556211471557,1,1,3,2
raw_shared,conditional_mlp,43,classical_mono__astro,classical_mono,astro,0.1070370201414591,0.0225164734292775,0.207102974819979,0.0502676867569486,0.4025710851957607,0.0059466031379997,0.0573825798928737,0.0895556211471557,1,1,3,2,0.2606953189264693,0.0075452509336173,0.0069594164378941,0.0895556211471557,1,1,3,2,0.3045355794200847,0.00756790721789,0.0060916007496416,0.0895556211471557,1,1,3,2
raw_shared,conditional_icnn,43,classical_mono__astro,classical_mono,astro,0.106874602556057,0.0240899986432244,0.195868692549752,0.0705832814176877,0.2590824707329998,0.0071474811993539,0.0604878552258014,0.0895556211471557,1,1,3,2,-0.0947163974735507,0.008304632268846,0.0099845807999372,0.0895556211471557,1,1,3,2,-0.0747410691797376,0.0084211863577365,0.010791752487421,0.0895556211471557,1,1,3,2
raw_shared,shared_label_mean,43,classical_mono__astro,classical_mono,astro,0.3383082021688643,0.1269616497059663,0.5106212899069426,6.628673078822844e-13,-0.039095514449879,0.0088865328580141,0.0258483011275529,0.0895556211471557,1,1,3,2,,0.0080202091485261,0.0,0.0895556211471557,1,1,3,2,,0.0080202091485261,0.0,0.0895556211471557,1,1,3,2
raw_shared,shared_label_marginal,43,classical_mono__astro,classical_mono,astro,0.2817139125478532,0.1271765933682521,0.3770559719735409,0.2694508532683054,-0.0088244198661445,0.0098320851102471,0.040533535182476,0.0895556211471557,1,1,3,2,,0.0080202091485261,0.0,0.0895556211471557,1,1,3,2,,0.0080202091485261,0.0,0.0895556211471557,1,1,3,2
raw_shared,periscope,43,classical_mono__microglia_mhc2,classical_mono,microglia_mhc2,0.0969746788799907,0.025896691561987,0.2037414129304802,0.0544374054297804,0.1799459832200477,0.021899864077568,0.1050493493676185,0.1144790574908256,1,1,3,2,-0.086304411385741,0.013396069407463,0.0130691584199666,0.1144790574908256,1,1,3,2,-0.0390774346334211,0.0131551893427968,0.0090383840724825,0.1144790574908256,1,1,3,2
raw_shared,ot_ridge,43,classical_mono__microglia_mhc2,classical_mono,microglia_mhc2,0.4354183849638213,0.2038713196913401,0.6342296432167449,0.0001045865058889,0.2762557135150958,0.0124732591211795,0.0158113613724708,0.1144790574908256,1,1,3,2,-0.0305825801982756,0.0131047368049621,0.0002778680354822,0.1144790574908256,1,1,3,2,0.0429390274887966,0.0130979595705866,0.0003709296288434,0.1144790574908256,1,1,3,2
raw_shared,conditional_mlp,43,classical_mono__microglia_mhc2,classical_mono,microglia_mhc2,0.0940028725851816,0.0241127076248327,0.2029215982256028,0.0471085871880253,0.1804407375562126,0.0186018515378236,0.0900695100426673,0.1144790574908256,1,1,3,2,-0.0171550847870535,0.0132328914478421,0.0183308385312557,0.1144790574908256,1,1,3,2,-0.0076057811535303,0.013219041749835,0.0178250595927238,0.1144790574908256,1,1,3,2
raw_shared,conditional_icnn,43,classical_mono__microglia_mhc2,classical_mono,microglia_mhc2,0.0918947309614558,0.024480292884012,0.1840659454232044,0.075535828868548,0.1919018182513096,0.0207082219421863,0.1013587862253189,0.1144790574908256,1,1,3,2,-0.0563072089372324,0.0131767904385924,0.0102457888424396,0.1144790574908256,1,1,3,2,-0.0229411519387957,0.0130325807258486,0.0101805422455072,0.1144790574908256,1,1,3,2
raw_shared,shared_label_mean,43,classical_mono__microglia_mhc2,classical_mono,microglia_mhc2,0.4411262623173497,0.2072981757422288,0.6447712440730535,1.5855171270224657e-12,0.3185112792028793,0.0123119316995143,0.0174780059605836,0.1144790574908256,1,1,3,2,,0.0131054539233446,0.0,0.1144790574908256,1,1,3,2,,0.0131054539233446,0.0,0.1144790574908256,1,1,3,2
raw_shared,shared_label_marginal,43,classical_mono__microglia_mhc2,classical_mono,microglia_mhc2,0.4367845977940075,0.2061791867017746,0.5969410229059643,0.011230618537714,0.2983250612378437,0.0123823527246713,0.0175046622753143,0.1144790574908256,1,1,3,2,,0.0131054539233446,0.0,0.1144790574908256,1,1,3,2,,0.0131054539233446,0.0,0.1144790574908256,1,1,3,2
raw_shared,periscope,43,nonclassical_mono__astro,nonclassical_mono,astro,0.1232677707709892,0.0270129789908727,0.2235283961501313,0.0292500165912012,0.3620395284610094,0.007213429082185,0.0777121484279632,0.0895556211471557,1,1,3,2,-0.0237385776384004,0.0079121924936771,0.0066195232793688,0.0895556211471557,1,1,3,2,0.0812841753602856,0.0079764798283576,0.0041056671179831,0.0895556211471557,1,1,3,2
raw_shared,ot_ridge,43,nonclassical_mono__astro,nonclassical_mono,astro,0.3308671048614999,0.1237670400490363,0.4526888995520851,0.0291818883270025,-0.1100522142851954,0.0082453908398747,0.0088041853159666,0.0895556211471557,1,1,3,2,-0.2772162963415019,0.0080714328214526,0.001830504159443,0.0895556211471557,1,1,3,2,-0.196329188780844,0.0082311481237411,0.0077479807659983,0.0895556211471557,1,1,3,2
raw_shared,conditional_mlp,43,nonclassical_mono__astro,nonclassical_mono,astro,0.1203561493635826,0.0253938875781993,0.2192581690792458,0.0278254876223703,0.3947112749237387,0.006004171911627,0.0598690174520015,0.0895556211471557,1,1,3,2,0.1516475741752853,0.0074518765322864,0.0088205942884087,0.0895556211471557,1,1,3,2,0.2809519988008231,0.007326447404921,0.0080033857375383,0.0895556211471557,1,1,3,2
raw_shared,conditional_icnn,43,nonclassical_mono__astro,nonclassical_mono,astro,0.1163941096788906,0.0263753465842455,0.1970416093890771,0.0679354711125294,0.3133417663569973,0.0067091528326272,0.0624032914638519,0.0895556211471557,1,1,3,2,-0.0854623227191559,0.0081122163683176,0.0073097348213195,0.0895556211471557,1,1,3,2,-0.0021009987222391,0.0080835446715354,0.0120914559811353,0.0895556211471557,1,1,3,2
raw_shared,shared_label_mean,43,nonclassical_mono__astro,nonclassical_mono,astro,0.3439087754502988,0.1241184404740731,0.5048765123562569,6.526234540485166e-13,-0.0123673729226484,0.0081169493496418,0.0104813734069466,0.0895556211471557,1,1,3,2,,0.0080202091485261,0.0,0.0895556211471557,1,1,3,2,,0.0080202091485261,0.0,0.0895556211471557,1,1,3,2
raw_shared,shared_label_marginal,43,nonclassical_mono__astro,nonclassical_mono,astro,0.2898799585309557,0.1268218047916889,0.3836790118622062,0.2587639229993025,-0.0133914329416828,0.008686433546245,0.0244749374687671,0.0895556211471557,1,1,3,2,,0.0080202091485261,0.0,0.0895556211471557,1,1,3,2,,0.0080202091485261,0.0,0.0895556211471557,1,1,3,2
raw_shared,periscope,43,nonclassical_mono__microglia_mhc2,nonclassical_mono,microglia_mhc2,0.0985587340050016,0.0266059168304006,0.2080544183171983,0.0511982357129454,0.1746695661097484,0.0212414115667343,0.1017631068825721,0.1144790574908256,1,1,3,2,-0.1076505941204562,0.0134147088974714,0.0131624275818467,0.1144790574908256,1,1,3,2,0.0140430959834809,0.0130445351824164,0.0091103911399841,0.1144790574908256,1,1,3,2
raw_shared,ot_ridge,43,nonclassical_mono__microglia_mhc2,nonclassical_mono,microglia_mhc2,0.4379410174180517,0.2063882487515608,0.6382200619515203,0.0001045369505542,0.2672854234256623,0.0124934120103716,0.0162466149777174,0.1144790574908256,1,1,3,2,-0.0037784379257414,0.0131020611152052,0.0003650473663583,0.1144790574908256,1,1,3,2,0.0472527018379294,0.0130940787494182,0.0005413211765699,0.1144790574908256,1,1,3,2
raw_shared,conditional_mlp,43,nonclassical_mono__microglia_mhc2,nonclassical_mono,microglia_mhc2,0.0956787245672108,0.0250073107890784,0.2060031435400766,0.0467200630034009,0.1761262122157541,0.0189303122460842,0.0912281051278114,0.1144790574908256,1,1,3,2,0.0133361839122396,0.0132545977830886,0.0177413299679756,0.1144790574908256,1,1,3,2,0.0692038184266038,0.0133124440908432,0.0215921178460121,0.1144790574908256,1,1,3,2
raw_shared,conditional_icnn,43,nonclassical_mono__microglia_mhc2,nonclassical_mono,microglia_mhc2,0.0929267850760797,0.025212414873143,0.1855900211026162,0.0785452481359243,0.2047967110217463,0.020403666421771,0.1017349436879158,0.1144790574908256,1,1,3,2,0.0722222106165428,0.0129894781857728,0.0114308111369609,0.1144790574908256,1,1,3,2,0.2003894485101505,0.0125704770907759,0.0125847589224576,0.1144790574908256,1,1,3,2
raw_shared,shared_label_mean,43,nonclassical_mono__microglia_mhc2,nonclassical_mono,microglia_mhc2,0.4435541264740834,0.2097827717661857,0.6486694652268421,1.6608867872604932e-12,0.3134336790440315,0.0123201264068484,0.0175013784319162,0.1144790574908256,1,1,3,2,,0.0131054539233446,0.0,0.1144790574908256,1,1,3,2,,0.0131054539233446,0.0,0.1144790574908256,1,1,3,2
raw_shared,shared_label_marginal,43,nonclassical_mono__microglia_mhc2,nonclassical_mono,microglia_mhc2,0.4410763865389774,0.209887766589721,0.6008960555922735,0.0117884945745269,0.3370298123422154,0.0122650396078825,0.017546271905303,0.1144790574908256,1,1,3,2,,0.0131054539233446,0.0,0.1144790574908256,1,1,3,2,,0.0131054539233446,0.0,0.1144790574908256,1,1,3,2
raw_shared,periscope,43,pDC__astro,pDC,astro,0.112640414041813,0.0239298904004196,0.2091517536767509,0.0541288796812295,0.366735644147252,0.0065532592125236,0.0697960630059242,0.0895556211471557,1,1,3,2,-0.1761138319769777,0.0081016942858695,0.0147264981642365,0.0895556211471557,1,1,3,2,-0.0968508244119098,0.008070190437138,0.0075339502654969,0.0895556211471557,1,1,3,2
raw_shared,ot_ridge,43,pDC__astro,pDC,astro,0.3303472263632371,0.1254983202864726,0.4618826189410143,0.0326564106847702,-0.2079323867393361,0.0112087586894631,0.0474018976092338,0.0895556211471557,1,1,3,2,-0.310441917980521,0.008088244125247,0.0022979103960096,0.0895556211471557,1,1,3,2,-0.184717105202606,0.0083071505650877,0.0101019097492098,0.0895556211471557,1,1,3,2
raw_shared,conditional_mlp,43,pDC__astro,pDC,astro,0.1011408022043953,0.0195856007436911,0.1796923119823857,0.0958736424023906,0.0435399335208717,0.0098762717097997,0.0644147768616676,0.0895556211471557,1,1,3,2,-0.1554355393199486,0.0112437969073653,0.0563150979578495,0.0895556211471557,1,1,3,2,-0.1691558210080636,0.012199118733406,0.0616515837609767,0.0895556211471557,1,1,3,2
raw_shared,conditional_icnn,43,pDC__astro,pDC,astro,0.1030771318833256,0.0267133324717481,0.1441314243684083,0.221396405249834,-0.029153461525021,0.0210559144616127,0.1171434521675109,0.0895556211471557,1,1,3,2,-0.1593700599073002,0.0174181088805198,0.0890511870384216,0.0895556211471557,1,1,3,2,-0.1559043837001398,0.0194055065512657,0.0957138836383819,0.0895556211471557,1,1,3,2
raw_shared,shared_label_mean,43,pDC__astro,pDC,astro,0.3473407110078704,0.1279007450987895,0.5122212375565529,6.576856210969059e-13,-0.0632408497431105,0.008376327343285,0.01498977933079,0.0895556211471557,1,1,3,2,,0.0080202091485261,0.0,0.0895556211471557,1,1,3,2,,0.0080202091485261,0.0,0.0895556211471557,1,1,3,2
raw_shared,shared_label_marginal,43,pDC__astro,pDC,astro,0.2925382110915906,0.1292467260112365,0.3900827124280389,0.2582262878616651,-0.0055441794221875,0.0087697198614478,0.0248867217451334,0.0895556211471557,1,1,3,2,,0.0080202091485261,0.0,0.0895556211471557,1,1,3,2,,0.0080202091485261,0.0,0.0895556211471557,1,1,3,2
raw_shared,periscope,43,pDC__microglia_mhc2,pDC,microglia_mhc2,0.09455758903546,0.0247648069635033,0.2051309279024964,0.0504100667312741,0.1913001311628473,0.018086178228259,0.0824565291404724,0.1144790574908256,1,1,3,2,-0.097587139903237,0.0133849568665027,0.0144165279343724,0.1144790574908256,1,1,3,2,-0.0047684539490732,0.0130657805129885,0.0084600625559687,0.1144790574908256,1,1,3,2
raw_shared,ot_ridge,43,pDC__microglia_mhc2,pDC,microglia_mhc2,0.4334389888108443,0.2038847667475541,0.6341023947522968,0.0001049593774951,0.2646842139949413,0.0125101935118436,0.0158544592559337,0.1144790574908256,1,1,3,2,0.2200860121795087,0.0130959590896964,0.0001880217314464,0.1144790574908256,1,1,3,2,0.046408903317,0.0130964200943708,0.0004356187710072,0.1144790574908256,1,1,3,2
raw_shared,conditional_mlp,43,pDC__microglia_mhc2,pDC,microglia_mhc2,0.094446527005125,0.0257885217045744,0.1901079007752129,0.0713575665528575,0.1751900288394661,0.0162583868950605,0.0753202363848686,0.1144790574908256,1,1,3,2,0.0506988751252654,0.0134005518630146,0.025207607075572,0.1144790574908256,1,1,3,2,0.0023550504200773,0.0137825822457671,0.0309436153620481,0.1144790574908256,1,1,3,2
raw_shared,conditional_icnn,43,pDC__microglia_mhc2,pDC,microglia_mhc2,0.0891244895645176,0.0225734633083144,0.1901492835177304,0.062561205898722,0.2131331348147586,0.0150305312126874,0.0674767941236496,0.1144790574908256,1,1,3,2,-0.0364600370387661,0.0129873687401413,0.014602979645133,0.1144790574908256,1,1,3,2,-0.0555265188639121,0.0129875820130109,0.0187151748687028,0.1144790574908256,1,1,3,2
raw_shared,shared_label_mean,43,pDC__microglia_mhc2,pDC,microglia_mhc2,0.4392569523891587,0.2073917811115582,0.6448053407532996,1.6625958332150185e-12,0.3168511197087602,0.0123345954343676,0.0168190579861402,0.1144790574908256,1,1,3,2,,0.0131054539233446,0.0,0.1144790574908256,1,1,3,2,,0.0131054539233446,0.0,0.1144790574908256,1,1,3,2
raw_shared,shared_label_marginal,43,pDC__microglia_mhc2,pDC,microglia_mhc2,0.4356774765256095,0.2065768589576085,0.5999735119284891,0.0102642201818525,0.3193254902270565,0.0122325308620929,0.0203878171741962,0.1144790574908256,1,1,3,2,,0.0131054539233446,0.0,0.1144790574908256,1,1,3,2,,0.0131054539233446,0.0,0.1144790574908256,1,1,3,2
raw_shared,periscope,44,cDC__astro,cDC,astro,0.1282816114194763,0.026569583453238,0.2353525287752682,0.0352101046591997,0.2960538315234405,0.0075488006696105,0.0775487869977951,0.0895556211471557,1,1,3,2,-0.0696361069036968,0.0083098877221345,0.00544273853302,0.0895556211471557,1,1,3,2,-0.1756529667706844,0.0083667375147342,0.0057745613157749,0.0895556211471557,1,1,3,2
raw_shared,ot_ridge,44,cDC__astro,cDC,astro,0.3358555661165188,0.1204808341960112,0.4458850408406985,0.0303224905704458,-0.1468598119232967,0.0094808684661984,0.0309730041772127,0.0895556211471557,1,1,3,2,0.0997136763942507,0.0079831955954432,0.0023298396263271,0.0895556211471557,1,1,3,2,-0.2072638019392172,0.0080910911783576,0.0044456436298787,0.0895556211471557,1,1,3,2
raw_shared,conditional_mlp,44,cDC__astro,cDC,astro,0.130236724180269,0.0269988391858836,0.2274201428301069,0.0251285778358578,0.2818300892463069,0.0073966844938695,0.0128508592024445,0.0895556211471557,1,1,3,2,-0.0360294953642605,0.0090724611654877,0.0151770375669002,0.0895556211471557,1,1,3,2,-0.0427103773243431,0.0089752981439232,0.014562714844942,0.0895556211471557,1,1,3,2
raw_shared,conditional_icnn,44,cDC__astro,cDC,astro,0.1123802006447498,0.0229620858250806,0.1870578694284398,0.0945614942659934,0.1290877014726223,0.0069555938243865,0.0484382808208465,0.0895556211471557,1,1,3,2,-0.3009332884347501,0.0093569699674844,0.0191735588014125,0.0895556211471557,1,1,3,2,-0.2486823229127265,0.0097608780488371,0.022136278450489,0.0895556211471557,1,1,3,2
raw_shared,shared_label_mean,44,cDC__astro,cDC,astro,0.3431704058513326,0.1179139564434687,0.4948051627323967,5.719550177079914e-13,-0.0779203259664945,0.0083398194983601,0.0135497525334358,0.0895556211471557,1,1,3,2,,0.0080202091485261,0.0,0.0895556211471557,1,1,3,2,,0.0080202091485261,0.0,0.0895556211471557,1,1,3,2
raw_shared,shared_label_marginal,44,cDC__astro,cDC,astro,0.2887717896269598,0.1173588720460732,0.3806530604907411,0.2154688437779744,0.1930930651768853,0.008029923774302,0.0191110149025917,0.0895556211471557,1,1,3,2,,0.0080202091485261,0.0,0.0895556211471557,1,1,3,2,,0.0080202091485261,0.0,0.0895556211471557,1,1,3,2
raw_shared,periscope,44,cDC__microglia_mhc2,cDC,microglia_mhc2,0.0964815414379846,0.0257448389505346,0.2116161970484921,0.0439678020775318,0.1721653841909969,0.0200008489191532,0.0939014479517936,0.1144790574908256,1,1,3,2,-0.0927969377759087,0.0133647071197628,0.0067980652675032,0.1144790574908256,1,1,3,2,0.0276918259689502,0.0134174162521958,0.0094224466010928,0.1144790574908256,1,1,3,2
raw_shared,ot_ridge,44,cDC__microglia_mhc2,cDC,microglia_mhc2,0.3996450677072526,0.1838930808007717,0.6002246517627274,0.0001410025348983,0.3341680688190928,0.012395286001265,0.0135639980435371,0.1144790574908256,1,1,3,2,-0.3235579269880272,0.0131184328347444,0.0002070806949632,0.1144790574908256,1,1,3,2,-0.1039209585787664,0.013125299476087,0.0006026437622494,0.1144790574908256,1,1,3,2
raw_shared,conditional_mlp,44,cDC__microglia_mhc2,cDC,microglia_mhc2,0.0912262857089963,0.0232364006030062,0.2011106634480499,0.0440985690802335,0.0562241046725068,0.0130678573623299,0.0123929530382156,0.1144790574908256,1,1,3,2,-0.1799991518819773,0.0138767519965767,0.0158020164817571,0.1144790574908256,1,1,3,2,-0.19408617080776,0.0140467565506696,0.0174073670059442,0.1144790574908256,1,1,3,2
raw_shared,conditional_icnn,44,cDC__microglia_mhc2,cDC,microglia_mhc2,0.0901633347473319,0.0236846292391419,0.19103893578904,0.0650056004524231,0.1666184671618343,0.0165895316749811,0.0687727704644203,0.1144790574908256,1,1,3,2,-0.1738272383649571,0.0139712030068039,0.0162272807210683,0.1144790574908256,1,1,3,2,-0.245370073121925,0.0143222790211439,0.016687449067831,0.1144790574908256,1,1,3,2
raw_shared,shared_label_mean,44,cDC__microglia_mhc2,cDC,microglia_mhc2,0.4034482965265306,0.1860985644161701,0.6097001920003963,1.554235725941914e-12,0.3452394477828208,0.0123480018228292,0.01477986946702,0.1144790574908256,1,1,3,2,,0.0131054539233446,0.0,0.1144790574908256,1,1,3,2,,0.0131054539233446,0.0,0.1144790574908256,1,1,3,2
raw_shared,shared_label_marginal,44,cDC__microglia_mhc2,cDC,microglia_mhc2,0.3999275697113613,0.1852077096700668,0.5693959808685524,0.009226561912025,0.3340061255705727,0.0123904049396514,0.0139611680060625,0.1144790574908256,1,1,3,2,,0.0131054539233446,0.0,0.1144790574908256,1,1,3,2,,0.0131054539233446,0.0,0.1144790574908256,1,1,3,2
raw_shared,periscope,44,classical_mono__astro,classical_mono,astro,0.1109100735040722,0.0246204289918144,0.2221976483232928,0.0512555648262302,0.3710857570516213,0.0073420475237071,0.076943539083004,0.0895556211471557,1,1,3,2,0.1830238483233309,0.0083206947892904,0.0121795749291777,0.0895556211471557,1,1,3,2,0.0498925818517929,0.0083995619788765,0.0126410275697708,0.0895556211471557,1,1,3,2
raw_shared,ot_ridge,44,classical_mono__astro,classical_mono,astro,0.3147588289770788,0.1200698111206293,0.4463097186322198,0.0286798541589329,-0.140256917645049,0.0094481082633137,0.0305666867643594,0.0895556211471557,1,1,3,2,0.1603203837231601,0.0079676872119307,0.0031367978081107,0.0895556211471557,1,1,3,2,0.0960370093173114,0.0080162184312939,0.0134855965152382,0.0895556211471557,1,1,3,2
raw_shared,conditional_mlp,44,classical_mono__astro,classical_mono,astro,0.1140169713297771,0.0251471518228451,0.2185739819908697,0.0323472563177347,0.2085855690217514,0.0074546812102198,0.0141333369538187,0.0895556211471557,1,1,3,2,-0.0619259102850269,0.0091986954212188,0.0169310048222541,0.0895556211471557,1,1,3,2,-0.0850926051380754,0.0091204363852739,0.0158608257770538,0.0895556211471557,1,1,3,2
raw_shared,conditional_icnn,44,classical_mono__astro,classical_mono,astro,0.1105210594485869,0.0242603225633502,0.2247463612557914,0.0466413190588355,0.2392562123304895,0.0060380338691174,0.04338850826025,0.0895556211471557,1,1,3,2,-0.1738907370809623,0.0086351204663515,0.0078403558582067,0.0895556211471557,1,1,3,2,-0.2877768451023791,0.0094341514632105,0.0138006806373596,0.0895556211471557,1,1,3,2
raw_shared,shared_label_mean,44,classical_mono__astro,classical_mono,astro,0.32185952344966,0.1181898595144351,0.4951179540704978,5.842377453496815e-13,-0.0470329470796321,0.008833204396069,0.0238044038414955,0.0895556211471557,1,1,3,2,,0.0080202091485261,0.0,0.0895556211471557,1,1,3,2,,0.0080202091485261,0.0,0.0895556211471557,1,1,3,2
raw_shared,shared_label_marginal,44,classical_mono__astro,classical_mono,astro,0.2721647172885623,0.1190115014712015,0.3678238077079615,0.2410742615660031,-0.018410065740405,0.0096927750855684,0.0377990901470184,0.0895556211471557,1,1,3,2,,0.0080202091485261,0.0,0.0895556211471557,1,1,3,2,,0.0080202091485261,0.0,0.0895556211471557,1,1,3,2
raw_shared,periscope,44,classical_mono__microglia_mhc2,classical_mono,microglia_mhc2,0.0957931444871864,0.024965067859739,0.2061996814828807,0.0488007422536611,0.1753620390774891,0.0204395577311515,0.0960045233368873,0.1144790574908256,1,1,3,2,0.0133572456430444,0.0135278645902872,0.0112481899559497,0.1144790574908256,1,1,3,2,-0.0095382824362195,0.0136893708258867,0.0125072337687015,0.1144790574908256,1,1,3,2
raw_shared,ot_ridge,44,classical_mono__microglia_mhc2,classical_mono,microglia_mhc2,0.401286708666706,0.1833531061808268,0.5995953285132516,0.0001373758556534,0.3268448465780799,0.0123946880921721,0.013801684603095,0.1144790574908256,1,1,3,2,-0.3148294496236108,0.013121023774147,0.000249188276939,0.1144790574908256,1,1,3,2,-0.1361114608124653,0.0131252808496356,0.0005130490753799,0.1144790574908256,1,1,3,2
raw_shared,conditional_mlp,44,classical_mono__microglia_mhc2,classical_mono,microglia_mhc2,0.0905096950122045,0.0224580583162605,0.195576703709481,0.049664651043713,0.1063292093037969,0.0129246776923537,0.0119368452578783,0.1144790574908256,1,1,3,2,-0.1446838115706959,0.0140121579170227,0.0195428449660539,0.1144790574908256,1,1,3,2,-0.1469400601293211,0.0141953183338046,0.0213976297527551,0.1144790574908256,1,1,3,2
raw_shared,conditional_icnn,44,classical_mono__microglia_mhc2,classical_mono,microglia_mhc2,0.0937560530153627,0.0242771614963809,0.1986470157076473,0.0558860454087456,0.1499505457603547,0.0165724586695432,0.0647486746311187,0.1144790574908256,1,1,3,2,-0.0105947285090266,0.0144770331680774,0.0245044101029634,0.1144790574908256,1,1,3,2,-0.2072617965099631,0.0151232043281197,0.0255271736532449,0.1144790574908256,1,1,3,2
raw_shared,shared_label_mean,44,classical_mono__microglia_mhc2,classical_mono,microglia_mhc2,0.4054486332491729,0.1857679026822249,0.6093904639375882,1.4600145727099397e-12,0.3390426853661693,0.012367220595479,0.0143739907070994,0.1144790574908256,1,1,3,2,,0.0131054539233446,0.0,0.1144790574908256,1,1,3,2,,0.0131054539233446,0.0,0.1144790574908256,1,1,3,2
raw_shared,shared_label_marginal,44,classical_mono__microglia_mhc2,classical_mono,microglia_mhc2,0.4016290981675626,0.1847444387773673,0.5680218276521316,0.0092702554538846,0.2879156408477807,0.0124800270423293,0.0135553693398833,0.1144790574908256,1,1,3,2,,0.0131054539233446,0.0,0.1144790574908256,1,1,3,2,,0.0131054539233446,0.0,0.1144790574908256,1,1,3,2
raw_shared,periscope,44,nonclassical_mono__astro,nonclassical_mono,astro,0.1180832052179267,0.0254685534164309,0.2253207110372715,0.047589817084372,0.3642710265785084,0.0074025597423315,0.078373372554779,0.0895556211471557,1,1,3,2,0.2091838458390277,0.0081695970147848,0.0094406846910715,0.0895556211471557,1,1,3,2,0.0762197222908112,0.0081711411476135,0.0097007742151618,0.0895556211471557,1,1,3,2
raw_shared,ot_ridge,44,nonclassical_mono__astro,nonclassical_mono,astro,0.3206879050819873,0.11674257243673,0.4472630021250899,0.0186269766806314,-0.1338964045074242,0.008454667404294,0.0144079867750406,0.0895556211471557,1,1,3,2,0.1484132572051676,0.0079720299690961,0.0027735508047044,0.0895556211471557,1,1,3,2,0.0635621349365584,0.0079863397404551,0.0076912008225917,0.0895556211471557,1,1,3,2
raw_shared,conditional_mlp,44,nonclassical_mono__astro,nonclassical_mono,astro,0.1216512010645318,0.0260049082959691,0.2233922234538272,0.027202571897457,0.1907946525013464,0.0074600158259272,0.0103685054928064,0.0895556211471557,1,1,3,2,-0.1557633114566465,0.009034520946443,0.0120916897431015,0.0895556211471557,1,1,3,2,-0.2245426662754001,0.0090544754639267,0.0113751832395792,0.0895556211471557,1,1,3,2
raw_shared,conditional_icnn,44,nonclassical_mono__astro,nonclassical_mono,astro,0.1120779495997504,0.0222050523540625,0.2138942530284001,0.0415307205791274,0.3688749833097757,0.0058096563443541,0.0463589392602443,0.0895556211471557,1,1,3,2,-0.0236313379559377,0.0088988281786441,0.020702701061964,0.0895556211471557,1,1,3,2,-0.0916678327762593,0.0092709939926862,0.0212197247892618,0.0895556211471557,1,1,3,2
raw_shared,shared_label_mean,44,nonclassical_mono__astro,nonclassical_mono,astro,0.3273964891658318,0.1155033974597851,0.4896113091456739,5.809899228743111e-13,-0.0223990919302948,0.0081404596567153,0.0092468531802296,0.0895556211471557,1,1,3,2,,0.0080202091485261,0.0,0.0895556211471557,1,1,3,2,,0.0080202091485261,0.0,0.0895556211471557,1,1,3,2
raw_shared,shared_label_marginal,44,nonclassical_mono__astro,nonclassical_mono,astro,0.2792856713889998,0.1182010813305775,0.3731267658744979,0.2324062138795852,-0.014095068837813,0.0086511773988604,0.0226769372820854,0.0895556211471557,1,1,3,2,,0.0080202091485261,0.0,0.0895556211471557,1,1,3,2,,0.0080202091485261,0.0,0.0895556211471557,1,1,3,2
raw_shared,periscope,44,nonclassical_mono__microglia_mhc2,nonclassical_mono,microglia_mhc2,0.0970608504265022,0.0256121826047698,0.20901485389985,0.0474435134480396,0.1778997536908279,0.0205578878521919,0.0972992405295372,0.1144790574908256,1,1,3,2,-0.012601022514856,0.0133655630052089,0.0068978569470345,0.1144790574908256,1,1,3,2,0.0023155566054497,0.0133815258741378,0.0081516476348042,0.1144790574908256,1,1,3,2
raw_shared,ot_ridge,44,nonclassical_mono__microglia_mhc2,nonclassical_mono,microglia_mhc2,0.4043094615157713,0.1860396812359492,0.6037949956808711,0.0001481372019043,0.3250138790140861,0.0124106230214238,0.0134892985224723,0.1144790574908256,1,1,3,2,-0.3236308254340797,0.0131175015121698,0.0001919245987664,0.1144790574908256,1,1,3,2,-0.1268263537228165,0.0131214642897248,0.0004311054362915,0.1144790574908256,1,1,3,2
raw_shared,conditional_mlp,44,nonclassical_mono__microglia_mhc2,nonclassical_mono,microglia_mhc2,0.0931945870459869,0.0235189752032359,0.2041311379999584,0.0422510638212164,0.0704124482990096,0.0130837261676788,0.0102703347802162,0.1144790574908256,1,1,3,2,-0.1972641533659491,0.0139318760484457,0.0154762370511889,0.1144790574908256,1,1,3,2,-0.2140053147332804,0.0140765849500894,0.0166585445404052,0.1144790574908256,1,1,3,2
raw_shared,conditional_icnn,44,nonclassical_mono__microglia_mhc2,nonclassical_mono,microglia_mhc2,0.0953980029562403,0.0248577425566812,0.2054197180264811,0.0481273711969455,0.1790185285665365,0.0154223795980215,0.0596793070435524,0.1144790574908256,1,1,3,2,0.0018305172294371,0.0136597221717238,0.0202823206782341,0.1144790574908256,1,1,3,2,-0.139473490391605,0.0139620658010244,0.0191888995468616,0.1144790574908256,1,1,3,2
raw_shared,shared_label_mean,44,nonclassical_mono__microglia_mhc2,nonclassical_mono,microglia_mhc2,0.4083574586328694,0.1884033444027106,0.6136779973508653,1.516931030657101e-12,0.3380362107334798,0.012374491430819,0.0140898209065198,0.1144790574908256,1,1,3,2,,0.0131054539233446,0.0,0.1144790574908256,1,1,3,2,,0.0131054539233446,0.0,0.1144790574908256,1,1,3,2
raw_shared,shared_label_marginal,44,nonclassical_mono__microglia_mhc2,nonclassical_mono,microglia_mhc2,0.4063128491869553,0.1884993910789489,0.5722046561474696,0.0097939271169404,0.3437062092935585,0.0123570617288351,0.0156111987307667,0.1144790574908256,1,1,3,2,,0.0131054539233446,0.0,0.1144790574908256,1,1,3,2,,0.0131054539233446,0.0,0.1144790574908256,1,1,3,2
raw_shared,periscope,44,pDC__astro,pDC,astro,0.1142333163249229,0.0245131294553478,0.2222082062682458,0.0517452393348018,0.3294631235450119,0.0069646094925701,0.0669653937220573,0.0895556211471557,1,1,3,2,0.0347403296285362,0.0083833001554012,0.0088313240557909,0.0895556211471557,1,1,3,2,-0.0855820812182398,0.0084755262359976,0.0088990442454814,0.0895556211471557,1,1,3,2
raw_shared,ot_ridge,44,pDC__astro,pDC,astro,0.3202976795085673,0.1186442598700523,0.450616867043817,0.0215134002889196,-0.1624027586769781,0.0093807568773627,0.0294861551374197,0.0895556211471557,1,1,3,2,-0.0271825665559998,0.0080148307606577,0.0010396520374342,0.0895556211471557,1,1,3,2,0.0958755581913594,0.0080071901902556,0.0132595766335725,0.0895556211471557,1,1,3,2
raw_shared,conditional_mlp,44,pDC__astro,pDC,astro,0.1023202835637643,0.0194080167760451,0.1834451168266031,0.0712321158498525,0.1055405710728851,0.007541655562818,0.0135199315845966,0.0895556211471557,1,1,3,2,-0.1431239999243636,0.0090168854221701,0.0161412470042705,0.0895556211471557,1,1,3,2,-0.1492759277063874,0.0089657083153724,0.0160749051719903,0.0895556211471557,1,1,3,2
raw_shared,conditional_icnn,44,pDC__astro,pDC,astro,0.1116723606994617,0.0306478386434416,0.1611260614823651,0.2075040017565091,-0.0759241203842417,0.0399272255599498,0.1752742975950241,0.0895556211471557,1,1,3,2,-0.1856701684140607,0.0385282561182975,0.1615308672189712,0.0895556211471557,1,1,3,2,-0.1333240393802666,0.0406690761446952,0.1672818064689636,0.0895556211471557,1,1,3,2
raw_shared,shared_label_mean,44,pDC__astro,pDC,astro,0.330663487085635,0.1191209287693103,0.496693884663888,6.137195560417785e-13,-0.0711526953708078,0.0083626043051481,0.0135100912302732,0.0895556211471557,1,1,3,2,,0.0080202091485261,0.0,0.0895556211471557,1,1,3,2,,0.0080202091485261,0.0,0.0895556211471557,1,1,3,2
raw_shared,shared_label_marginal,44,pDC__astro,pDC,astro,0.2816794098136217,0.1204840739568074,0.3792814230933515,0.2315267597635587,-0.021858953794695,0.0088099781423807,0.023317277431488,0.0895556211471557,1,1,3,2,,0.0080202091485261,0.0,0.0895556211471557,1,1,3,2,,0.0080202091485261,0.0,0.0895556211471557,1,1,3,2
raw_shared,periscope,44,pDC__microglia_mhc2,pDC,microglia_mhc2,0.0962913009022255,0.0250747775038083,0.213652737505015,0.0405196078742543,0.1729196657865744,0.0178008861839771,0.0778146162629127,0.1144790574908256,1,1,3,2,0.010713073349696,0.0135981701314449,0.0131843574345111,0.1144790574908256,1,1,3,2,0.0023256631327108,0.013836239464581,0.0157984755933284,0.1144790574908256,1,1,3,2
raw_shared,ot_ridge,44,pDC__microglia_mhc2,pDC,microglia_mhc2,0.3984864035281537,0.1828214128812154,0.5993643816258281,0.0001078261939255,0.2953591094860004,0.0125274155288934,0.011984784156084,0.1144790574908256,1,1,3,2,-0.3160854764214584,0.0131385996937751,0.0005811554729007,0.1144790574908256,1,1,3,2,-0.2068541656708234,0.0131225306540727,0.0003593459550756,0.1144790574908256,1,1,3,2
raw_shared,conditional_mlp,44,pDC__microglia_mhc2,pDC,microglia_mhc2,0.0889503133951966,0.022941752259309,0.184242855244495,0.066204729800423,0.1429797856741569,0.0131608648225665,0.0174887925386428,0.1144790574908256,1,1,3,2,-0.1148978390660934,0.0140537917613983,0.01852947473526,0.1144790574908256,1,1,3,2,-0.100621767935843,0.0141707630828022,0.0208393111824989,0.1144790574908256,1,1,3,2
raw_shared,conditional_icnn,44,pDC__microglia_mhc2,pDC,microglia_mhc2,0.0904304824137656,0.0233691425528377,0.1913122906341648,0.0624351967126131,0.0306632495994211,0.0171745885163545,0.0507210232317447,0.1144790574908256,1,1,3,2,-0.131611556406721,0.0175926182419061,0.04484598711133,0.1144790574908256,1,1,3,2,-0.2329965459826281,0.0209806580096483,0.0648411139845848,0.1144790574908256,1,1,3,2
raw_shared,shared_label_mean,44,pDC__microglia_mhc2,pDC,microglia_mhc2,0.4042977003119397,0.1862149760127067,0.6100366028937183,1.433063710016766e-12,0.3393477901997621,0.0123742064461112,0.0142815858125686,0.1144790574908256,1,1,3,2,,0.0131054539233446,0.0,0.1144790574908256,1,1,3,2,,0.0131054539233446,0.0,0.1144790574908256,1,1,3,2
raw_shared,shared_label_marginal,44,pDC__microglia_mhc2,pDC,microglia_mhc2,0.4014260354687079,0.1856042432288329,0.5716652567434881,0.0084028292912989,0.3420999913395876,0.0122490655630826,0.0185859613120555,0.1144790574908256,1,1,3,2,,0.0131054539233446,0.0,0.1144790574908256,1,1,3,2,,0.0131054539233446,0.0,0.1144790574908256,1,1,3,2
original_cellot,cellot,42,cDC__astro,cDC,astro,0.1068913753846109,0.0217204233631491,0.1478443829167022,0.1184159412980079,0.1910475478147747,0.0136955175548791,0.105681762099266,0.0895556211471557,1,1,3,2,-0.0730469586924948,0.0195754915475845,0.0962672084569931,0.0895556211471557,1,1,3,2,-0.0263114795756607,0.0172941274940967,0.0885168686509132,0.0895556211471557,1,1,3,2
original_cellot,cellot,42,cDC__microglia_mhc2,cDC,microglia_mhc2,0.0889560729046054,0.0265298286452889,0.1562880743293068,0.1441810593008995,0.1717756902480347,0.0248015783727169,0.1238943114876747,0.1144790574908256,1,1,3,2,0.0727395244227292,0.0244912318885326,0.1289903670549392,0.1144790574908256,1,1,3,2,0.0790370699426642,0.0181378331035375,0.0920778289437294,0.1144790574908256,1,1,3,2
original_cellot,cellot,42,classical_mono__astro,classical_mono,astro,0.0965439500362025,0.0200087924487888,0.1533890701849456,0.0946931727230548,0.2855950624737791,0.0098616685718297,0.0964440107345581,0.0895556211471557,1,1,3,2,0.1081363752871427,0.0097821522504091,0.0549360886216163,0.0895556211471557,1,1,3,2,0.0429232736912247,0.0099860271438956,0.051102265715599,0.0895556211471557,1,1,3,2
original_cellot,cellot,42,classical_mono__microglia_mhc2,classical_mono,microglia_mhc2,0.0890111326346199,0.0261280255392193,0.1461862963929778,0.1399865582585334,0.2126107588462187,0.0250531397759914,0.116296648979187,0.1144790574908256,1,1,3,2,0.0402184594519025,0.020422738045454,0.0846782624721527,0.1144790574908256,1,1,3,2,0.0256629376612771,0.0181679185479879,0.0752889215946197,0.1144790574908256,1,1,3,2
original_cellot,cellot,42,nonclassical_mono__astro,nonclassical_mono,astro,0.10695693951628,0.0216985085979104,0.1636080456227287,0.083246299624443,0.2566124352913543,0.014824504032731,0.1167530715465545,0.0895556211471557,1,1,3,2,0.0261898641572779,0.0105975363403558,0.054042387753725,0.0895556211471557,1,1,3,2,0.0330020298995198,0.0096413511782884,0.0469724126160144,0.0895556211471557,1,1,3,2
original_cellot,cellot,42,nonclassical_mono__microglia_mhc2,nonclassical_mono,microglia_mhc2,0.1070677362531881,0.0424997210502624,0.1426078058083469,0.3358968153595924,0.0450990765618528,0.0408439971506595,0.1846950054168701,0.1144790574908256,1,1,3,2,-0.0023805113392459,0.0225548427551984,0.1067574694752693,0.1144790574908256,1,1,3,2,0.0976924745762605,0.0383702777326107,0.183133840560913,0.1144790574908256,1,1,3,2
original_cellot,cellot,42,pDC__astro,pDC,astro,0.2323325670088995,266.6518801663071,12.203200837732652,684.920176179707,0.0298443754599604,665.9373168945312,25.810569763183594,0.0895556211471557,1,1,3,2,-0.0264098757559386,93.4228286743164,9.660632133483888,0.0895556211471557,1,1,3,2,0.104439974487632,0.0312579497694969,0.1549205482006073,0.0895556211471557,1,1,3,2
original_cellot,cellot,42,pDC__microglia_mhc2,pDC,microglia_mhc2,0.0977471536515308,3.3755037989467382,0.3562559094385356,185.2373599201441,0.0687452610602017,8.31872844696045,2.9030771255493164,0.1144790574908256,1,1,3,2,-0.0488625798306466,2.8672916889190674,1.675254225730896,0.1144790574908256,1,1,3,2,0.0619241552984055,0.0178070962429046,0.0901483595371246,0.1144790574908256,1,1,3,2
original_cellot,cellot,43,cDC__astro,cDC,astro,0.1092096548942469,0.0210967529565095,0.1535879534937551,0.0969060570001602,0.1478898347072751,0.0156782977283,0.0957444757223129,0.0895556211471557,1,1,3,2,0.0085128364853651,0.0256017800420522,0.1259368807077407,0.0895556211471557,1,1,3,2,-0.1084883289665659,0.0151011645793914,0.0688395649194717,0.0895556211471557,1,1,3,2
original_cellot,cellot,43,cDC__microglia_mhc2,cDC,microglia_mhc2,0.085525762493047,0.0259788662195205,0.1420358296608569,0.1636599794030189,0.2254563461604958,0.0192702356725931,0.1020266562700271,0.1144790574908256,1,1,3,2,-0.016568674384266,0.028870677575469,0.1318003684282302,0.1144790574908256,1,1,3,2,0.0608639013857177,0.0181847810745239,0.0902244597673416,0.1144790574908256,1,1,3,2
original_cellot,cellot,43,classical_mono__astro,classical_mono,astro,0.1060805550635475,0.0256766270846128,0.1468860860929733,0.1563784882426261,-0.0486725940814392,0.0341649018228054,0.1752929836511612,0.0895556211471557,1,1,3,2,-0.0503938341936328,0.0097783934324979,0.0472665876150131,0.0895556211471557,1,1,3,2,-0.0043197336705817,0.022863682359457,0.1241371855139732,0.0895556211471557,1,1,3,2
original_cellot,cellot,43,classical_mono__microglia_mhc2,classical_mono,microglia_mhc2,0.0866223161776307,0.0254606222733855,0.1408527078048405,0.1505107790231704,0.2044466052097179,0.0232754945755004,0.1097394526004791,0.1144790574908256,1,1,3,2,0.0083401333749069,0.0219671037048101,0.0919143334031105,0.1144790574908256,1,1,3,2,0.0185363495189897,0.0175023078918457,0.0715280696749687,0.1144790574908256,1,1,3,2
original_cellot,cellot,43,nonclassical_mono__astro,nonclassical_mono,astro,0.1034333939774452,0.0223105065524578,0.1478528384048142,0.1108132556080818,0.1753121849877814,0.0126018412411212,0.1071874275803566,0.0895556211471557,1,1,3,2,-0.054068560068251,0.0127178467810153,0.0653830915689468,0.0895556211471557,1,1,3,2,0.0975954387876365,0.0110843144357204,0.0633470714092254,0.0895556211471557,1,1,3,2
original_cellot,cellot,43,nonclassical_mono__microglia_mhc2,nonclassical_mono,microglia_mhc2,0.0949099888954575,0.0292191781103611,0.1508728656217943,0.1470094338059425,0.2229973348204409,0.0290723275393247,0.1466398537158966,0.1144790574908256,1,1,3,2,0.0229096676219803,0.0220723524689674,0.1075006276369094,0.1144790574908256,1,1,3,2,0.0437900017115838,0.0229768939316272,0.123006097972393,0.1144790574908256,1,1,3,2
original_cellot,cellot,43,pDC__astro,pDC,astro,0.1451912987966432,0.0512653307989239,0.1900995499736947,0.1966751813888549,0.0932131234990421,0.0986471176147461,0.3070417940616607,0.0895556211471557,1,1,3,2,0.0645396218396966,5.072560787200928,2.258378744125366,0.0895556211471557,1,1,3,2,0.1239583252594842,0.0284123998135328,0.1452783644199371,0.0895556211471557,1,1,3,2
original_cellot,cellot,43,pDC__microglia_mhc2,pDC,microglia_mhc2,0.1109636119042839,0.0705202173441648,0.1763595523730506,1.1162069380283357,0.1602317021994564,0.1357923001050949,0.376347541809082,0.1144790574908256,1,1,3,2,-0.0508143407028105,6.714190483093262,2.5691142082214355,0.1144790574908256,1,1,3,2,0.0501882582145637,0.0181170888245105,0.0850714892148971,0.1144790574908256,1,1,3,2
original_cellot,cellot,44,cDC__astro,cDC,astro,0.1082901416313163,0.022235800512135,0.1507309968629245,0.1057139962911605,0.2006073177122821,0.0125161558389663,0.0992839634418487,0.0895556211471557,1,1,3,2,-0.0277204232749546,0.0218098666518926,0.1095320880413055,0.0895556211471557,1,1,3,2,-0.121987142303751,0.0173084028065204,0.0780526399612426,0.0895556211471557,1,1,3,2
original_cellot,cellot,44,cDC__microglia_mhc2,cDC,microglia_mhc2,0.0838876242923845,0.0256053330376744,0.140252311457327,0.1771982118487358,0.2123972918345059,0.0199768841266632,0.1069356203079223,0.1144790574908256,1,1,3,2,0.014551614905644,0.0253472533077001,0.1265064179897308,0.1144790574908256,1,1,3,2,0.1014912090726814,0.0188634879887104,0.0961464717984199,0.1144790574908256,1,1,3,2
original_cellot,cellot,44,classical_mono__astro,classical_mono,astro,0.1064689848589992,0.0294460240751504,0.1366738649085687,0.2529027298092842,-0.0616461782061644,0.035831332206726,0.1784694641828537,0.0895556211471557,1,1,3,2,0.0009828926206029,0.0113416919484734,0.0569649972021579,0.0895556211471557,1,1,3,2,-0.0446778297970761,0.0344503261148929,0.1597246825695037,0.0895556211471557,1,1,3,2
original_cellot,cellot,44,classical_mono__microglia_mhc2,classical_mono,microglia_mhc2,0.087527085135924,0.0263841480016708,0.1399158525245329,0.1613243281841278,0.1991358450177242,0.0257972124963998,0.1233494281768798,0.1144790574908256,1,1,3,2,0.036269172348595,0.021261591464281,0.0954156666994094,0.1144790574908256,1,1,3,2,0.0292021257563593,0.0172112248837947,0.0728550478816032,0.1144790574908256,1,1,3,2
original_cellot,cellot,44,nonclassical_mono__astro,nonclassical_mono,astro,0.1062571878249424,0.0221844350919127,0.1583150050873794,0.0889311403036117,0.1833552480058523,0.0130455009639263,0.0920983776450157,0.0895556211471557,1,1,3,2,0.0238199426371931,0.0106414761394262,0.0516177900135517,0.0895556211471557,1,1,3,2,0.1129117403116025,0.0105242580175399,0.0591521710157394,0.0895556211471557,1,1,3,2
original_cellot,cellot,44,nonclassical_mono__microglia_mhc2,nonclassical_mono,microglia_mhc2,0.0913860094280603,0.028085945174098,0.1435256567729594,0.1579372242093086,0.2316041705789634,0.0258717313408851,0.1369006633758545,0.1144790574908256,1,1,3,2,0.0525358811358307,0.0244920719414949,0.1208976060152053,0.1144790574908256,1,1,3,2,0.0841436464248368,0.0201155096292495,0.1095202267169952,0.1144790574908256,1,1,3,2
original_cellot,cellot,44,pDC__astro,pDC,astro,0.3200272961890291,23.137890523672105,1.0500292312688024,725.5646734595299,0.071143477863495,57.86064529418945,7.612273693084717,0.0895556211471557,1,1,3,2,0.1111978631865465,3.5911529064178467,1.901162028312683,0.0895556211471557,1,1,3,2,0.1543429976413086,0.0281085632741451,0.1529971063137054,0.0895556211471557,1,1,3,2
original_cellot,cellot,44,pDC__microglia_mhc2,pDC,microglia_mhc2,0.2794560244505507,40.90229580905289,1.615414611960155,1803.82320728451,-0.000926728390802,101.98407745361328,10.107145309448242,0.1144790574908256,1,1,3,2,-0.0285080271147715,26.29292869567871,5.119911193847656,0.1144790574908256,1,1,3,2,0.0758635702123017,0.0170265398919582,0.0826970413327217,0.1144790574908256,1,1,3,2
