combo,source,target,third,count,group
raw::CD184__classical_mono__x__astro__down,classical_mono,unassessed_no_usable_MR,MR not supported,1,Same program identities
raw::CD38__cDC__x__astro__down,cDC,unassessed_no_usable_MR,MR not supported,1,Same program identities
raw::CD11a/CD18__cDC__x__astro__up,cDC,unresolved_assay_mapping,MR not supported,1,Same program identities
raw::CD195__nonclassical_mono__x__astro__up,nonclassical_mono,unassessed_no_usable_MR,MR not supported,1,Same program identities
raw::CD2__cDC__x__astro__down,cDC,unassessed_no_usable_MR,MR not supported,1,Same program identities
raw::CD26__pDC__x__astro__up,pDC,tested_not_significant,MR not supported,1,Same program identities
raw::CD38__nonclassical_mono__x__astro__down,nonclassical_mono,unassessed_no_usable_MR,MR not supported,1,Same program identities
raw::CD38__pDC__x__astro__down,pDC,unassessed_no_usable_MR,MR not supported,1,Same program identities
raw::CD11a/CD18__nonclassical_mono__x__astro__up,nonclassical_mono,unresolved_assay_mapping,MR not supported,1,Same program identities
raw::CD184__cDC__x__astro__down,cDC,unassessed_no_usable_MR,MR not supported,1,Same program identities
raw::CD294__nonclassical_mono__x__microglia_mhc2__up,nonclassical_mono,unassessed_no_usable_MR,MR not supported,1,Same program identities
raw::CD294__pDC__x__astro__up,pDC,unassessed_no_usable_MR,MR not supported,1,Same program identities
raw::CD2__cDC__x__microglia_mhc2__down,cDC,unassessed_no_usable_MR,MR not supported,1,Same program identities
raw::CD30__cDC__x__microglia_mhc2__up,cDC,tested_not_significant,MR not supported,1,Same program identities
raw::CD30__classical_mono__x__microglia_mhc2__up,classical_mono,tested_not_significant,MR not supported,1,Same program identities
raw::CD38__classical_mono__x__astro__down,classical_mono,unassessed_no_usable_MR,MR not supported,1,Same program identities
raw::CD38__classical_mono__x__astro__up,classical_mono,unassessed_no_usable_MR,MR not supported,1,Same program identities
raw::CD38__nonclassical_mono__x__microglia_mhc2__down,nonclassical_mono,unassessed_no_usable_MR,MR not supported,1,Same program identities
raw::CD38__pDC__x__astro__up,pDC,unassessed_no_usable_MR,MR not supported,1,Same program identities
relative::CD38__cDC__x__astro__down,cDC,unassessed_no_usable_MR,MR not supported,1,Same program identities
relative::CD38__nonclassical_mono__x__astro__down,nonclassical_mono,unassessed_no_usable_MR,MR not supported,1,Same program identities
raw::CD124__cDC__x__astro__up,cDC,tested_not_significant,MR not supported,1,Same program identities
raw::CD124__classical_mono__x__astro__up,classical_mono,tested_not_significant,MR not supported,1,Same program identities
relative::CD124__cDC__x__astro__down,cDC,tested_not_significant,MR not supported,1,Same program identities
relative::CD124__classical_mono__x__astro__down,classical_mono,tested_not_significant,MR not supported,1,Same program identities
relative::CD124__nonclassical_mono__x__astro__down,nonclassical_mono,tested_not_significant,MR not supported,1,Same program identities
relative::CD126__pDC__x__astro__up,pDC,tested_not_significant,MR not supported,1,Same program identities
raw::CD2__pDC__x__microglia_mhc2__down,pDC,unassessed_no_usable_MR,MR not supported,1,Same program identities
raw::CD319__pDC__x__microglia_mhc2__up,pDC,tested_not_significant,MR not supported,1,Same program identities
relative::CD38__classical_mono__x__astro__up,classical_mono,unassessed_no_usable_MR,MR not supported,1,Same program identities
raw::CD38__pDC__x__microglia_mhc2__down,pDC,unassessed_no_usable_MR,MR not supported,1,Same program identities
relative::CD38__pDC__x__astro__down,pDC,unassessed_no_usable_MR,MR not supported,1,Same program identities
raw::CD294__classical_mono__x__astro__up,classical_mono,unassessed_no_usable_MR,MR not supported,1,Same program identities
raw::CD30__pDC__x__astro__down,pDC,tested_not_significant,MR not supported,1,Same program identities
raw::CD30__pDC__x__microglia_mhc2__up,pDC,tested_not_significant,MR not supported,1,Same program identities
raw::CD319__classical_mono__x__microglia_mhc2__up,classical_mono,tested_not_significant,MR not supported,1,Same program identities
raw::CD319__nonclassical_mono__x__microglia_mhc2__up,nonclassical_mono,tested_not_significant,MR not supported,1,Same program identities
raw::CD38__cDC__x__microglia_mhc2__down,cDC,unassessed_no_usable_MR,MR not supported,1,Same program identities
raw::CD124__pDC__x__astro__up,pDC,tested_not_significant,MR not supported,1,Same program identities
relative::CD294__nonclassical_mono__x__astro__up,nonclassical_mono,unassessed_no_usable_MR,MR not supported,1,Same program identities
raw::CD30__nonclassical_mono__x__microglia_mhc2__up,nonclassical_mono,tested_not_significant,MR not supported,1,Same program identities
raw::CD38__classical_mono__x__microglia_mhc2__down,classical_mono,unassessed_no_usable_MR,MR not supported,1,Same program identities
raw::CD294__cDC__x__microglia_mhc2__up,cDC,unassessed_no_usable_MR,MR not supported,1,Same program identities
relative::CD294__pDC__x__astro__up,pDC,unassessed_no_usable_MR,MR not supported,1,Same program identities
raw::CD195__classical_mono__x__astro__up,classical_mono,unassessed_no_usable_MR,MR not supported,1,Same program identities
raw::CD294__cDC__x__astro__up,cDC,unassessed_no_usable_MR,MR not supported,1,Same program identities
raw::CD319__cDC__x__microglia_mhc2__up,cDC,tested_not_significant,MR not supported,1,Same program identities
relative::CD126__classical_mono__x__astro__up,classical_mono,tested_not_significant,MR not supported,1,Same program identities
raw::CD124__nonclassical_mono__x__astro__up,nonclassical_mono,tested_not_significant,MR not supported,1,Same program identities
relative::CD38__classical_mono__x__astro__down,classical_mono,unassessed_no_usable_MR,MR not supported,1,Same program identities
raw::CD294__nonclassical_mono__x__astro__up,nonclassical_mono,unassessed_no_usable_MR,MR not supported,1,Same program identities
raw::CD30__cDC__x__astro__down,cDC,tested_not_significant,MR not supported,1,Same program identities
raw::CD30__classical_mono__x__astro__down,classical_mono,tested_not_significant,MR not supported,1,Same program identities
raw::CD30__nonclassical_mono__x__astro__down,nonclassical_mono,tested_not_significant,MR not supported,1,Same program identities
relative::CD126__cDC__x__astro__up,cDC,tested_not_significant,MR not supported,1,Same program identities
raw::CD4__pDC__x__microglia_mhc2__up,pDC,tested_not_significant,MR not supported,1,Same program identities
relative::CD294__cDC__x__astro__up,cDC,unassessed_no_usable_MR,MR not supported,1,Same program identities
raw::CD4__cDC__x__microglia_mhc2__up,cDC,tested_not_significant,MR not supported,1,Same program identities
raw::CD4__nonclassical_mono__x__microglia_mhc2__up,nonclassical_mono,tested_not_significant,MR not supported,1,Same program identities
raw::CD80__classical_mono__x__microglia_mhc2__up,classical_mono,unassessed_no_usable_MR,MR not supported,1,Same program identities
raw::CD4__classical_mono__x__microglia_mhc2__up,classical_mono,tested_not_significant,MR not supported,1,Same program identities
raw::CD122__classical_mono__x__astro__down,classical_mono,unassessed_no_usable_MR,MR not supported,1,Same program identities
raw::CD135__classical_mono__x__microglia_mhc2__up,classical_mono,tested_not_significant,MR not supported,1,Same program identities
raw::CD38__nonclassical_mono__x__astro__up,nonclassical_mono,unassessed_no_usable_MR,MR not supported,1,Same program identities
relative::CD124__pDC__x__astro__down,pDC,tested_not_significant,MR not supported,1,Same program identities
raw::CD126__pDC__x__astro__up,pDC,tested_not_significant,MR not supported,1,Same program identities
raw::CD142__pDC__x__astro__up,pDC,unassessed_no_usable_MR,MR not supported,1,Same program identities
raw::CD80__cDC__x__microglia_mhc2__up,cDC,unassessed_no_usable_MR,MR not supported,1,Same program identities
raw::CD80__nonclassical_mono__x__microglia_mhc2__up,nonclassical_mono,unassessed_no_usable_MR,MR not supported,1,Same program identities
relative::CD38__pDC__x__astro__up,pDC,unassessed_no_usable_MR,MR not supported,1,Same program identities
raw::CD135__pDC__x__microglia_mhc2__up,pDC,tested_not_significant,MR not supported,1,Same program identities
relative::CD2__pDC__x__astro__up,pDC,unassessed_no_usable_MR,MR not supported,1,Same program identities
raw::CD30__classical_mono__x__astro__up,classical_mono,tested_not_significant,MR not supported,1,Same program identities
raw::CD30__nonclassical_mono__x__astro__up,nonclassical_mono,tested_not_significant,MR not supported,1,Same program identities
raw::CD126__cDC__x__astro__up,cDC,tested_not_significant,MR not supported,1,Same program identities
relative::CD38__classical_mono__x__microglia_mhc2__down,classical_mono,unassessed_no_usable_MR,MR not supported,1,Same program identities
raw::CD135__nonclassical_mono__x__microglia_mhc2__up,nonclassical_mono,tested_not_significant,MR not supported,1,Same program identities
raw::CD123__cDC__x__microglia_mhc2__up,cDC,unassessed_no_usable_MR,MR not supported,1,Same program identities
relative::CD2__pDC__x__astro__down,pDC,unassessed_no_usable_MR,MR not supported,1,Same program identities
raw::CD38__cDC__x__astro__up,cDC,unassessed_no_usable_MR,MR not supported,1,Same program identities
raw::CD122__pDC__x__astro__down,pDC,unassessed_no_usable_MR,MR not supported,1,Same program identities
relative::CD126__nonclassical_mono__x__astro__up,nonclassical_mono,tested_not_significant,MR not supported,1,Same program identities
relative::CD80__pDC__x__microglia_mhc2__up,pDC,unassessed_no_usable_MR,MR not supported,1,Same program identities
raw::CD117__classical_mono__x__microglia_mhc2__down,classical_mono,tested_not_significant,MR not supported,1,Same program identities
raw::CD124__cDC__x__microglia_mhc2__up,cDC,tested_not_significant,MR not supported,1,Same program identities
raw::CD135__cDC__x__microglia_mhc2__up,cDC,tested_not_significant,MR not supported,1,Same program identities
relative::CD38__pDC__x__microglia_mhc2__down,pDC,unassessed_no_usable_MR,MR not supported,1,Same program identities
raw::CD4__pDC__x__astro__up,pDC,tested_not_significant,MR not supported,1,Same program identities
raw::CD124__classical_mono__x__microglia_mhc2__up,classical_mono,tested_not_significant,MR not supported,1,Same program identities
relative::CD80__pDC__x__astro__up,pDC,unassessed_no_usable_MR,MR not supported,1,Same program identities
raw::CD117__cDC__x__microglia_mhc2__down,cDC,tested_not_significant,MR not supported,1,Same program identities
raw::CD117__nonclassical_mono__x__microglia_mhc2__down,nonclassical_mono,tested_not_significant,MR not supported,1,Same program identities
relative::CD279__cDC__x__astro__down,cDC,unassessed_no_usable_MR,MR not supported,1,Same program identities
raw::CD49d__pDC__x__astro__down,pDC,unassessed_no_usable_MR,MR not supported,1,Same program identities
raw::CD126__pDC__x__microglia_mhc2__up,pDC,tested_not_significant,MR not supported,1,Same program identities
raw::CD126__classical_mono__x__microglia_mhc2__up,classical_mono,tested_not_significant,MR not supported,1,Same program identities
raw::CD80__pDC__x__microglia_mhc2__up,pDC,unassessed_no_usable_MR,MR not supported,1,Same program identities
raw::CD119__nonclassical_mono__x__astro__down,nonclassical_mono,tested_not_significant,MR not supported,1,Same program identities
raw::CD80__pDC__x__astro__up,pDC,unassessed_no_usable_MR,MR not supported,1,Same program identities
raw::CD126__nonclassical_mono__x__astro__up,nonclassical_mono,tested_not_significant,MR not supported,1,Same program identities
raw::CD184__pDC__x__astro__down,pDC,unassessed_no_usable_MR,MR not supported,1,Same program identities
relative::CD2__cDC__x__astro__up,cDC,unassessed_no_usable_MR,MR not supported,1,Same program identities
relative::CD30__nonclassical_mono__x__astro__down,nonclassical_mono,tested_not_significant,MR not supported,1,Same program identities
raw::CD126__classical_mono__x__astro__up,classical_mono,tested_not_significant,MR not supported,1,Same program identities
raw::CD117__pDC__x__microglia_mhc2__down,pDC,tested_not_significant,MR not supported,1,Same program identities
raw::CD124__nonclassical_mono__x__microglia_mhc2__up,nonclassical_mono,tested_not_significant,MR not supported,1,Same program identities
relative::CD38__nonclassical_mono__x__microglia_mhc2__down,nonclassical_mono,unassessed_no_usable_MR,MR not supported,1,Same program identities
raw::CD126__cDC__x__astro__down,cDC,tested_not_significant,MR not supported,1,Same program identities
raw::CD86__nonclassical_mono__x__microglia_mhc2__up,nonclassical_mono,tested_not_significant,MR not supported,1,Same program identities
relative::CD279__nonclassical_mono__x__astro__down,nonclassical_mono,unassessed_no_usable_MR,MR not supported,1,Same program identities
raw::CD124__pDC__x__microglia_mhc2__up,pDC,tested_not_significant,MR not supported,1,Same program identities
raw::CD126__nonclassical_mono__x__microglia_mhc2__up,nonclassical_mono,tested_not_significant,MR not supported,1,Same program identities
raw::CD126__cDC__x__microglia_mhc2__up,cDC,tested_not_significant,MR not supported,1,Same program identities
raw::CD79b__cDC__x__microglia_mhc2__down,cDC,tested_not_significant,MR not supported,1,Same program identities
raw::CD119__classical_mono__x__astro__down,classical_mono,tested_not_significant,MR not supported,1,Same program identities
raw::CD279__cDC__x__microglia_mhc2__up,cDC,unassessed_no_usable_MR,MR not supported,1,Same program identities
raw::CD279__nonclassical_mono__x__astro__down,nonclassical_mono,unassessed_no_usable_MR,MR not supported,1,Same program identities
relative::CD30__classical_mono__x__astro__down,classical_mono,tested_not_significant,MR not supported,1,Same program identities
relative::CD30__pDC__x__astro__down,pDC,tested_not_significant,MR not supported,1,Same program identities
relative::CD38__cDC__x__astro__up,cDC,unassessed_no_usable_MR,MR not supported,1,Same program identities
relative::CD38__nonclassical_mono__x__astro__up,nonclassical_mono,unassessed_no_usable_MR,MR not supported,1,Same program identities
raw::CD123__cDC__x__astro__up,cDC,unassessed_no_usable_MR,MR not supported,1,Same program identities
raw::CD195__nonclassical_mono__x__astro__down,nonclassical_mono,unassessed_no_usable_MR,MR not supported,1,Same program identities
relative::CD294__nonclassical_mono__x__microglia_mhc2__up,nonclassical_mono,unassessed_no_usable_MR,MR not supported,1,Same program identities
raw::CD22__cDC__x__microglia_mhc2__down,cDC,pass,MR + perturbation,1,Same program identities
relative::CD38__cDC__x__microglia_mhc2__down,cDC,unassessed_no_usable_MR,MR not supported,1,Same program identities
raw::CD119__pDC__x__microglia_mhc2__down,pDC,tested_not_significant,MR not supported,1,Same program identities
raw::CD319__pDC__x__astro__up,pDC,tested_not_significant,MR not supported,1,Same program identities
relative::CD279__pDC__x__astro__down,pDC,unassessed_no_usable_MR,MR not supported,1,Same program identities
raw::CD11a/CD18__pDC__x__microglia_mhc2__up,pDC,unresolved_assay_mapping,MR not supported,1,Same program identities
raw::CD124__cDC__x__astro__down,cDC,tested_not_significant,MR not supported,1,Same program identities
raw::CD124__nonclassical_mono__x__astro__down,nonclassical_mono,tested_not_significant,MR not supported,1,Same program identities
raw::CD11a/CD18__nonclassical_mono__x__microglia_mhc2__up,nonclassical_mono,unresolved_assay_mapping,MR not supported,1,Same program identities
raw::CD86__cDC__x__microglia_mhc2__up,cDC,tested_not_significant,MR not supported,1,Same program identities
raw::CD124__classical_mono__x__astro__down,classical_mono,tested_not_significant,MR not supported,1,Same program identities
raw::CD11a/CD18__classical_mono__x__microglia_mhc2__up,classical_mono,unresolved_assay_mapping,MR not supported,1,Same program identities
raw::CD11a/CD18__cDC__x__microglia_mhc2__up,cDC,unresolved_assay_mapping,MR not supported,1,Same program identities
raw::CD117__pDC__x__astro__up,pDC,tested_not_significant,MR not supported,1,Same program identities
raw::CD79b__pDC__x__microglia_mhc2__down,pDC,tested_not_significant,MR not supported,1,Same program identities
raw::CD319__cDC__x__astro__up,cDC,tested_not_significant,MR not supported,1,Same program identities
relative::CD80__nonclassical_mono__x__microglia_mhc2__up,nonclassical_mono,unassessed_no_usable_MR,MR not supported,1,Same program identities
raw::CD4__cDC__x__microglia_mhc2__down,cDC,tested_not_significant,MR not supported,1,Same program identities
raw::CD86__classical_mono__x__microglia_mhc2__up,classical_mono,tested_not_significant,MR not supported,1,Same program identities
relative::CD117__cDC__x__astro__up,cDC,tested_not_significant,MR not supported,1,Same program identities
raw::CD279__classical_mono__x__microglia_mhc2__up,classical_mono,unassessed_no_usable_MR,MR not supported,1,Same program identities
raw::CD119__cDC__x__astro__down,cDC,tested_not_significant,MR not supported,1,Same program identities
raw::CD279__pDC__x__microglia_mhc2__up,pDC,unassessed_no_usable_MR,MR not supported,1,Same program identities
relative::CD294__classical_mono__x__microglia_mhc2__up,classical_mono,unassessed_no_usable_MR,MR not supported,1,Same program identities
raw::CD279__nonclassical_mono__x__microglia_mhc2__up,nonclassical_mono,unassessed_no_usable_MR,MR not supported,1,Same program identities
raw::CD30__cDC__x__astro__up,cDC,tested_not_significant,MR not supported,1,Same program identities
raw::CD80__classical_mono__x__astro__up,classical_mono,unassessed_no_usable_MR,MR not supported,1,Same program identities
raw::CD126__classical_mono__x__astro__down,classical_mono,tested_not_significant,MR not supported,1,Same program identities
raw::CD123__classical_mono__x__astro__up,classical_mono,unassessed_no_usable_MR,MR not supported,1,Same program identities
raw::CD279__classical_mono__x__astro__down,classical_mono,unassessed_no_usable_MR,MR not supported,1,Same program identities
raw::CD80__cDC__x__astro__up,cDC,unassessed_no_usable_MR,MR not supported,1,Same program identities
raw::CD142__nonclassical_mono__x__astro__up,nonclassical_mono,unassessed_no_usable_MR,MR not supported,1,Same program identities
relative::CD184__cDC__x__astro__down,cDC,unassessed_no_usable_MR,MR not supported,1,Same program identities
raw::CD126__nonclassical_mono__x__astro__down,nonclassical_mono,tested_not_significant,MR not supported,1,Same program identities
raw::CD30__pDC__x__astro__up,pDC,tested_not_significant,MR not supported,1,Same program identities
raw::CD22__pDC__x__astro__up,pDC,pass,MR + perturbation,1,Same program identities
raw::CD142__cDC__x__astro__down,cDC,unassessed_no_usable_MR,MR not supported,1,Same program identities
raw::CD2__cDC__x__astro__up,cDC,unassessed_no_usable_MR,MR not supported,1,Same program identities
raw::CD49d__cDC__x__astro__down,cDC,unassessed_no_usable_MR,MR not supported,1,Same program identities
raw::CD123__nonclassical_mono__x__astro__up,nonclassical_mono,unassessed_no_usable_MR,MR not supported,1,Same program identities
raw::CD119__pDC__x__astro__down,pDC,tested_not_significant,MR not supported,1,Same program identities
relative::CD86__classical_mono__x__microglia_mhc2__up,classical_mono,tested_not_significant,MR not supported,1,Same program identities
raw::CD117__classical_mono__x__astro__down,classical_mono,tested_not_significant,MR not supported,1,Same program identities
raw::CD142__classical_mono__x__astro__up,classical_mono,unassessed_no_usable_MR,MR not supported,1,Same program identities
relative::CD80__classical_mono__x__astro__up,classical_mono,unassessed_no_usable_MR,MR not supported,1,Same program identities
relative::CD195__cDC__x__microglia_mhc2__down,cDC,unassessed_no_usable_MR,MR not supported,1,Same program identities
raw::CD195__classical_mono__x__astro__down,classical_mono,unassessed_no_usable_MR,MR not supported,1,Same program identities
raw::CD279__pDC__x__astro__down,pDC,unassessed_no_usable_MR,MR not supported,1,Same program identities
raw::CD123__pDC__x__astro__up,pDC,unassessed_no_usable_MR,MR not supported,1,Same program identities
raw::CD117__cDC__x__astro__down,cDC,tested_not_significant,MR not supported,1,Same program identities
raw::CD80__nonclassical_mono__x__astro__up,nonclassical_mono,unassessed_no_usable_MR,MR not supported,1,Same program identities
raw::CD11a/CD18__pDC__x__astro__up,pDC,unresolved_assay_mapping,MR not supported,1,Same program identities
raw::CD119__classical_mono__x__astro__up,classical_mono,tested_not_significant,MR not supported,1,Same program identities
raw::CD86__classical_mono__x__astro__down,classical_mono,tested_not_significant,MR not supported,1,Same program identities
raw::CD115__classical_mono__x__microglia_mhc2__down,classical_mono,unassessed_no_usable_MR,MR not supported,1,Same program identities
relative::CD279__classical_mono__x__astro__down,classical_mono,unassessed_no_usable_MR,MR not supported,1,Same program identities
relative::CD294__classical_mono__x__astro__up,classical_mono,unassessed_no_usable_MR,MR not supported,1,Same program identities
raw::CD274__nonclassical_mono__x__astro__down,nonclassical_mono,tested_not_significant,MR not supported,1,Same program identities
relative::CD274__pDC__x__astro__up,pDC,tested_not_significant,MR not supported,1,Same program identities
relative::CD194__pDC__x__astro__up,pDC,unassessed_no_usable_MR,MR not supported,1,Same program identities
raw::CD123__cDC__x__astro__down,cDC,unassessed_no_usable_MR,MR not supported,1,Same program identities
raw::CD2__pDC__x__astro__down,pDC,unassessed_no_usable_MR,MR not supported,1,Same program identities
relative::CD319__pDC__x__microglia_mhc2__up,pDC,tested_not_significant,MR not supported,1,Same program identities
relative::CD30__pDC__x__astro__up,pDC,tested_not_significant,MR not supported,1,Same program identities
raw::CD115__nonclassical_mono__x__microglia_mhc2__down,nonclassical_mono,unassessed_no_usable_MR,MR not supported,1,Same program identities
raw::CD294__classical_mono__x__microglia_mhc2__up,classical_mono,unassessed_no_usable_MR,MR not supported,1,Same program identities
raw::CD22__cDC__x__astro__up,cDC,pass,MR + perturbation,1,Same program identities
raw::CD86__pDC__x__astro__down,pDC,tested_not_significant,MR not supported,1,Same program identities
raw::CD274__pDC__x__microglia_mhc2__up,pDC,tested_not_significant,MR not supported,1,Same program identities
relative::CD279__cDC__x__astro__up,cDC,unassessed_no_usable_MR,MR not supported,1,Same program identities
raw::CD14__cDC__x__astro__down,cDC,tested_not_significant,MR not supported,1,Same program identities
raw::CD14__pDC__x__astro__down,pDC,tested_not_significant,MR not supported,1,Same program identities
raw::CD47__classical_mono__x__astro__down,classical_mono,unassessed_no_usable_MR,MR not supported,1,Same program identities
raw::CD47__nonclassical_mono__x__astro__down,nonclassical_mono,unassessed_no_usable_MR,MR not supported,1,Same program identities
raw::CD47__pDC__x__astro__down,pDC,unassessed_no_usable_MR,MR not supported,1,Same program identities
raw::CD64__classical_mono__x__astro__down,classical_mono,unassessed_no_usable_MR,MR not supported,1,Same program identities
relative::CD73__nonclassical_mono__x__astro__down,nonclassical_mono,tested_not_significant,MR not supported,1,Same program identities
relative::CD73__pDC__x__astro__down,pDC,tested_not_significant,MR not supported,1,Same program identities
raw::CD192__classical_mono__x__astro__up,classical_mono,unassessed_no_usable_MR,MR not supported,1,Same program identities
raw::CD192__nonclassical_mono__x__astro__up,nonclassical_mono,unassessed_no_usable_MR,MR not supported,1,Same program identities
raw::CD192__pDC__x__astro__up,pDC,unassessed_no_usable_MR,MR not supported,1,Same program identities
raw::CD273__cDC__x__astro__up,cDC,tested_not_significant,MR not supported,1,Same program identities
raw::MERTK__cDC__x__microglia_mhc2__down,cDC,tested_not_significant,MR not supported,1,Same program identities
raw::MERTK__classical_mono__x__microglia_mhc2__down,classical_mono,tested_not_significant,MR not supported,1,Same program identities
raw::MERTK__nonclassical_mono__x__microglia_mhc2__down,nonclassical_mono,tested_not_significant,MR not supported,1,Same program identities
raw::CD105__classical_mono__x__astro__up,classical_mono,tested_not_significant,MR not supported,1,Same program identities
relative::CD192__cDC__x__astro__up,cDC,unassessed_no_usable_MR,MR not supported,1,Same program identities
raw::CD284__pDC__x__astro__down,pDC,tested_not_significant,MR not supported,1,Same program identities
raw::CD29__cDC__x__astro__down,cDC,unassessed_no_usable_MR,MR not supported,1,Same program identities
relative::CD73__classical_mono__x__astro__down,classical_mono,tested_not_significant,MR not supported,1,Same program identities
relative::CD192__pDC__x__astro__up,pDC,unassessed_no_usable_MR,MR not supported,1,Same program identities
raw::CD284__classical_mono__x__astro__down,classical_mono,tested_not_significant,MR not supported,1,Same program identities
raw::CD284__nonclassical_mono__x__astro__down,nonclassical_mono,tested_not_significant,MR not supported,1,Same program identities
raw::CD47__cDC__x__astro__down,cDC,unassessed_no_usable_MR,MR not supported,1,Same program identities
raw::CD73__pDC__x__astro__down,pDC,tested_not_significant,MR not supported,1,Same program identities
relative::CD73__cDC__x__astro__down,cDC,tested_not_significant,MR not supported,1,Same program identities
raw::MERTK__pDC__x__microglia_mhc2__down,pDC,tested_not_significant,MR not supported,1,Same program identities
raw::CD273__pDC__x__astro__up,pDC,tested_not_significant,MR not supported,1,Same program identities
raw::CD134__cDC__x__astro__up,cDC,unassessed_no_usable_MR,MR not supported,1,Same program identities
raw::CD192__cDC__x__astro__up,cDC,unassessed_no_usable_MR,MR not supported,1,Same program identities
raw::CD192__classical_mono__x__microglia_mhc2__up,classical_mono,unassessed_no_usable_MR,MR not supported,1,Same program identities
raw::CD192__nonclassical_mono__x__microglia_mhc2__up,nonclassical_mono,unassessed_no_usable_MR,MR not supported,1,Same program identities
raw::CD192__pDC__x__microglia_mhc2__up,pDC,unassessed_no_usable_MR,MR not supported,1,Same program identities
raw::CD273__classical_mono__x__astro__up,classical_mono,tested_not_significant,MR not supported,1,Same program identities
raw::CD366__cDC__x__microglia_mhc2__up,cDC,unassessed_no_usable_MR,MR not supported,1,Same program identities
raw::CD357__classical_mono__x__astro__up,classical_mono,unassessed_no_usable_MR,MR not supported,1,Same program identities
raw::CD64__classical_mono__x__microglia_mhc2__down,classical_mono,unassessed_no_usable_MR,MR not supported,1,Same program identities
raw::CD14__classical_mono__x__microglia_mhc2__down,classical_mono,tested_not_significant,MR not supported,1,Same program identities
relative::CD192__classical_mono__x__astro__up,classical_mono,unassessed_no_usable_MR,MR not supported,1,Same program identities
raw::CD40__classical_mono__x__microglia_mhc2__up,classical_mono,pass,MR + perturbation,1,Same program identities
raw::CD366__nonclassical_mono__x__microglia_mhc2__up,nonclassical_mono,unassessed_no_usable_MR,MR not supported,1,Same program identities
raw::CD192__cDC__x__microglia_mhc2__up,cDC,unassessed_no_usable_MR,MR not supported,1,Same program identities
raw::CD64__nonclassical_mono__x__microglia_mhc2__down,nonclassical_mono,unassessed_no_usable_MR,MR not supported,1,Same program identities
raw::CD273__nonclassical_mono__x__astro__up,nonclassical_mono,tested_not_significant,MR not supported,1,Same program identities
raw::CD64__cDC__x__microglia_mhc2__down,cDC,unassessed_no_usable_MR,MR not supported,1,Same program identities
raw::CD85g__pDC__x__microglia_mhc2__up,pDC,tested_not_significant,MR not supported,1,Same program identities
raw::CD71__nonclassical_mono__x__microglia_mhc2__down,nonclassical_mono,pass,MR + perturbation,1,Same program identities
raw::CD134__pDC__x__astro__up,pDC,unassessed_no_usable_MR,MR not supported,1,Same program identities
relative::CD18__pDC__x__astro__up,pDC,tested_not_significant,MR not supported,1,Same program identities
raw::CD199__nonclassical_mono__x__astro__up,nonclassical_mono,unassessed_no_usable_MR,MR not supported,1,Same program identities
raw::CD73__classical_mono__x__astro__down,classical_mono,tested_not_significant,MR not supported,1,Same program identities
raw::CD14__nonclassical_mono__x__microglia_mhc2__down,nonclassical_mono,tested_not_significant,MR not supported,1,Same program identities
raw::CD14__cDC__x__microglia_mhc2__down,cDC,tested_not_significant,MR not supported,1,Same program identities
raw::HLA-DR__pDC__x__astro__up,pDC,unresolved_assay_mapping,MR not supported,1,Same program identities
raw::CD54__cDC__x__astro__up,cDC,tested_not_significant,MR not supported,1,Same program identities
raw::CD134__classical_mono__x__astro__up,classical_mono,unassessed_no_usable_MR,MR not supported,1,Same program identities
raw::CD40__pDC__x__microglia_mhc2__up,pDC,pass,MR + perturbation,1,Same program identities
raw::CD243__nonclassical_mono__x__microglia_mhc2__down,nonclassical_mono,unassessed_no_usable_MR,MR not supported,1,Same program identities
relative::CD192__nonclassical_mono__x__astro__up,nonclassical_mono,unassessed_no_usable_MR,MR not supported,1,Same program identities
raw::CD134__nonclassical_mono__x__microglia_mhc2__up,nonclassical_mono,unassessed_no_usable_MR,MR not supported,1,Same program identities
raw::CD14__pDC__x__microglia_mhc2__down,pDC,tested_not_significant,MR not supported,1,Same program identities
raw::CD40__nonclassical_mono__x__microglia_mhc2__up,nonclassical_mono,pass,MR + perturbation,1,Same program identities
raw::CD73__cDC__x__astro__down,cDC,tested_not_significant,MR not supported,1,Same program identities
raw::CD40__cDC__x__astro__up,cDC,pass,MR + perturbation,1,Same program identities
raw::CD54__cDC__x__microglia_mhc2__up,cDC,tested_not_significant,MR not supported,1,Same program identities
raw::CD192__cDC__x__astro__down,cDC,unassessed_no_usable_MR,MR not supported,1,Same program identities
raw::CD71__pDC__x__microglia_mhc2__down,pDC,pass,MR + perturbation,1,Same program identities
raw::CD134__nonclassical_mono__x__astro__up,nonclassical_mono,unassessed_no_usable_MR,MR not supported,1,Same program identities
raw::CD178__classical_mono__x__microglia_mhc2__up,classical_mono,unassessed_no_usable_MR,MR not supported,1,Same program identities
raw::CD40__cDC__x__microglia_mhc2__up,cDC,pass,MR + perturbation,1,Same program identities
relative::CD18__pDC__x__microglia_mhc2__down,pDC,tested_not_significant,MR not supported,1,Same program identities
raw::CD54__nonclassical_mono__x__microglia_mhc2__up,nonclassical_mono,tested_not_significant,MR not supported,1,Same program identities
raw::CD73__nonclassical_mono__x__astro__down,nonclassical_mono,tested_not_significant,MR not supported,1,Same program identities
raw::CD71__classical_mono__x__microglia_mhc2__down,classical_mono,pass,MR + perturbation,1,Same program identities
raw::CD14__classical_mono__x__astro__down,classical_mono,tested_not_significant,MR not supported,1,Same program identities
raw::CD134__cDC__x__microglia_mhc2__up,cDC,unassessed_no_usable_MR,MR not supported,1,Same program identities
raw::CD303__cDC__x__microglia_mhc2__down,cDC,tested_not_significant,MR not supported,1,Same program identities
raw::CD134__pDC__x__microglia_mhc2__up,pDC,unassessed_no_usable_MR,MR not supported,1,Same program identities
raw::CD303__pDC__x__microglia_mhc2__down,pDC,tested_not_significant,MR not supported,1,Same program identities
raw::CD54__pDC__x__microglia_mhc2__up,pDC,tested_not_significant,MR not supported,1,Same program identities
raw::Notch-1__pDC__x__microglia_mhc2__up,pDC,tested_not_significant,MR not supported,1,Same program identities
raw::CD357__classical_mono__x__microglia_mhc2__up,classical_mono,unassessed_no_usable_MR,MR not supported,1,Same program identities
relative::CD192__classical_mono__x__astro__down,classical_mono,unassessed_no_usable_MR,MR not supported,1,Same program identities
raw::CD134__classical_mono__x__microglia_mhc2__up,classical_mono,unassessed_no_usable_MR,MR not supported,1,Same program identities
raw::CD105__nonclassical_mono__x__astro__up,nonclassical_mono,tested_not_significant,MR not supported,1,Same program identities
raw::CD200__cDC__x__microglia_mhc2__down,cDC,tested_not_significant,MR not supported,1,Same program identities
raw::CD284__cDC__x__astro__down,cDC,tested_not_significant,MR not supported,1,Same program identities
raw::Notch-1__cDC__x__microglia_mhc2__up,cDC,tested_not_significant,MR not supported,1,Same program identities
raw::CD29__cDC__x__microglia_mhc2__down,cDC,unassessed_no_usable_MR,MR not supported,1,Same program identities
raw::CD45__cDC__x__astro__up,cDC,tested_not_significant,MR not supported,1,Same program identities
raw::CD137__pDC__x__astro__down,pDC,tested_not_significant,MR not supported,1,Same program identities
raw::CD304__classical_mono__x__microglia_mhc2__down,classical_mono,tested_not_significant,MR not supported,1,Same program identities
raw::CD14__nonclassical_mono__x__astro__down,nonclassical_mono,tested_not_significant,MR not supported,1,Same program identities
raw::CD205__nonclassical_mono__x__astro__down,nonclassical_mono,tested_not_significant,MR not supported,1,Same program identities
raw::MERTK__pDC__x__astro__down,pDC,tested_not_significant,MR not supported,1,Same program identities
raw::CD303__cDC__x__astro__up,cDC,tested_not_significant,MR not supported,1,Same program identities
raw::CD71__cDC__x__microglia_mhc2__down,cDC,pass,MR + perturbation,1,Same program identities
raw::CD252__classical_mono__x__astro__down,classical_mono,unassessed_no_usable_MR,MR not supported,1,Same program identities
raw::CD18__nonclassical_mono__x__microglia_mhc2__down,nonclassical_mono,tested_not_significant,MR not supported,1,Same program identities
raw::CD275__cDC__x__astro__up,cDC,tested_not_significant,MR not supported,1,Same program identities
raw::CD200__classical_mono__x__astro__up,classical_mono,tested_not_significant,MR not supported,1,Same program identities
relative::CD199__cDC__x__microglia_mhc2__down,cDC,unassessed_no_usable_MR,MR not supported,1,Same program identities
raw::CD199__classical_mono__x__microglia_mhc2__down,classical_mono,unassessed_no_usable_MR,MR not supported,1,Same program identities
raw::CD199__nonclassical_mono__x__microglia_mhc2__down,nonclassical_mono,unassessed_no_usable_MR,MR not supported,1,Same program identities
raw::Integrin-7__classical_mono__x__astro__down,classical_mono,tested_not_significant,MR not supported,1,Same program identities
relative::CD137__nonclassical_mono__x__astro__down,nonclassical_mono,tested_not_significant,MR not supported,1,Same program identities
raw::CD304__pDC__x__astro__up,pDC,tested_not_significant,MR not supported,1,Same program identities
raw::Notch-1__cDC__x__astro__up,cDC,tested_not_significant,MR not supported,1,Same program identities
raw::CD29__pDC__x__astro__down,pDC,unassessed_no_usable_MR,MR not supported,1,Same program identities
raw::HLA-DR__pDC__x__astro__down,pDC,unresolved_assay_mapping,MR not supported,1,Same program identities
relative::CD304__pDC__x__microglia_mhc2__down,pDC,tested_not_significant,MR not supported,1,Same program identities
raw::CD199__pDC__x__microglia_mhc2__down,pDC,unassessed_no_usable_MR,MR not supported,1,Same program identities
raw::CD304__nonclassical_mono__x__microglia_mhc2__down,nonclassical_mono,tested_not_significant,MR not supported,1,Same program identities
raw::CD304__pDC__x__microglia_mhc2__down,pDC,tested_not_significant,MR not supported,1,Same program identities
raw::HLA-DR__classical_mono__x__astro__down,classical_mono,unresolved_assay_mapping,MR not supported,1,Same program identities
raw::CD273__cDC__x__microglia_mhc2__up,cDC,tested_not_significant,MR not supported,1,Same program identities
raw::CD158b__classical_mono__x__astro__down,classical_mono,unresolved_assay_mapping,MR not supported,1,Same program identities
raw::CD304__cDC__x__microglia_mhc2__down,cDC,tested_not_significant,MR not supported,1,Same program identities
raw::CD64__nonclassical_mono__x__microglia_mhc2__up,nonclassical_mono,unassessed_no_usable_MR,MR not supported,1,Same program identities
raw::CD18__nonclassical_mono__x__astro__down,nonclassical_mono,tested_not_significant,MR not supported,1,Same program identities
raw::CD273__nonclassical_mono__x__microglia_mhc2__up,nonclassical_mono,tested_not_significant,MR not supported,1,Same program identities
raw::HLA-DR__nonclassical_mono__x__astro__down,nonclassical_mono,unresolved_assay_mapping,MR not supported,1,Same program identities
raw::CD273__classical_mono__x__microglia_mhc2__up,classical_mono,tested_not_significant,MR not supported,1,Same program identities
raw::Notch-1__pDC__x__astro__down,pDC,tested_not_significant,MR not supported,1,Same program identities
relative::Notch-1__cDC__x__microglia_mhc2__down,cDC,tested_not_significant,MR not supported,1,Same program identities
raw::CD252__nonclassical_mono__x__astro__down,nonclassical_mono,unassessed_no_usable_MR,MR not supported,1,Same program identities
raw::CD18__classical_mono__x__astro__down,classical_mono,tested_not_significant,MR not supported,1,Same program identities
raw::CD47__pDC__x__microglia_mhc2__down,pDC,unassessed_no_usable_MR,MR not supported,1,Same program identities
raw::CD252__cDC__x__astro__down,cDC,unassessed_no_usable_MR,MR not supported,1,Same program identities
raw::CD18__classical_mono__x__microglia_mhc2__down,classical_mono,tested_not_significant,MR not supported,1,Same program identities
relative::CD47__classical_mono__x__microglia_mhc2__down,classical_mono,unassessed_no_usable_MR,MR not supported,1,Same program identities
raw::CD18__cDC__x__astro__down,cDC,tested_not_significant,MR not supported,1,Same program identities
relative::CD192__nonclassical_mono__x__astro__down,nonclassical_mono,unassessed_no_usable_MR,MR not supported,1,Same program identities
raw::CD18__pDC__x__astro__down,pDC,tested_not_significant,MR not supported,1,Same program identities
raw::CD105__pDC__x__astro__up,pDC,tested_not_significant,MR not supported,1,Same program identities
raw::CD85g__pDC__x__astro__up,pDC,tested_not_significant,MR not supported,1,Same program identities
raw::HLA-DR__cDC__x__astro__up,cDC,unresolved_assay_mapping,MR not supported,1,Same program identities
raw::CD134__cDC__x__astro__down,cDC,unassessed_no_usable_MR,MR not supported,1,Same program identities
relative::CD192__cDC__x__microglia_mhc2__up,cDC,unassessed_no_usable_MR,MR not supported,1,Same program identities
raw::CD252__pDC__x__astro__up,pDC,unassessed_no_usable_MR,MR not supported,1,Same program identities
raw::CD64__cDC__x__microglia_mhc2__up,cDC,unassessed_no_usable_MR,MR not supported,1,Same program identities
relative::CD18__cDC__x__microglia_mhc2__up,cDC,tested_not_significant,MR not supported,1,Same program identities
raw::MERTK__nonclassical_mono__x__astro__down,nonclassical_mono,tested_not_significant,MR not supported,1,Same program identities
raw::Notch-2__classical_mono__x__astro__down,classical_mono,tested_not_significant,MR not supported,1,Same program identities
raw::CD105__cDC__x__astro__up,cDC,tested_not_significant,MR not supported,1,Same program identities
raw::CD54__classical_mono__x__microglia_mhc2__up,classical_mono,tested_not_significant,MR not supported,1,Same program identities
raw::CD357__cDC__x__microglia_mhc2__up,cDC,unassessed_no_usable_MR,MR not supported,1,Same program identities
raw::Notch-1__nonclassical_mono__x__microglia_mhc2__up,nonclassical_mono,tested_not_significant,MR not supported,1,Same program identities
relative::Integrin-7__classical_mono__x__microglia_mhc2__down,classical_mono,tested_not_significant,MR not supported,1,Same program identities
raw::CD47__nonclassical_mono__x__microglia_mhc2__down,nonclassical_mono,unassessed_no_usable_MR,MR not supported,1,Same program identities
relative::CD192__nonclassical_mono__x__microglia_mhc2__up,nonclassical_mono,unassessed_no_usable_MR,MR not supported,1,Same program identities
raw::Notch-1__cDC__x__microglia_mhc2__down,cDC,tested_not_significant,MR not supported,1,Same program identities
raw::Notch-1__nonclassical_mono__x__astro__up,nonclassical_mono,tested_not_significant,MR not supported,1,Same program identities
relative::CD40__nonclassical_mono__x__astro__up,nonclassical_mono,pass,MR + perturbation,1,Same program identities
relative::Integrin-7__cDC__x__microglia_mhc2__down,cDC,tested_not_significant,MR not supported,1,Same program identities
relative::Integrin-7__pDC__x__microglia_mhc2__down,pDC,tested_not_significant,MR not supported,1,Same program identities
raw::CD158b__pDC__x__astro__up,pDC,unresolved_assay_mapping,MR not supported,1,Same program identities
relative::CD205__nonclassical_mono__x__microglia_mhc2__up,nonclassical_mono,tested_not_significant,MR not supported,1,Same program identities
relative::CD18__classical_mono__x__microglia_mhc2__up,classical_mono,tested_not_significant,MR not supported,1,Same program identities
raw::Notch-1__classical_mono__x__microglia_mhc2__down,classical_mono,tested_not_significant,MR not supported,1,Same program identities
relative::CD192__pDC__x__microglia_mhc2__down,pDC,unassessed_no_usable_MR,MR not supported,1,Same program identities
raw::HLA-DR__cDC__x__astro__down,cDC,unresolved_assay_mapping,MR not supported,1,Same program identities
raw::CD71__pDC__x__astro__down,pDC,pass,MR + perturbation,1,Same program identities
raw::CD192__classical_mono__x__astro__down,classical_mono,unassessed_no_usable_MR,MR not supported,1,Same program identities
relative::CD275__cDC__x__microglia_mhc2__down,cDC,tested_not_significant,MR not supported,1,Same program identities
relative::CD275__classical_mono__x__microglia_mhc2__down,classical_mono,tested_not_significant,MR not supported,1,Same program identities
raw::CD284__classical_mono__x__microglia_mhc2__down,classical_mono,tested_not_significant,MR not supported,1,Same program identities
raw::CD284__cDC__x__microglia_mhc2__down,cDC,tested_not_significant,MR not supported,1,Same program identities
raw::CD243__classical_mono__x__microglia_mhc2__down,classical_mono,unassessed_no_usable_MR,MR not supported,1,Same program identities
raw::CD284__nonclassical_mono__x__microglia_mhc2__down,nonclassical_mono,tested_not_significant,MR not supported,1,Same program identities
relative::Integrin-7__nonclassical_mono__x__microglia_mhc2__down,nonclassical_mono,tested_not_significant,MR not supported,1,Same program identities
relative::CD275__nonclassical_mono__x__microglia_mhc2__down,nonclassical_mono,tested_not_significant,MR not supported,1,Same program identities
raw::CD71__nonclassical_mono__x__astro__down,nonclassical_mono,pass,MR + perturbation,1,Same program identities
raw::Notch-1__classical_mono__x__microglia_mhc2__up,classical_mono,tested_not_significant,MR not supported,1,Same program identities
raw::CD192__nonclassical_mono__x__astro__down,nonclassical_mono,unassessed_no_usable_MR,MR not supported,1,Same program identities
relative::CD275__pDC__x__microglia_mhc2__down,pDC,tested_not_significant,MR not supported,1,Same program identities
raw::CD199__cDC__x__microglia_mhc2__down,cDC,unassessed_no_usable_MR,MR not supported,1,Same program identities
relative::CD64__cDC__x__microglia_mhc2__up,cDC,unassessed_no_usable_MR,MR not supported,1,Same program identities
raw::CD73__pDC__x__microglia_mhc2__down,pDC,tested_not_significant,MR not supported,1,Same program identities
raw::CD47__classical_mono__x__microglia_mhc2__down,classical_mono,unassessed_no_usable_MR,MR not supported,1,Same program identities
raw::CD205__classical_mono__x__astro__down,classical_mono,tested_not_significant,MR not supported,1,Same program identities
raw::CD56__cDC__x__astro__up,cDC,unassessed_no_usable_MR,MR not supported,1,Same program identities
relative::CD134__pDC__x__astro__up,pDC,unassessed_no_usable_MR,MR not supported,1,Same program identities
relative::CD178__pDC__x__astro__up,pDC,unassessed_no_usable_MR,MR not supported,1,Same program identities
raw::CD178__pDC__x__astro__up,pDC,unassessed_no_usable_MR,MR not supported,1,Same program identities
relative::HLA-DR__cDC__x__astro__down,cDC,unresolved_assay_mapping,MR not supported,1,Same program identities
raw::MERTK__cDC__x__astro__down,cDC,tested_not_significant,MR not supported,1,Same program identities
raw::CD200__nonclassical_mono__x__microglia_mhc2__down,nonclassical_mono,tested_not_significant,MR not supported,1,Same program identities
raw::CD73__nonclassical_mono__x__astro__up,nonclassical_mono,tested_not_significant,MR not supported,1,Same program identities
relative::CD18__cDC__x__microglia_mhc2__down,cDC,tested_not_significant,MR not supported,1,Same program identities
raw::CD205__cDC__x__astro__down,cDC,tested_not_significant,MR not supported,1,Same program identities
raw::CD200__classical_mono__x__microglia_mhc2__down,classical_mono,tested_not_significant,MR not supported,1,Same program identities
relative::CD192__pDC__x__astro__down,pDC,unassessed_no_usable_MR,MR not supported,1,Same program identities
raw::CD357__nonclassical_mono__x__microglia_mhc2__up,nonclassical_mono,unassessed_no_usable_MR,MR not supported,1,Same program identities
relative::CD54__cDC__x__astro__down,cDC,tested_not_significant,MR not supported,1,Same program identities
relative::CD40__classical_mono__x__astro__up,classical_mono,pass,MR + perturbation,1,Same program identities
relative::CD205__pDC__x__astro__up,pDC,tested_not_significant,MR not supported,1,Same program identities
