combo,brain_state,donor,condition,score,n_genes
raw::CD294__pDC__x__astro__up,astro,C1,Control,1.597928916429387,50
raw::CD294__pDC__x__astro__up,astro,C2,Control,-0.3256786136584469,50
raw::CD294__pDC__x__astro__up,astro,C3,Control,-0.4321581685517908,50
raw::CD294__pDC__x__astro__up,astro,C4,Control,0.2851014029857675,50
raw::CD294__pDC__x__astro__up,astro,C5,Control,-0.227879648203747,50
raw::CD294__pDC__x__astro__up,astro,C6,Control,-0.0331295096005205,50
raw::CD294__pDC__x__astro__up,astro,PD1,PD,-0.1224573921668597,50
raw::CD294__pDC__x__astro__up,astro,PD2,PD,-0.1718205410458025,50
raw::CD294__pDC__x__astro__up,astro,PD3,PD,-0.4440576284027882,50
raw::CD294__pDC__x__astro__up,astro,PD4,PD,-0.3702633421186683,50
raw::CD294__pDC__x__astro__up,astro,PD5,PD,0.2444145243334703,50
raw::CD294__classical_mono__x__astro__up,astro,C1,Control,1.398705262566161,44
raw::CD294__classical_mono__x__astro__up,astro,C2,Control,-0.284990990984838,44
raw::CD294__classical_mono__x__astro__up,astro,C3,Control,-0.4556752231887586,44
raw::CD294__classical_mono__x__astro__up,astro,C4,Control,0.3786830721112643,44
raw::CD294__classical_mono__x__astro__up,astro,C5,Control,-0.1318114503714485,44
raw::CD294__classical_mono__x__astro__up,astro,C6,Control,-0.0926298725276355,44
raw::CD294__classical_mono__x__astro__up,astro,PD1,PD,-0.1163464377317616,44
raw::CD294__classical_mono__x__astro__up,astro,PD2,PD,-0.1376933410576746,44
raw::CD294__classical_mono__x__astro__up,astro,PD3,PD,-0.3551952871553612,44
raw::CD294__classical_mono__x__astro__up,astro,PD4,PD,-0.534040662956576,44
raw::CD294__classical_mono__x__astro__up,astro,PD5,PD,0.3309949312966294,44
raw::CD30__classical_mono__x__astro__up,astro,C1,Control,1.5568649466112716,40
raw::CD30__classical_mono__x__astro__up,astro,C2,Control,-0.3476395558441884,40
raw::CD30__classical_mono__x__astro__up,astro,C3,Control,-0.6215210383246628,40
raw::CD30__classical_mono__x__astro__up,astro,C4,Control,0.3641539029503794,40
raw::CD30__classical_mono__x__astro__up,astro,C5,Control,-0.1276977960601497,40
raw::CD30__classical_mono__x__astro__up,astro,C6,Control,-0.1576167738772686,40
raw::CD30__classical_mono__x__astro__up,astro,PD1,PD,-0.2480747998994014,40
raw::CD30__classical_mono__x__astro__up,astro,PD2,PD,-0.151378692103461,40
raw::CD30__classical_mono__x__astro__up,astro,PD3,PD,-0.3506483826694829,40
raw::CD30__classical_mono__x__astro__up,astro,PD4,PD,0.0780079541511158,40
raw::CD30__classical_mono__x__astro__up,astro,PD5,PD,0.005550235065848,40
raw::CD80__pDC__x__astro__up,astro,C1,Control,1.4514851260001322,51
raw::CD80__pDC__x__astro__up,astro,C2,Control,-0.2451301613989443,51
raw::CD80__pDC__x__astro__up,astro,C3,Control,-0.6468244428642751,51
raw::CD80__pDC__x__astro__up,astro,C4,Control,0.2484516152312607,51
raw::CD80__pDC__x__astro__up,astro,C5,Control,-0.2507895219367005,51
raw::CD80__pDC__x__astro__up,astro,C6,Control,-0.0823638789333887,51
raw::CD80__pDC__x__astro__up,astro,PD1,PD,-0.326455957617081,51
raw::CD80__pDC__x__astro__up,astro,PD2,PD,-0.168964408897504,51
raw::CD80__pDC__x__astro__up,astro,PD3,PD,-0.2791183785513991,51
raw::CD80__pDC__x__astro__up,astro,PD4,PD,0.0518000488010357,51
raw::CD80__pDC__x__astro__up,astro,PD5,PD,0.2479099601668642,51
raw::CD22__cDC__x__microglia_mhc2__down,microglia_mhc2,C1,Control,0.6026566502084767,44
raw::CD22__cDC__x__microglia_mhc2__down,microglia_mhc2,C2,Control,-0.4864343244461457,44
raw::CD22__cDC__x__microglia_mhc2__down,microglia_mhc2,C3,Control,-0.4989688263205936,44
raw::CD22__cDC__x__microglia_mhc2__down,microglia_mhc2,C4,Control,-0.0860644819160446,44
raw::CD22__cDC__x__microglia_mhc2__down,microglia_mhc2,C5,Control,-0.3175297424432167,44
raw::CD22__cDC__x__microglia_mhc2__down,microglia_mhc2,C6,Control,0.811944500734952,44
raw::CD22__cDC__x__microglia_mhc2__down,microglia_mhc2,PD1,PD,-0.1832948723536729,44
raw::CD22__cDC__x__microglia_mhc2__down,microglia_mhc2,PD2,PD,0.6228180950132636,44
raw::CD22__cDC__x__microglia_mhc2__down,microglia_mhc2,PD3,PD,-0.3172446387079544,44
raw::CD22__cDC__x__microglia_mhc2__down,microglia_mhc2,PD4,PD,-0.3756415760168611,44
raw::CD22__cDC__x__microglia_mhc2__down,microglia_mhc2,PD5,PD,0.2277592162477973,44
raw::CD22__pDC__x__astro__up,astro,C1,Control,0.461343384643024,47
raw::CD22__pDC__x__astro__up,astro,C2,Control,-0.3200252951547214,47
raw::CD22__pDC__x__astro__up,astro,C3,Control,-0.3283178189674919,47
raw::CD22__pDC__x__astro__up,astro,C4,Control,0.6416825572497623,47
raw::CD22__pDC__x__astro__up,astro,C5,Control,0.0672754388631475,47
raw::CD22__pDC__x__astro__up,astro,C6,Control,-0.1368920010400376,47
raw::CD22__pDC__x__astro__up,astro,PD1,PD,-0.381898546354864,47
raw::CD22__pDC__x__astro__up,astro,PD2,PD,-0.1110996278234418,47
raw::CD22__pDC__x__astro__up,astro,PD3,PD,-0.5533404036559305,47
raw::CD22__pDC__x__astro__up,astro,PD4,PD,0.3368061800239618,47
raw::CD22__pDC__x__astro__up,astro,PD5,PD,0.3244661322165927,47
raw::CD80__nonclassical_mono__x__astro__up,astro,C1,Control,1.4435733992941366,46
raw::CD80__nonclassical_mono__x__astro__up,astro,C2,Control,-0.2272134794814692,46
raw::CD80__nonclassical_mono__x__astro__up,astro,C3,Control,-0.6835469870563525,46
raw::CD80__nonclassical_mono__x__astro__up,astro,C4,Control,0.1464282075398026,46
raw::CD80__nonclassical_mono__x__astro__up,astro,C5,Control,-0.4216481403295088,46
raw::CD80__nonclassical_mono__x__astro__up,astro,C6,Control,-0.1958265259548039,46
raw::CD80__nonclassical_mono__x__astro__up,astro,PD1,PD,-0.2754632844677467,46
raw::CD80__nonclassical_mono__x__astro__up,astro,PD2,PD,-0.070324769598733,46
raw::CD80__nonclassical_mono__x__astro__up,astro,PD3,PD,-0.2585063547695451,46
raw::CD80__nonclassical_mono__x__astro__up,astro,PD4,PD,0.2774226804312188,46
raw::CD80__nonclassical_mono__x__astro__up,astro,PD5,PD,0.2651052543930016,46
relative::CD274__pDC__x__astro__up,astro,C1,Control,2.1582733434572186,39
relative::CD274__pDC__x__astro__up,astro,C2,Control,-0.3559385869773903,39
relative::CD274__pDC__x__astro__up,astro,C3,Control,-0.4858227712905262,39
relative::CD274__pDC__x__astro__up,astro,C4,Control,0.0725236327456697,39
relative::CD274__pDC__x__astro__up,astro,C5,Control,-0.1473183271575526,39
relative::CD274__pDC__x__astro__up,astro,C6,Control,-0.1947472298920393,39
relative::CD274__pDC__x__astro__up,astro,PD1,PD,-0.2205030925951756,39
relative::CD274__pDC__x__astro__up,astro,PD2,PD,-0.1795713767840754,39
relative::CD274__pDC__x__astro__up,astro,PD3,PD,-0.3874372379155033,39
relative::CD274__pDC__x__astro__up,astro,PD4,PD,-0.2275064368434675,39
relative::CD274__pDC__x__astro__up,astro,PD5,PD,-0.0319519167471571,39
raw::CD22__cDC__x__astro__up,astro,C1,Control,0.5426339472310526,43
raw::CD22__cDC__x__astro__up,astro,C2,Control,-0.2587009558382406,43
raw::CD22__cDC__x__astro__up,astro,C3,Control,-0.4430648009215212,43
raw::CD22__cDC__x__astro__up,astro,C4,Control,0.5835548412233261,43
raw::CD22__cDC__x__astro__up,astro,C5,Control,0.1763416906496522,43
raw::CD22__cDC__x__astro__up,astro,C6,Control,-0.0638975070511103,43
raw::CD22__cDC__x__astro__up,astro,PD1,PD,-0.1778552505310393,43
raw::CD22__cDC__x__astro__up,astro,PD2,PD,-0.1433285468910907,43
raw::CD22__cDC__x__astro__up,astro,PD3,PD,-0.6729537645088811,43
raw::CD22__cDC__x__astro__up,astro,PD4,PD,0.2145698340967498,43
raw::CD22__cDC__x__astro__up,astro,PD5,PD,0.2427005125411048,43
raw::CD40__classical_mono__x__microglia_mhc2__up,microglia_mhc2,C1,Control,0.6923808518612704,67
raw::CD40__classical_mono__x__microglia_mhc2__up,microglia_mhc2,C2,Control,-0.0926615750906682,67
raw::CD40__classical_mono__x__microglia_mhc2__up,microglia_mhc2,C3,Control,-0.3417015456095821,67
raw::CD40__classical_mono__x__microglia_mhc2__up,microglia_mhc2,C4,Control,-0.1821957309115386,67
raw::CD40__classical_mono__x__microglia_mhc2__up,microglia_mhc2,C5,Control,-0.1496437646316056,67
raw::CD40__classical_mono__x__microglia_mhc2__up,microglia_mhc2,C6,Control,0.5254667572346593,67
raw::CD40__classical_mono__x__microglia_mhc2__up,microglia_mhc2,PD1,PD,-0.2872212764159307,67
raw::CD40__classical_mono__x__microglia_mhc2__up,microglia_mhc2,PD2,PD,0.2855047811800468,67
raw::CD40__classical_mono__x__microglia_mhc2__up,microglia_mhc2,PD3,PD,0.0201615902873066,67
raw::CD40__classical_mono__x__microglia_mhc2__up,microglia_mhc2,PD4,PD,-0.6124050493579326,67
raw::CD40__classical_mono__x__microglia_mhc2__up,microglia_mhc2,PD5,PD,0.1423149614539751,67
raw::CD71__nonclassical_mono__x__microglia_mhc2__down,microglia_mhc2,C1,Control,0.4312693558549902,70
raw::CD71__nonclassical_mono__x__microglia_mhc2__down,microglia_mhc2,C2,Control,-0.1524412784429586,70
raw::CD71__nonclassical_mono__x__microglia_mhc2__down,microglia_mhc2,C3,Control,-0.3237454554023007,70
raw::CD71__nonclassical_mono__x__microglia_mhc2__down,microglia_mhc2,C4,Control,-0.0323309647839156,70
raw::CD71__nonclassical_mono__x__microglia_mhc2__down,microglia_mhc2,C5,Control,-0.4567909653438163,70
raw::CD71__nonclassical_mono__x__microglia_mhc2__down,microglia_mhc2,C6,Control,0.769051537444786,70
raw::CD71__nonclassical_mono__x__microglia_mhc2__down,microglia_mhc2,PD1,PD,-0.0434237210103679,70
raw::CD71__nonclassical_mono__x__microglia_mhc2__down,microglia_mhc2,PD2,PD,0.4504931866580877,70
raw::CD71__nonclassical_mono__x__microglia_mhc2__down,microglia_mhc2,PD3,PD,-0.3962552928076004,70
raw::CD71__nonclassical_mono__x__microglia_mhc2__down,microglia_mhc2,PD4,PD,-0.2689900815883026,70
raw::CD71__nonclassical_mono__x__microglia_mhc2__down,microglia_mhc2,PD5,PD,0.0231636794213984,70
raw::CD40__pDC__x__microglia_mhc2__up,microglia_mhc2,C1,Control,0.7841684472450513,69
raw::CD40__pDC__x__microglia_mhc2__up,microglia_mhc2,C2,Control,-0.3170095783421626,69
raw::CD40__pDC__x__microglia_mhc2__up,microglia_mhc2,C3,Control,-0.3028008255173595,69
raw::CD40__pDC__x__microglia_mhc2__up,microglia_mhc2,C4,Control,-0.1692086094513416,69
raw::CD40__pDC__x__microglia_mhc2__up,microglia_mhc2,C5,Control,0.0297086689142887,69
raw::CD40__pDC__x__microglia_mhc2__up,microglia_mhc2,C6,Control,0.542807053167841,69
raw::CD40__pDC__x__microglia_mhc2__up,microglia_mhc2,PD1,PD,-0.1239772158568125,69
raw::CD40__pDC__x__microglia_mhc2__up,microglia_mhc2,PD2,PD,0.294563600950841,69
raw::CD40__pDC__x__microglia_mhc2__up,microglia_mhc2,PD3,PD,-0.2041927484833405,69
raw::CD40__pDC__x__microglia_mhc2__up,microglia_mhc2,PD4,PD,-0.6787363827660559,69
raw::CD40__pDC__x__microglia_mhc2__up,microglia_mhc2,PD5,PD,0.144677590139051,69
raw::CD40__nonclassical_mono__x__microglia_mhc2__up,microglia_mhc2,C1,Control,0.8938280367252157,63
raw::CD40__nonclassical_mono__x__microglia_mhc2__up,microglia_mhc2,C2,Control,-0.2676672570492174,63
raw::CD40__nonclassical_mono__x__microglia_mhc2__up,microglia_mhc2,C3,Control,-0.3703380720244011,63
raw::CD40__nonclassical_mono__x__microglia_mhc2__up,microglia_mhc2,C4,Control,-0.166921989081737,63
raw::CD40__nonclassical_mono__x__microglia_mhc2__up,microglia_mhc2,C5,Control,-0.0234268721782988,63
raw::CD40__nonclassical_mono__x__microglia_mhc2__up,microglia_mhc2,C6,Control,0.6285925888944355,63
raw::CD40__nonclassical_mono__x__microglia_mhc2__up,microglia_mhc2,PD1,PD,-0.2053826082911231,63
raw::CD40__nonclassical_mono__x__microglia_mhc2__up,microglia_mhc2,PD2,PD,0.3552155091792728,63
raw::CD40__nonclassical_mono__x__microglia_mhc2__up,microglia_mhc2,PD3,PD,-0.198019178272911,63
raw::CD40__nonclassical_mono__x__microglia_mhc2__up,microglia_mhc2,PD4,PD,-0.6296593931274961,63
raw::CD40__nonclassical_mono__x__microglia_mhc2__up,microglia_mhc2,PD5,PD,-0.0162207647737384,63
raw::CD40__cDC__x__astro__up,astro,C1,Control,1.13078605037629,59
raw::CD40__cDC__x__astro__up,astro,C2,Control,-0.2392201479599227,59
raw::CD40__cDC__x__astro__up,astro,C3,Control,-0.356398124994807,59
raw::CD40__cDC__x__astro__up,astro,C4,Control,0.2830817091470156,59
raw::CD40__cDC__x__astro__up,astro,C5,Control,-0.0233323492002458,59
raw::CD40__cDC__x__astro__up,astro,C6,Control,-0.0218807633063949,59
raw::CD40__cDC__x__astro__up,astro,PD1,PD,-0.0225099022702176,59
raw::CD40__cDC__x__astro__up,astro,PD2,PD,0.0316262721379257,59
raw::CD40__cDC__x__astro__up,astro,PD3,PD,-0.5818587671368141,59
raw::CD40__cDC__x__astro__up,astro,PD4,PD,-0.320770440063593,59
raw::CD40__cDC__x__astro__up,astro,PD5,PD,0.1204764632707641,59
raw::CD71__pDC__x__microglia_mhc2__down,microglia_mhc2,C1,Control,0.553075454243143,75
raw::CD71__pDC__x__microglia_mhc2__down,microglia_mhc2,C2,Control,-0.0524955405070438,75
raw::CD71__pDC__x__microglia_mhc2__down,microglia_mhc2,C3,Control,-0.2866621835369209,75
raw::CD71__pDC__x__microglia_mhc2__down,microglia_mhc2,C4,Control,-0.2542442400177931,75
raw::CD71__pDC__x__microglia_mhc2__down,microglia_mhc2,C5,Control,-0.4406959954964122,75
raw::CD71__pDC__x__microglia_mhc2__down,microglia_mhc2,C6,Control,0.6027170660106159,75
raw::CD71__pDC__x__microglia_mhc2__down,microglia_mhc2,PD1,PD,0.0070042913840381,75
raw::CD71__pDC__x__microglia_mhc2__down,microglia_mhc2,PD2,PD,0.3604474367463817,75
raw::CD71__pDC__x__microglia_mhc2__down,microglia_mhc2,PD3,PD,-0.3258479111069859,75
raw::CD71__pDC__x__microglia_mhc2__down,microglia_mhc2,PD4,PD,-0.3880434081348419,75
raw::CD71__pDC__x__microglia_mhc2__down,microglia_mhc2,PD5,PD,0.2247450304158199,75
raw::CD40__cDC__x__microglia_mhc2__up,microglia_mhc2,C1,Control,0.8857661623583755,58
raw::CD40__cDC__x__microglia_mhc2__up,microglia_mhc2,C2,Control,-0.3286159987690092,58
raw::CD40__cDC__x__microglia_mhc2__up,microglia_mhc2,C3,Control,-0.2778429719442955,58
raw::CD40__cDC__x__microglia_mhc2__up,microglia_mhc2,C4,Control,-0.1493598880288773,58
raw::CD40__cDC__x__microglia_mhc2__up,microglia_mhc2,C5,Control,-0.0774671266994438,58
raw::CD40__cDC__x__microglia_mhc2__up,microglia_mhc2,C6,Control,0.5955833456821085,58
raw::CD40__cDC__x__microglia_mhc2__up,microglia_mhc2,PD1,PD,-0.1846145905497511,58
raw::CD40__cDC__x__microglia_mhc2__up,microglia_mhc2,PD2,PD,0.3639401290841179,58
raw::CD40__cDC__x__microglia_mhc2__up,microglia_mhc2,PD3,PD,-0.193069075790334,58
raw::CD40__cDC__x__microglia_mhc2__up,microglia_mhc2,PD4,PD,-0.6336334530823436,58
raw::CD40__cDC__x__microglia_mhc2__up,microglia_mhc2,PD5,PD,-0.0006865322605458,58
raw::CD71__classical_mono__x__microglia_mhc2__down,microglia_mhc2,C1,Control,0.5077096801505726,50
raw::CD71__classical_mono__x__microglia_mhc2__down,microglia_mhc2,C2,Control,-0.1982688520088948,50
raw::CD71__classical_mono__x__microglia_mhc2__down,microglia_mhc2,C3,Control,-0.2648855425668341,50
raw::CD71__classical_mono__x__microglia_mhc2__down,microglia_mhc2,C4,Control,-0.1014869871091405,50
raw::CD71__classical_mono__x__microglia_mhc2__down,microglia_mhc2,C5,Control,-0.5581286440625177,50
raw::CD71__classical_mono__x__microglia_mhc2__down,microglia_mhc2,C6,Control,0.7711894242964111,50
raw::CD71__classical_mono__x__microglia_mhc2__down,microglia_mhc2,PD1,PD,0.0776831667761153,50
raw::CD71__classical_mono__x__microglia_mhc2__down,microglia_mhc2,PD2,PD,0.3616202664666664,50
raw::CD71__classical_mono__x__microglia_mhc2__down,microglia_mhc2,PD3,PD,-0.4152211994526727,50
raw::CD71__classical_mono__x__microglia_mhc2__down,microglia_mhc2,PD4,PD,-0.3677172226089187,50
raw::CD71__classical_mono__x__microglia_mhc2__down,microglia_mhc2,PD5,PD,0.1875059101192124,50
raw::CD71__cDC__x__microglia_mhc2__down,microglia_mhc2,C1,Control,0.339640212058556,58
raw::CD71__cDC__x__microglia_mhc2__down,microglia_mhc2,C2,Control,-0.1955211552297367,58
raw::CD71__cDC__x__microglia_mhc2__down,microglia_mhc2,C3,Control,-0.211367645735319,58
raw::CD71__cDC__x__microglia_mhc2__down,microglia_mhc2,C4,Control,-0.0273678866282856,58
raw::CD71__cDC__x__microglia_mhc2__down,microglia_mhc2,C5,Control,-0.2794899677789385,58
raw::CD71__cDC__x__microglia_mhc2__down,microglia_mhc2,C6,Control,0.5945123335513912,58
raw::CD71__cDC__x__microglia_mhc2__down,microglia_mhc2,PD1,PD,-0.0712843948728675,58
raw::CD71__cDC__x__microglia_mhc2__down,microglia_mhc2,PD2,PD,0.4385820994100636,58
raw::CD71__cDC__x__microglia_mhc2__down,microglia_mhc2,PD3,PD,-0.2194152194162252,58
raw::CD71__cDC__x__microglia_mhc2__down,microglia_mhc2,PD4,PD,-0.2261893246278607,58
raw::CD71__cDC__x__microglia_mhc2__down,microglia_mhc2,PD5,PD,-0.1420990507307774,58
relative::CD40__nonclassical_mono__x__astro__up,astro,C1,Control,2.0858696682716276,50
relative::CD40__nonclassical_mono__x__astro__up,astro,C2,Control,-0.1779227694544547,50
relative::CD40__nonclassical_mono__x__astro__up,astro,C3,Control,-0.4283163301743245,50
relative::CD40__nonclassical_mono__x__astro__up,astro,C4,Control,-0.0191131698722495,50
relative::CD40__nonclassical_mono__x__astro__up,astro,C5,Control,-0.1795353912159996,50
relative::CD40__nonclassical_mono__x__astro__up,astro,C6,Control,-0.0474191977055259,50
relative::CD40__nonclassical_mono__x__astro__up,astro,PD1,PD,-0.2956883693929999,50
relative::CD40__nonclassical_mono__x__astro__up,astro,PD2,PD,-0.0530562515813022,50
relative::CD40__nonclassical_mono__x__astro__up,astro,PD3,PD,-0.5279827917133231,50
relative::CD40__nonclassical_mono__x__astro__up,astro,PD4,PD,-0.4246416837362769,50
relative::CD40__nonclassical_mono__x__astro__up,astro,PD5,PD,0.0678062865748286,50
raw::CD71__pDC__x__astro__down,astro,C1,Control,0.798439214416022,41
raw::CD71__pDC__x__astro__down,astro,C2,Control,-0.3480722637822785,41
raw::CD71__pDC__x__astro__down,astro,C3,Control,-0.4078893623656697,41
raw::CD71__pDC__x__astro__down,astro,C4,Control,0.45422278387774,41
raw::CD71__pDC__x__astro__down,astro,C5,Control,0.1230578877871961,41
raw::CD71__pDC__x__astro__down,astro,C6,Control,-0.0694031728526421,41
raw::CD71__pDC__x__astro__down,astro,PD1,PD,-0.2242467868014422,41
raw::CD71__pDC__x__astro__down,astro,PD2,PD,-0.1782309037833389,41
raw::CD71__pDC__x__astro__down,astro,PD3,PD,-0.7343552272225833,41
raw::CD71__pDC__x__astro__down,astro,PD4,PD,0.2546096003649651,41
raw::CD71__pDC__x__astro__down,astro,PD5,PD,0.3318682303620309,41
raw::CD71__nonclassical_mono__x__astro__down,astro,C1,Control,1.04217150578097,95
raw::CD71__nonclassical_mono__x__astro__down,astro,C2,Control,-0.3869034866453864,95
raw::CD71__nonclassical_mono__x__astro__down,astro,C3,Control,-0.4427900134881147,95
raw::CD71__nonclassical_mono__x__astro__down,astro,C4,Control,0.3156506562090115,95
raw::CD71__nonclassical_mono__x__astro__down,astro,C5,Control,0.0318798229444713,95
raw::CD71__nonclassical_mono__x__astro__down,astro,C6,Control,-0.1494760977483063,95
raw::CD71__nonclassical_mono__x__astro__down,astro,PD1,PD,-0.1256380036887144,95
raw::CD71__nonclassical_mono__x__astro__down,astro,PD2,PD,0.0043944047449742,95
raw::CD71__nonclassical_mono__x__astro__down,astro,PD3,PD,-0.575829837053225,95
raw::CD71__nonclassical_mono__x__astro__down,astro,PD4,PD,0.1096503315551926,95
raw::CD71__nonclassical_mono__x__astro__down,astro,PD5,PD,0.1768907173891265,95
relative::CD40__classical_mono__x__astro__up,astro,C1,Control,2.1245083731401686,37
relative::CD40__classical_mono__x__astro__up,astro,C2,Control,-0.2681893219548668,37
relative::CD40__classical_mono__x__astro__up,astro,C3,Control,-0.4979072555243476,37
relative::CD40__classical_mono__x__astro__up,astro,C4,Control,-0.1371524110372181,37
relative::CD40__classical_mono__x__astro__up,astro,C5,Control,-0.1004646852241128,37
relative::CD40__classical_mono__x__astro__up,astro,C6,Control,-0.0153430371324065,37
relative::CD40__classical_mono__x__astro__up,astro,PD1,PD,-0.4418875699591112,37
relative::CD40__classical_mono__x__astro__up,astro,PD2,PD,-0.0038659914320334,37
relative::CD40__classical_mono__x__astro__up,astro,PD3,PD,-0.4659555753375554,37
relative::CD40__classical_mono__x__astro__up,astro,PD4,PD,-0.3046356252262189,37
relative::CD40__classical_mono__x__astro__up,astro,PD5,PD,0.1108930996877032,37
raw::CD169__classical_mono__x__astro__up,astro,C1,Control,1.582753810097923,38
raw::CD169__classical_mono__x__astro__up,astro,C2,Control,-0.3689606620095979,38
raw::CD169__classical_mono__x__astro__up,astro,C3,Control,-0.392188606585918,38
raw::CD169__classical_mono__x__astro__up,astro,C4,Control,0.3696496845186657,38
raw::CD169__classical_mono__x__astro__up,astro,C5,Control,0.0193334379866237,38
raw::CD169__classical_mono__x__astro__up,astro,C6,Control,-0.1002507261240781,38
raw::CD169__classical_mono__x__astro__up,astro,PD1,PD,-0.1095185451573187,38
raw::CD169__classical_mono__x__astro__up,astro,PD2,PD,-0.0396953093324918,38
raw::CD169__classical_mono__x__astro__up,astro,PD3,PD,-0.4159120788833288,38
raw::CD169__classical_mono__x__astro__up,astro,PD4,PD,-0.4833795717592293,38
raw::CD169__classical_mono__x__astro__up,astro,PD5,PD,-0.0618314327512495,38
raw::CLEC2__nonclassical_mono__x__astro__down,astro,C1,Control,1.159789455759309,56
raw::CLEC2__nonclassical_mono__x__astro__down,astro,C2,Control,-0.2287056310616319,56
raw::CLEC2__nonclassical_mono__x__astro__down,astro,C3,Control,-0.2825634240618961,56
raw::CLEC2__nonclassical_mono__x__astro__down,astro,C4,Control,0.3904486427440036,56
raw::CLEC2__nonclassical_mono__x__astro__down,astro,C5,Control,-0.0430373010914747,56
raw::CLEC2__nonclassical_mono__x__astro__down,astro,C6,Control,-0.03616063791017,56
raw::CLEC2__nonclassical_mono__x__astro__down,astro,PD1,PD,-0.100779550906316,56
raw::CLEC2__nonclassical_mono__x__astro__down,astro,PD2,PD,-0.0230534369778313,56
raw::CLEC2__nonclassical_mono__x__astro__down,astro,PD3,PD,-0.4605660142847937,56
raw::CLEC2__nonclassical_mono__x__astro__down,astro,PD4,PD,-0.4196080580729889,56
raw::CLEC2__nonclassical_mono__x__astro__down,astro,PD5,PD,0.0442359558637906,56
raw::CD196__nonclassical_mono__x__astro__down,astro,C1,Control,1.7248189462801606,27
raw::CD196__nonclassical_mono__x__astro__down,astro,C2,Control,-0.4620286655472468,27
raw::CD196__nonclassical_mono__x__astro__down,astro,C3,Control,-0.4565130618981354,27
raw::CD196__nonclassical_mono__x__astro__down,astro,C4,Control,0.3662999896278762,27
raw::CD196__nonclassical_mono__x__astro__down,astro,C5,Control,-0.091926269539757,27
raw::CD196__nonclassical_mono__x__astro__down,astro,C6,Control,-0.1058083621069463,27
raw::CD196__nonclassical_mono__x__astro__down,astro,PD1,PD,-0.089530863130752,27
raw::CD196__nonclassical_mono__x__astro__down,astro,PD2,PD,-0.2979737204230041,27
raw::CD196__nonclassical_mono__x__astro__down,astro,PD3,PD,-0.0789143819233671,27
raw::CD196__nonclassical_mono__x__astro__down,astro,PD4,PD,-0.4852376123336269,27
raw::CD196__nonclassical_mono__x__astro__down,astro,PD5,PD,-0.0231859990052006,27
raw::CD36__nonclassical_mono__x__astro__up,astro,C1,Control,1.6369759217037927,42
raw::CD36__nonclassical_mono__x__astro__up,astro,C2,Control,-0.3606268452529734,42
raw::CD36__nonclassical_mono__x__astro__up,astro,C3,Control,-0.5194929240166701,42
raw::CD36__nonclassical_mono__x__astro__up,astro,C4,Control,0.3063986959858706,42
raw::CD36__nonclassical_mono__x__astro__up,astro,C5,Control,-0.1459684839272554,42
raw::CD36__nonclassical_mono__x__astro__up,astro,C6,Control,-0.1215476611272209,42
raw::CD36__nonclassical_mono__x__astro__up,astro,PD1,PD,-0.1221343190091487,42
raw::CD36__nonclassical_mono__x__astro__up,astro,PD2,PD,-0.1946534188970788,42
raw::CD36__nonclassical_mono__x__astro__up,astro,PD3,PD,-0.3775408095152872,42
raw::CD36__nonclassical_mono__x__astro__up,astro,PD4,PD,-0.3262850985713599,42
raw::CD36__nonclassical_mono__x__astro__up,astro,PD5,PD,0.2248749426273314,42
raw::CD106__cDC__x__astro__up,astro,C1,Control,1.295840015397152,54
raw::CD106__cDC__x__astro__up,astro,C2,Control,-0.2121901598509639,54
raw::CD106__cDC__x__astro__up,astro,C3,Control,-0.479633798128379,54
raw::CD106__cDC__x__astro__up,astro,C4,Control,0.4369680180293894,54
raw::CD106__cDC__x__astro__up,astro,C5,Control,-0.0982410723396464,54
raw::CD106__cDC__x__astro__up,astro,C6,Control,-0.0789389788475853,54
raw::CD106__cDC__x__astro__up,astro,PD1,PD,-0.1402422513193491,54
raw::CD106__cDC__x__astro__up,astro,PD2,PD,-0.1199192464912873,54
raw::CD106__cDC__x__astro__up,astro,PD3,PD,-0.4436657179370721,54
raw::CD106__cDC__x__astro__up,astro,PD4,PD,-0.1070357832262713,54
raw::CD106__cDC__x__astro__up,astro,PD5,PD,-0.052941025285986,54
raw::CD43__pDC__x__astro__down,astro,C1,Control,1.7193517204208295,39
raw::CD43__pDC__x__astro__down,astro,C2,Control,-0.4074540378154279,39
raw::CD43__pDC__x__astro__down,astro,C3,Control,-0.6054356872344266,39
raw::CD43__pDC__x__astro__down,astro,C4,Control,0.2588309426220143,39
raw::CD43__pDC__x__astro__down,astro,C5,Control,-0.196114468538332,39
raw::CD43__pDC__x__astro__down,astro,C6,Control,-0.0177926670707515,39
raw::CD43__pDC__x__astro__down,astro,PD1,PD,-0.0357505234438147,39
raw::CD43__pDC__x__astro__down,astro,PD2,PD,-0.0983849380856078,39
raw::CD43__pDC__x__astro__down,astro,PD3,PD,-0.339060110119793,39
raw::CD43__pDC__x__astro__down,astro,PD4,PD,-0.3601880060845419,39
raw::CD43__pDC__x__astro__down,astro,PD5,PD,0.081997775349852,39
raw::CD43__cDC__x__astro__down,astro,C1,Control,1.679600479826377,42
raw::CD43__cDC__x__astro__down,astro,C2,Control,-0.3259499163340919,42
raw::CD43__cDC__x__astro__down,astro,C3,Control,-0.6203910801304863,42
raw::CD43__cDC__x__astro__down,astro,C4,Control,0.2645745225512331,42
raw::CD43__cDC__x__astro__down,astro,C5,Control,-0.1938541828139655,42
raw::CD43__cDC__x__astro__down,astro,C6,Control,-0.1072212399335227,42
raw::CD43__cDC__x__astro__down,astro,PD1,PD,-0.1726962861336743,42
raw::CD43__cDC__x__astro__down,astro,PD2,PD,-0.0963631658749867,42
raw::CD43__cDC__x__astro__down,astro,PD3,PD,-0.3312981989393972,42
raw::CD43__cDC__x__astro__down,astro,PD4,PD,-0.1422076974576715,42
raw::CD43__cDC__x__astro__down,astro,PD5,PD,0.0458067652401867,42
raw::LOX-1__nonclassical_mono__x__astro__up,astro,C1,Control,1.405566168235143,55
raw::LOX-1__nonclassical_mono__x__astro__up,astro,C2,Control,-0.2272127785594351,55
raw::LOX-1__nonclassical_mono__x__astro__up,astro,C3,Control,-0.6584383942691868,55
raw::LOX-1__nonclassical_mono__x__astro__up,astro,C4,Control,0.2524412370301324,55
raw::LOX-1__nonclassical_mono__x__astro__up,astro,C5,Control,-0.1286019924256079,55
raw::LOX-1__nonclassical_mono__x__astro__up,astro,C6,Control,-0.0709243668577452,55
raw::LOX-1__nonclassical_mono__x__astro__up,astro,PD1,PD,-0.4104159055651119,55
raw::LOX-1__nonclassical_mono__x__astro__up,astro,PD2,PD,-0.1684266309273871,55
raw::LOX-1__nonclassical_mono__x__astro__up,astro,PD3,PD,-0.2336024373530302,55
raw::LOX-1__nonclassical_mono__x__astro__up,astro,PD4,PD,0.2371761723223148,55
raw::LOX-1__nonclassical_mono__x__astro__up,astro,PD5,PD,0.0024389283699145,55
raw::CD31__cDC__x__astro__down,astro,C1,Control,1.3231502715237982,25
raw::CD31__cDC__x__astro__down,astro,C2,Control,-0.1130551043210479,25
raw::CD31__cDC__x__astro__down,astro,C3,Control,-0.5149881867936221,25
raw::CD31__cDC__x__astro__down,astro,C4,Control,0.221660841304142,25
raw::CD31__cDC__x__astro__down,astro,C5,Control,-0.1968116561013295,25
raw::CD31__cDC__x__astro__down,astro,C6,Control,-0.0318514374323086,25
raw::CD31__cDC__x__astro__down,astro,PD1,PD,-0.0833448905623554,25
raw::CD31__cDC__x__astro__down,astro,PD2,PD,-0.1626010904520467,25
raw::CD31__cDC__x__astro__down,astro,PD3,PD,-0.3792783080863533,25
raw::CD31__cDC__x__astro__down,astro,PD4,PD,-0.067668699871321,25
raw::CD31__cDC__x__astro__down,astro,PD5,PD,0.004788260792446,25
raw::CD43__nonclassical_mono__x__astro__down,astro,C1,Control,1.501912998988752,38
raw::CD43__nonclassical_mono__x__astro__down,astro,C2,Control,-0.320938339022746,38
raw::CD43__nonclassical_mono__x__astro__down,astro,C3,Control,-0.5564590858266186,38
raw::CD43__nonclassical_mono__x__astro__down,astro,C4,Control,0.2624171275607306,38
raw::CD43__nonclassical_mono__x__astro__down,astro,C5,Control,-0.2135086244035371,38
raw::CD43__nonclassical_mono__x__astro__down,astro,C6,Control,-0.0192958168284237,38
raw::CD43__nonclassical_mono__x__astro__down,astro,PD1,PD,-0.0267051456221937,38
raw::CD43__nonclassical_mono__x__astro__down,astro,PD2,PD,-0.1339559627095842,38
raw::CD43__nonclassical_mono__x__astro__down,astro,PD3,PD,-0.4055333124136132,38
raw::CD43__nonclassical_mono__x__astro__down,astro,PD4,PD,-0.1695193296371826,38
raw::CD43__nonclassical_mono__x__astro__down,astro,PD5,PD,0.0815854899144173,38
raw::CD90__pDC__x__astro__up,astro,C1,Control,1.7155716197227893,17
raw::CD90__pDC__x__astro__up,astro,C2,Control,-0.4341274340785909,17
raw::CD90__pDC__x__astro__up,astro,C3,Control,-0.3959846246723235,17
raw::CD90__pDC__x__astro__up,astro,C4,Control,0.3850107186934475,17
raw::CD90__pDC__x__astro__up,astro,C5,Control,-0.1517605536148413,17
raw::CD90__pDC__x__astro__up,astro,C6,Control,-0.2434777087424594,17
raw::CD90__pDC__x__astro__up,astro,PD1,PD,-0.1590818389537335,17
raw::CD90__pDC__x__astro__up,astro,PD2,PD,-0.1452878787976296,17
raw::CD90__pDC__x__astro__up,astro,PD3,PD,0.0164734426824387,17
raw::CD90__pDC__x__astro__up,astro,PD4,PD,-0.6470690223965839,17
raw::CD90__pDC__x__astro__up,astro,PD5,PD,0.0597332801574876,17
raw::Podoplanin__classical_mono__x__astro__up,astro,C1,Control,1.2785652833604797,13
raw::Podoplanin__classical_mono__x__astro__up,astro,C2,Control,-0.5812007421123332,13
raw::Podoplanin__classical_mono__x__astro__up,astro,C3,Control,-0.3641167693492191,13
raw::Podoplanin__classical_mono__x__astro__up,astro,C4,Control,0.6402080484807383,13
raw::Podoplanin__classical_mono__x__astro__up,astro,C5,Control,-0.0670337825910472,13
raw::Podoplanin__classical_mono__x__astro__up,astro,C6,Control,-0.0422442277627852,13
raw::Podoplanin__classical_mono__x__astro__up,astro,PD1,PD,-0.2326375960423193,13
raw::Podoplanin__classical_mono__x__astro__up,astro,PD2,PD,-0.1843220949001382,13
raw::Podoplanin__classical_mono__x__astro__up,astro,PD3,PD,0.1675948368367004,13
raw::Podoplanin__classical_mono__x__astro__up,astro,PD4,PD,-0.4913236506708081,13
raw::Podoplanin__classical_mono__x__astro__up,astro,PD5,PD,-0.1234893052492677,13
raw::CD36__pDC__x__astro__up,astro,C1,Control,1.3243974835226893,18
raw::CD36__pDC__x__astro__up,astro,C2,Control,-0.4190125548291716,18
raw::CD36__pDC__x__astro__up,astro,C3,Control,-0.6300600684677709,18
raw::CD36__pDC__x__astro__up,astro,C4,Control,0.4410062916648524,18
raw::CD36__pDC__x__astro__up,astro,C5,Control,-0.0642714906730428,18
raw::CD36__pDC__x__astro__up,astro,C6,Control,-0.0284587902281192,18
raw::CD36__pDC__x__astro__up,astro,PD1,PD,-0.0750222103210303,18
raw::CD36__pDC__x__astro__up,astro,PD2,PD,-0.2830599689111382,18
raw::CD36__pDC__x__astro__up,astro,PD3,PD,-0.1166069262260092,18
raw::CD36__pDC__x__astro__up,astro,PD4,PD,-0.6609937857637783,18
raw::CD36__pDC__x__astro__up,astro,PD5,PD,0.5120820202325194,18
raw::CD127__classical_mono__x__astro__down,astro,C1,Control,1.442064361423386,41
raw::CD127__classical_mono__x__astro__down,astro,C2,Control,-0.2927167033315249,41
raw::CD127__classical_mono__x__astro__down,astro,C3,Control,-0.6025641745681517,41
raw::CD127__classical_mono__x__astro__down,astro,C4,Control,0.2921052135172071,41
raw::CD127__classical_mono__x__astro__down,astro,C5,Control,-0.2703430966925948,41
raw::CD127__classical_mono__x__astro__down,astro,C6,Control,-0.1695614305044759,41
raw::CD127__classical_mono__x__astro__down,astro,PD1,PD,-0.0857359236502,41
raw::CD127__classical_mono__x__astro__down,astro,PD2,PD,-0.0001842444124469,41
raw::CD127__classical_mono__x__astro__down,astro,PD3,PD,-0.3586197868194062,41
raw::CD127__classical_mono__x__astro__down,astro,PD4,PD,0.1052984631090261,41
raw::CD127__classical_mono__x__astro__down,astro,PD5,PD,-0.0597426780708173,41
raw::CD127__cDC__x__astro__down,astro,C1,Control,1.3124061631515491,36
raw::CD127__cDC__x__astro__down,astro,C2,Control,-0.4121436497872389,36
raw::CD127__cDC__x__astro__down,astro,C3,Control,-0.6531441737803219,36
raw::CD127__cDC__x__astro__down,astro,C4,Control,0.3046451992379526,36
raw::CD127__cDC__x__astro__down,astro,C5,Control,-0.2520861588636387,36
raw::CD127__cDC__x__astro__down,astro,C6,Control,-0.1696791493276966,36
raw::CD127__cDC__x__astro__down,astro,PD1,PD,-0.0489058932443562,36
raw::CD127__cDC__x__astro__down,astro,PD2,PD,-0.0209617424250511,36
raw::CD127__cDC__x__astro__down,astro,PD3,PD,-0.2184916714502099,36
raw::CD127__cDC__x__astro__down,astro,PD4,PD,0.244192854025371,36
raw::CD127__cDC__x__astro__down,astro,PD5,PD,-0.0858317775363586,36
raw::CD127__pDC__x__astro__down,astro,C1,Control,1.0801908919090542,43
raw::CD127__pDC__x__astro__down,astro,C2,Control,-0.2667839813092024,43
raw::CD127__pDC__x__astro__down,astro,C3,Control,-0.6042801889453691,43
raw::CD127__pDC__x__astro__down,astro,C4,Control,0.3049767455212072,43
raw::CD127__pDC__x__astro__down,astro,C5,Control,-0.3388884761188738,43
raw::CD127__pDC__x__astro__down,astro,C6,Control,-0.3560706083929775,43
raw::CD127__pDC__x__astro__down,astro,PD1,PD,-0.0327471400778402,43
raw::CD127__pDC__x__astro__down,astro,PD2,PD,0.0026280923460687,43
raw::CD127__pDC__x__astro__down,astro,PD3,PD,-0.2918076652863992,43
raw::CD127__pDC__x__astro__down,astro,PD4,PD,0.505054183630607,43
raw::CD127__pDC__x__astro__down,astro,PD5,PD,-0.0022718532762767,43
raw::CD135__nonclassical_mono__x__astro__up,astro,C1,Control,1.7551357617294066,38
raw::CD135__nonclassical_mono__x__astro__up,astro,C2,Control,-0.6004539622130981,38
raw::CD135__nonclassical_mono__x__astro__up,astro,C3,Control,-0.6611328679880472,38
raw::CD135__nonclassical_mono__x__astro__up,astro,C4,Control,0.2937573237250293,38
raw::CD135__nonclassical_mono__x__astro__up,astro,C5,Control,-0.1783786409099964,38
raw::CD135__nonclassical_mono__x__astro__up,astro,C6,Control,-0.1498445954629478,38
raw::CD135__nonclassical_mono__x__astro__up,astro,PD1,PD,-0.1858775815472795,38
raw::CD135__nonclassical_mono__x__astro__up,astro,PD2,PD,0.0269175024093807,38
raw::CD135__nonclassical_mono__x__astro__up,astro,PD3,PD,-0.2155718037860559,38
raw::CD135__nonclassical_mono__x__astro__up,astro,PD4,PD,-0.2755697607691209,38
raw::CD135__nonclassical_mono__x__astro__up,astro,PD5,PD,0.1910186248127289,38
relative::CD274__cDC__x__astro__up,astro,C1,Control,1.693692544927148,29
relative::CD274__cDC__x__astro__up,astro,C2,Control,-0.422050908684861,29
relative::CD274__cDC__x__astro__up,astro,C3,Control,-0.4440259634561947,29
relative::CD274__cDC__x__astro__up,astro,C4,Control,0.1573910999498957,29
relative::CD274__cDC__x__astro__up,astro,C5,Control,-0.0088580988492946,29
relative::CD274__cDC__x__astro__up,astro,C6,Control,-0.0435598430461074,29
relative::CD274__cDC__x__astro__up,astro,PD1,PD,-0.1558260819866191,29
relative::CD274__cDC__x__astro__up,astro,PD2,PD,-0.0225067118532223,29
relative::CD274__cDC__x__astro__up,astro,PD3,PD,-0.2575382902743435,29
relative::CD274__cDC__x__astro__up,astro,PD4,PD,-0.3843858149827295,29
relative::CD274__cDC__x__astro__up,astro,PD5,PD,-0.1123319317436708,29
raw::CD169__cDC__x__astro__up,astro,C1,Control,1.3054459736109345,39
raw::CD169__cDC__x__astro__up,astro,C2,Control,-0.2458027115070601,39
raw::CD169__cDC__x__astro__up,astro,C3,Control,-0.3199468009105667,39
raw::CD169__cDC__x__astro__up,astro,C4,Control,0.43604432149169,39
raw::CD169__cDC__x__astro__up,astro,C5,Control,0.0400999548682092,39
raw::CD169__cDC__x__astro__up,astro,C6,Control,-0.1197807115444696,39
raw::CD169__cDC__x__astro__up,astro,PD1,PD,-0.0335216906352441,39
raw::CD169__cDC__x__astro__up,astro,PD2,PD,-0.1484823156454601,39
raw::CD169__cDC__x__astro__up,astro,PD3,PD,-0.4787686118576245,39
raw::CD169__cDC__x__astro__up,astro,PD4,PD,-0.3787154589309598,39
raw::CD169__cDC__x__astro__up,astro,PD5,PD,-0.0565719489394474,39
raw::CD178__cDC__x__astro__up,astro,C1,Control,1.3355809365229403,53
raw::CD178__cDC__x__astro__up,astro,C2,Control,-0.3178203368341686,53
raw::CD178__cDC__x__astro__up,astro,C3,Control,-0.1878228678275281,53
raw::CD178__cDC__x__astro__up,astro,C4,Control,0.4807689360347974,53
raw::CD178__cDC__x__astro__up,astro,C5,Control,0.0182593641186663,53
raw::CD178__cDC__x__astro__up,astro,C6,Control,-0.0544418109216135,53
raw::CD178__cDC__x__astro__up,astro,PD1,PD,-0.1307246714128408,53
raw::CD178__cDC__x__astro__up,astro,PD2,PD,-0.0403960426623328,53
raw::CD178__cDC__x__astro__up,astro,PD3,PD,-0.5477000021801792,53
raw::CD178__cDC__x__astro__up,astro,PD4,PD,-0.5043241418110485,53
raw::CD178__cDC__x__astro__up,astro,PD5,PD,-0.051379363026693,53
raw::CD46__nonclassical_mono__x__astro__down,astro,C1,Control,1.6639412356685663,45
raw::CD46__nonclassical_mono__x__astro__down,astro,C2,Control,-0.2735619884169299,45
raw::CD46__nonclassical_mono__x__astro__down,astro,C3,Control,-0.5672482319782717,45
raw::CD46__nonclassical_mono__x__astro__down,astro,C4,Control,0.3452384887633392,45
raw::CD46__nonclassical_mono__x__astro__down,astro,C5,Control,-0.3263686454399391,45
raw::CD46__nonclassical_mono__x__astro__down,astro,C6,Control,-0.2475995374458235,45
raw::CD46__nonclassical_mono__x__astro__down,astro,PD1,PD,-0.2043194176559129,45
raw::CD46__nonclassical_mono__x__astro__down,astro,PD2,PD,-0.2015660192998029,45
raw::CD46__nonclassical_mono__x__astro__down,astro,PD3,PD,-0.3097880139298598,45
raw::CD46__nonclassical_mono__x__astro__down,astro,PD4,PD,-0.2902675066890463,45
raw::CD46__nonclassical_mono__x__astro__down,astro,PD5,PD,0.4115396364236807,45
raw::CD46__cDC__x__astro__down,astro,C1,Control,1.762916635825527,43
raw::CD46__cDC__x__astro__down,astro,C2,Control,-0.3731186890951321,43
raw::CD46__cDC__x__astro__down,astro,C3,Control,-0.5521178697849463,43
raw::CD46__cDC__x__astro__down,astro,C4,Control,0.2473164980084623,43
raw::CD46__cDC__x__astro__down,astro,C5,Control,-0.2486588936002656,43
raw::CD46__cDC__x__astro__down,astro,C6,Control,-0.2271956612156989,43
raw::CD46__cDC__x__astro__down,astro,PD1,PD,-0.1705377901793155,43
raw::CD46__cDC__x__astro__down,astro,PD2,PD,-0.233406908097759,43
raw::CD46__cDC__x__astro__down,astro,PD3,PD,-0.3197315818148326,43
raw::CD46__cDC__x__astro__down,astro,PD4,PD,-0.2120576281119985,43
raw::CD46__cDC__x__astro__down,astro,PD5,PD,0.3265918880659587,43
raw::CD158__classical_mono__x__astro__up,astro,C1,Control,1.04361924060204,43
raw::CD158__classical_mono__x__astro__up,astro,C2,Control,-0.294524119409037,43
raw::CD158__classical_mono__x__astro__up,astro,C3,Control,-0.2478482825632682,43
raw::CD158__classical_mono__x__astro__up,astro,C4,Control,0.5491847713798154,43
raw::CD158__classical_mono__x__astro__up,astro,C5,Control,0.132769595716356,43
raw::CD158__classical_mono__x__astro__up,astro,C6,Control,0.228845783909591,43
raw::CD158__classical_mono__x__astro__up,astro,PD1,PD,0.0118527426521566,43
raw::CD158__classical_mono__x__astro__up,astro,PD2,PD,-0.061990157311147,43
raw::CD158__classical_mono__x__astro__up,astro,PD3,PD,-0.55575983575336,43
raw::CD158__classical_mono__x__astro__up,astro,PD4,PD,-0.7368212214523654,43
raw::CD158__classical_mono__x__astro__up,astro,PD5,PD,-0.0693285177707807,43
raw::CD158__cDC__x__astro__up,astro,C1,Control,1.3112556575683665,33
raw::CD158__cDC__x__astro__up,astro,C2,Control,-0.3155988634177928,33
raw::CD158__cDC__x__astro__up,astro,C3,Control,-0.4011500146571813,33
raw::CD158__cDC__x__astro__up,astro,C4,Control,0.3815409850825755,33
raw::CD158__cDC__x__astro__up,astro,C5,Control,-0.0595480449021504,33
raw::CD158__cDC__x__astro__up,astro,C6,Control,0.0416576319594045,33
raw::CD158__cDC__x__astro__up,astro,PD1,PD,0.1163424020130256,33
raw::CD158__cDC__x__astro__up,astro,PD2,PD,-0.0450427572887931,33
raw::CD158__cDC__x__astro__up,astro,PD3,PD,-0.4155394652066638,33
raw::CD158__cDC__x__astro__up,astro,PD4,PD,-0.7227122882887163,33
raw::CD158__cDC__x__astro__up,astro,PD5,PD,0.1087947571379256,33
raw::VEGFR-3__pDC__x__astro__up,astro,C1,Control,1.7702600381860214,49
raw::VEGFR-3__pDC__x__astro__up,astro,C2,Control,-0.3460590845516249,49
raw::VEGFR-3__pDC__x__astro__up,astro,C3,Control,-0.5879922629249544,49
raw::VEGFR-3__pDC__x__astro__up,astro,C4,Control,0.1848535537372193,49
raw::VEGFR-3__pDC__x__astro__up,astro,C5,Control,-0.2054095608156853,49
raw::VEGFR-3__pDC__x__astro__up,astro,C6,Control,-0.1126194896476488,49
raw::VEGFR-3__pDC__x__astro__up,astro,PD1,PD,-0.1673939685750358,49
raw::VEGFR-3__pDC__x__astro__up,astro,PD2,PD,-0.1108595307279765,49
raw::VEGFR-3__pDC__x__astro__up,astro,PD3,PD,-0.3567356331792967,49
raw::VEGFR-3__pDC__x__astro__up,astro,PD4,PD,-0.3107426213042946,49
raw::VEGFR-3__pDC__x__astro__up,astro,PD5,PD,0.2426985598032774,49
raw::CD144__pDC__x__astro__down,astro,C1,Control,1.2804732894442672,41
raw::CD144__pDC__x__astro__down,astro,C2,Control,-0.2570716035723347,41
raw::CD144__pDC__x__astro__down,astro,C3,Control,-0.3577098609911029,41
raw::CD144__pDC__x__astro__down,astro,C4,Control,0.3287142370987695,41
raw::CD144__pDC__x__astro__down,astro,C5,Control,-0.0894607507145506,41
raw::CD144__pDC__x__astro__down,astro,C6,Control,0.0038310402665579,41
raw::CD144__pDC__x__astro__down,astro,PD1,PD,-0.0332207095245647,41
raw::CD144__pDC__x__astro__down,astro,PD2,PD,-0.1626786690102976,41
raw::CD144__pDC__x__astro__down,astro,PD3,PD,-0.478788065779755,41
raw::CD144__pDC__x__astro__down,astro,PD4,PD,-0.4477447884887737,41
raw::CD144__pDC__x__astro__down,astro,PD5,PD,0.2136558812717854,41
raw::CD158__pDC__x__astro__up,astro,C1,Control,1.1232386463999195,30
raw::CD158__pDC__x__astro__up,astro,C2,Control,-0.313262359358134,30
raw::CD158__pDC__x__astro__up,astro,C3,Control,-0.2443211480515511,30
raw::CD158__pDC__x__astro__up,astro,C4,Control,0.4638580836280105,30
raw::CD158__pDC__x__astro__up,astro,C5,Control,0.0054811448940885,30
raw::CD158__pDC__x__astro__up,astro,C6,Control,0.0362516070548522,30
raw::CD158__pDC__x__astro__up,astro,PD1,PD,0.0893502910279505,30
raw::CD158__pDC__x__astro__up,astro,PD2,PD,-0.0314726776878679,30
raw::CD158__pDC__x__astro__up,astro,PD3,PD,-0.466715078645558,30
raw::CD158__pDC__x__astro__up,astro,PD4,PD,-0.8291395547685921,30
raw::CD158__pDC__x__astro__up,astro,PD5,PD,0.1667310455068826,30
raw::CD269__nonclassical_mono__x__astro__up,astro,C1,Control,1.3782828930104896,37
raw::CD269__nonclassical_mono__x__astro__up,astro,C2,Control,-0.2569265454234591,37
raw::CD269__nonclassical_mono__x__astro__up,astro,C3,Control,-0.4150334016547853,37
raw::CD269__nonclassical_mono__x__astro__up,astro,C4,Control,0.312450831378652,37
raw::CD269__nonclassical_mono__x__astro__up,astro,C5,Control,-0.2024619859031997,37
raw::CD269__nonclassical_mono__x__astro__up,astro,C6,Control,-0.0585112761824847,37
raw::CD269__nonclassical_mono__x__astro__up,astro,PD1,PD,0.0310622531239656,37
raw::CD269__nonclassical_mono__x__astro__up,astro,PD2,PD,-0.0509166272231048,37
raw::CD269__nonclassical_mono__x__astro__up,astro,PD3,PD,-0.5179394498191006,37
raw::CD269__nonclassical_mono__x__astro__up,astro,PD4,PD,-0.3802571335207796,37
raw::CD269__nonclassical_mono__x__astro__up,astro,PD5,PD,0.1602504422138065,37
raw::TCR-V-24-J-18__classical_mono__x__astro__up,astro,C1,Control,1.5619485251757148,49
raw::TCR-V-24-J-18__classical_mono__x__astro__up,astro,C2,Control,-0.26699812266439,49
raw::TCR-V-24-J-18__classical_mono__x__astro__up,astro,C3,Control,-0.6012205876667751,49
raw::TCR-V-24-J-18__classical_mono__x__astro__up,astro,C4,Control,0.2737370968675426,49
raw::TCR-V-24-J-18__classical_mono__x__astro__up,astro,C5,Control,-0.2343201377523259,49
raw::TCR-V-24-J-18__classical_mono__x__astro__up,astro,C6,Control,-0.2273861554495263,49
raw::TCR-V-24-J-18__classical_mono__x__astro__up,astro,PD1,PD,-0.2398372736869009,49
raw::TCR-V-24-J-18__classical_mono__x__astro__up,astro,PD2,PD,-0.1558043592230362,49
raw::TCR-V-24-J-18__classical_mono__x__astro__up,astro,PD3,PD,-0.3415830136771992,49
raw::TCR-V-24-J-18__classical_mono__x__astro__up,astro,PD4,PD,-0.0760899312196521,49
raw::TCR-V-24-J-18__classical_mono__x__astro__up,astro,PD5,PD,0.3075539592965485,49
raw::CD269__cDC__x__astro__up,astro,C1,Control,1.4680072457848792,26
raw::CD269__cDC__x__astro__up,astro,C2,Control,-0.4423051535324727,26
raw::CD269__cDC__x__astro__up,astro,C3,Control,-0.5193712002502602,26
raw::CD269__cDC__x__astro__up,astro,C4,Control,0.4022831698061315,26
raw::CD269__cDC__x__astro__up,astro,C5,Control,-0.1375778053833649,26
raw::CD269__cDC__x__astro__up,astro,C6,Control,-0.1036281697268417,26
raw::CD269__cDC__x__astro__up,astro,PD1,PD,0.0082116065638379,26
raw::CD269__cDC__x__astro__up,astro,PD2,PD,-0.1177721692890499,26
raw::CD269__cDC__x__astro__up,astro,PD3,PD,-0.3301637147654524,26
raw::CD269__cDC__x__astro__up,astro,PD4,PD,-0.5814210062304415,26
raw::CD269__cDC__x__astro__up,astro,PD5,PD,0.3537371970230347,26
relative::CD62P__nonclassical_mono__x__astro__down,astro,C1,Control,1.5345284805201291,45
relative::CD62P__nonclassical_mono__x__astro__down,astro,C2,Control,-0.3360305518942569,45
relative::CD62P__nonclassical_mono__x__astro__down,astro,C3,Control,-0.5348318468555363,45
relative::CD62P__nonclassical_mono__x__astro__down,astro,C4,Control,0.4014509965561759,45
relative::CD62P__nonclassical_mono__x__astro__down,astro,C5,Control,-0.1000674774735957,45
relative::CD62P__nonclassical_mono__x__astro__down,astro,C6,Control,-0.3566025838664259,45
relative::CD62P__nonclassical_mono__x__astro__down,astro,PD1,PD,-0.2857203617767078,45
relative::CD62P__nonclassical_mono__x__astro__down,astro,PD2,PD,-0.2306926290051118,45
relative::CD62P__nonclassical_mono__x__astro__down,astro,PD3,PD,-0.4036268269873563,45
relative::CD62P__nonclassical_mono__x__astro__down,astro,PD4,PD,0.0346941807347855,45
relative::CD62P__nonclassical_mono__x__astro__down,astro,PD5,PD,0.2768986200478999,45
relative::CD62P__cDC__x__astro__down,astro,C1,Control,1.3476598019715798,42
relative::CD62P__cDC__x__astro__down,astro,C2,Control,-0.3223045085205842,42
relative::CD62P__cDC__x__astro__down,astro,C3,Control,-0.6390351471065854,42
relative::CD62P__cDC__x__astro__down,astro,C4,Control,0.4454690263291495,42
relative::CD62P__cDC__x__astro__down,astro,C5,Control,-0.1889213441460647,42
relative::CD62P__cDC__x__astro__down,astro,C6,Control,-0.2921869365659138,42
relative::CD62P__cDC__x__astro__down,astro,PD1,PD,-0.3355285851874862,42
relative::CD62P__cDC__x__astro__down,astro,PD2,PD,-0.2246912790111914,42
relative::CD62P__cDC__x__astro__down,astro,PD3,PD,-0.3955921181203598,42
relative::CD62P__cDC__x__astro__down,astro,PD4,PD,0.1562409287256645,42
relative::CD62P__cDC__x__astro__down,astro,PD5,PD,0.4488901616317915,42
raw::CD203c__pDC__x__astro__up,astro,C1,Control,1.652459582323491,15
raw::CD203c__pDC__x__astro__up,astro,C2,Control,-0.4652149207431152,15
raw::CD203c__pDC__x__astro__up,astro,C3,Control,-0.7297477656400958,15
raw::CD203c__pDC__x__astro__up,astro,C4,Control,0.1058282690546226,15
raw::CD203c__pDC__x__astro__up,astro,C5,Control,-0.284815067516339,15
raw::CD203c__pDC__x__astro__up,astro,C6,Control,-0.2235742493468408,15
raw::CD203c__pDC__x__astro__up,astro,PD1,PD,-0.2064765747192251,15
raw::CD203c__pDC__x__astro__up,astro,PD2,PD,-0.1729112284359551,15
raw::CD203c__pDC__x__astro__up,astro,PD3,PD,0.1423951221692597,15
raw::CD203c__pDC__x__astro__up,astro,PD4,PD,-0.2645434144650079,15
raw::CD203c__pDC__x__astro__up,astro,PD5,PD,0.4466002473192054,15
