cohort,state,donor,condition,n_cells
GSE157783,astro,C1,Control,316
GSE157783,astro,C2,Control,259
GSE157783,astro,C3,Control,274
GSE157783,astro,C4,Control,563
GSE157783,astro,C5,Control,246
GSE157783,astro,C6,Control,485
GSE157783,astro,PD1,PD,256
GSE157783,astro,PD2,PD,847
GSE157783,astro,PD3,PD,466
GSE157783,astro,PD4,PD,285
GSE157783,astro,PD5,PD,711
GSE157783,microglia_mhc2,C1,Control,175
GSE157783,microglia_mhc2,C2,Control,202
GSE157783,microglia_mhc2,C3,Control,103
GSE157783,microglia_mhc2,C4,Control,317
GSE157783,microglia_mhc2,C5,Control,97
GSE157783,microglia_mhc2,C6,Control,216
GSE157783,microglia_mhc2,PD1,PD,200
GSE157783,microglia_mhc2,PD2,PD,645
GSE157783,microglia_mhc2,PD3,PD,551
GSE157783,microglia_mhc2,PD4,PD,122
GSE157783,microglia_mhc2,PD5,PD,697
