combo,calculated_effect,recorded_effect
raw::CD294__pDC__x__astro__up,-0.3168676057802378,-0.3168676057802378
raw::CD294__classical_mono__x__astro__up,-0.2978362924550729,-0.2978362924550729
raw::CD30__classical_mono__x__astro__up,-0.2443993513336398,-0.2443993513336398
raw::CD80__pDC__x__astro__up,-0.1741038699026308,-0.1741038699026308
raw::CD22__cDC__x__microglia_mhc2__down,-0.0093880511330568,-0.0093880511330568
raw::CD22__pDC__x__astro__up,-0.1411909640510168,-0.1411909640510168
raw::CD80__nonclassical_mono__x__astro__up,-0.0226477071376616,-0.0226477071376616
relative::CD274__pDC__x__astro__up,-0.383889022324639,-0.383889022324639
raw::CD22__cDC__x__astro__up,-0.1968513122741578,-0.1968513122741578
raw::CD40__classical_mono__x__microglia_mhc2__up,-0.1656031640459294,-0.1656031640459294
raw::CD71__nonclassical_mono__x__microglia_mhc2__down,-0.0861711507531544,-0.0861711507531544
raw::CD40__pDC__x__microglia_mhc2__up,-0.2081438905393162,-0.2081438905393162
raw::CD40__nonclassical_mono__x__microglia_mhc2__up,-0.254491026271532,-0.254491026271532
raw::CD40__cDC__x__astro__up,-0.2834466704893761,-0.2834466704893761
raw::CD71__pDC__x__microglia_mhc2__down,-0.0446213389217157,-0.0446213389217157
raw::CD40__cDC__x__microglia_mhc2__up,-0.237623291619581,-0.237623291619581
raw::CD71__classical_mono__x__microglia_mhc2__down,-0.0572473288565188,-0.0572473288565188
raw::CD71__cDC__x__microglia_mhc2__down,-0.0808154930871447,-0.0808154930871447
relative::CD40__nonclassical_mono__x__astro__up,-0.4523063636113269,-0.4523063636113269
raw::CD71__pDC__x__astro__down,-0.2017968652628016,-0.2017968652628016
raw::CD71__nonclassical_mono__x__astro__down,-0.1505285419193034,-0.1505285419193034
relative::CD40__classical_mono__x__astro__up,-0.4053322761646459,-0.4053322761646459
raw::CD169__classical_mono__x__astro__up,-0.4071235438906601,-0.4071235438906601
raw::CLEC2__nonclassical_mono__x__astro__down,-0.3519160716053178,-0.3519160716053178
raw::CD196__nonclassical_mono__x__astro__down,-0.3574422781658487,-0.3574422781658487
raw::CD36__nonclassical_mono__x__astro__up,-0.2917708579006992,-0.2917708579006992
raw::CD106__cDC__x__astro__up,-0.3167281422286543,-0.3167281422286543
raw::CD43__pDC__x__astro__down,-0.2755081275407653,-0.2755081275407653
raw::CD43__cDC__x__astro__down,-0.2554781471606992,-0.2554781471606992
raw::LOX-1__nonclassical_mono__x__astro__up,-0.21003762015621,-0.21003762015621
raw::CD31__cDC__x__astro__down,-0.2523050669991981,-0.2523050669991981
raw::CD43__nonclassical_mono__x__astro__down,-0.2398470288383241,-0.2398470288383241
raw::CD90__pDC__x__astro__up,-0.3209184063462743,-0.3209184063462743
raw::Podoplanin__classical_mono__x__astro__up,-0.3168651970094721,-0.3168651970094721
raw::CD36__pDC__x__astro__up,-0.2286536526961268,-0.2286536526961268
raw::CD127__classical_mono__x__astro__down,-0.1462941956094098,-0.1462941956094098
raw::CD127__cDC__x__astro__down,-0.0476660178978885,-0.0476660178978885
raw::CD127__pDC__x__astro__down,0.0663137263565921,0.0663137263565921
raw::CD135__nonclassical_mono__x__astro__up,-0.168330440256127,-0.168330440256127
relative::CD274__cDC__x__astro__up,-0.3419492379748814,-0.3419492379748814
raw::CD169__cDC__x__astro__up,-0.4018886762032033,-0.4018886762032033
raw::CD178__cDC__x__astro__up,-0.4673255477341345,-0.4673255477341345
raw::CD46__nonclassical_mono__x__astro__down,-0.2179471510886784,-0.2179471510886784
raw::CD46__cDC__x__astro__down,-0.2233520740505805,-0.2233520740505805
raw::CD158__classical_mono__x__astro__up,-0.5177505628663488,-0.5177505628663488
raw::CD158__cDC__x__astro__up,-0.3513243622655146,-0.3513243622655146
raw::VEGFR-3__pDC__x__astro__up,-0.2577788377938864,-0.2577788377938864
raw::CD144__pDC__x__astro__down,-0.3332179955615888,-0.3332179955615888
raw::CD158__pDC__x__astro__up,-0.3927901906746346,-0.3927901906746346
raw::CD269__nonclassical_mono__x__astro__up,-0.2778601889159113,-0.2778601889159113
raw::TCR-V-24-J-18__classical_mono__x__astro__up,-0.1854455601204213,-0.1854455601204213
raw::CD269__cDC__x__astro__up,-0.2447162984559594,-0.2447162984559594
relative::CD62P__nonclassical_mono__x__astro__down,-0.2230972395617131,-0.2230972395617131
relative::CD62P__cDC__x__astro__down,-0.1285829937192464,-0.1285829937192464
raw::CD203c__pDC__x__astro__up,-0.0201431443149651,-0.0201431443149651
