seed,condition,spearman,pearson,response_RMSE,zero_response_RMSE,improvement_over_zero,predicted_RMS,observed_RMS,magnitude_ratio,sign_agreement,n_genes
42,0,0.2529566390492397,0.2079954593830693,0.6270585245934822,0.6378709375466477,0.0336142403733393,0.0181271056097022,0.6378709375466477,0.0284181400071649,0.7873994638069705,3730
42,1,0.1988542276985613,0.167604633531983,0.6277447674453226,0.6378709375466477,0.0314978886202312,0.017222140817351,0.6378709375466477,0.0269994128962672,0.781769436997319,3730
43,0,0.2512687316196273,0.1961637201247008,0.6321707032862586,0.6378709375466477,0.0177928301750096,0.0110781147055898,0.6378709375466477,0.0173673294290504,0.7552278820375335,3730
43,1,0.2423581803402638,0.1484430033445775,0.6361088027783508,0.6378709375466477,0.0055174195704765,0.0095207862500995,0.6378709375466477,0.0149258818511436,0.65656836461126,3730
44,0,0.2291027387374786,0.1804397283926878,0.6310498802658012,0.6378709375466477,0.0212726006996945,0.0128698543277207,0.6378709375466477,0.0201762669690207,0.7670241286863271,3730
44,1,0.1356463986385043,0.0582688549481603,0.6338472689482425,0.6378709375466477,0.0125761428485071,0.0113191429219298,0.6378709375466477,0.017745193040876,0.6997319034852547,3730
45,0,0.1917572631079731,0.1526425017605643,0.6278118298424011,0.6378709375466477,0.0312909460988013,0.0200263025321334,0.6378709375466477,0.0313955399961593,0.7616621983914209,3730
45,1,0.1779889169081727,0.0933245048221675,0.6294260369633166,0.6378709375466477,0.0263031225529718,0.0172014073081246,0.6378709375466477,0.0269669086575475,0.7560321715817694,3730
46,0,0.1814699145069814,0.1395069620964877,0.6248525373678113,0.6378709375466477,0.0404017559500747,0.0239927880164682,0.6378709375466477,0.0376138598017152,0.7670241286863271,3730
46,1,0.1178858294780382,0.0641845686415923,0.6272857944160138,0.6378709375466477,0.0329136036300173,0.0218372902211303,0.6378709375466477,0.0342346530241994,0.7651474530831099,3730
47,0,0.2156138920034393,0.1987956910927235,0.6331024116269578,0.6378709375466477,0.0148954957101898,0.0145982936700133,0.6378709375466477,0.0228859676945946,0.671313672922252,3730
47,1,0.1660808272778277,0.1183127605743257,0.6362899075849787,0.6378709375466477,0.0049510660997463,0.0135565081881363,0.6378709375466477,0.0212527447014231,0.6190348525469169,3730
48,0,0.2685521073316439,0.2393660622803189,0.6304540733496248,0.6378709375466477,0.0231198628225154,0.0144399227866086,0.6378709375466477,0.0226376872446123,0.7367292225201072,3730
48,1,0.2398156245351367,0.1888054608330966,0.6314918822971685,0.6378709375466477,0.0199010736189995,0.0149452059801937,0.6378709375466477,0.0234298274156765,0.7061662198391421,3730
49,0,0.318721352447414,0.2703160578993195,0.6259362409883481,0.6378709375466477,0.0370703399311086,0.0220448522511234,0.6378709375466477,0.0345600511851369,0.7479892761394102,3730
49,1,0.277793422152453,0.2119998852138091,0.6290610664926216,0.6378709375466477,0.0274319845847762,0.0197716722628156,0.6378709375466477,0.0309963522383706,0.7053619302949061,3730
50,0,0.1167437657446998,0.103877301814484,0.6330528831115254,0.6378709375466477,0.0150496219755814,0.0129394323347247,0.6378709375466477,0.0202853454720664,0.6455764075067024,3730
50,1,0.16509807305354,0.099488138711337,0.6331143894277698,0.6378709375466477,0.0148582205492293,0.0101874917072934,0.6378709375466477,0.0159710861674873,0.7479892761394102,3730
51,0,0.2446991405192401,0.2008262383907906,0.6277096597187186,0.6378709375466477,0.0316062159478229,0.0193971442210607,0.6378709375466477,0.0304091989136003,0.7541554959785522,3730
51,1,0.250840320854342,0.1915405241118421,0.6315592387428346,0.6378709375466477,0.0196919830427159,0.0157337560686542,0.6378709375466477,0.0246660494192897,0.703485254691689,3730
