removed_animal,removed_group,removed_duration_min,method,spearman,pearson,response_RMSE,zero_response_RMSE,improvement_over_zero,predicted_RMS,observed_RMS,magnitude_ratio,sign_agreement,n_genes
3.Control,Control,305,periscope,0.3166425845894202,0.2472022583166654,0.7325825999969509,0.739537212745434,0.0187195776425486,0.0105676569774392,0.739537212745434,0.0142895540553101,0.820911528150134,3730
3.Control,Control,305,ot_ridge,-0.1806093259321597,-0.1206820810202173,0.7385344039747357,0.739537212745434,0.0027101512989001,0.0045780618452442,0.739537212745434,0.0061904414900892,0.6715817694369973,3730
3.Control,Control,305,conditional_mlp,0.1238827654301879,0.049421295037296,0.7199731736304888,0.739537212745434,0.0522090328432657,0.0380159973008646,0.739537212745434,0.0514051174784501,0.796514745308311,3730
3.Control,Control,305,conditional_icnn,-0.0970563370123037,-0.100394524027656,0.7408617799483695,0.739537212745434,-0.0035853595470696,0.020873326462088,0.739537212745434,0.0282248494089953,0.4662198391420911,3730
3.Control,Control,305,shared_label_mean,,,0.739537212745434,0.739537212745434,0.0,4.8152358461717566e-33,0.739537212745434,6.511147462472958e-33,0.0459738846572361,3730
3.Control,Control,305,shared_label_marginal,,,0.739537212745434,0.739537212745434,0.0,4.7887287866865904e-33,0.739537212745434,6.47530469617488e-33,0.0427094668117519,3730
3.Control,Control,305,no_blood_zero,,,0.739537212745434,0.739537212745434,0.0,0.0,0.739537212745434,0.0,0.0,3730
4.Control,Control,306,periscope,0.2906268258526122,0.2168746093346689,0.7097643256196101,0.7162450852368972,0.0180146154051672,0.0102140550154363,0.7162450852368972,0.014260558607614,0.8010723860589812,3730
4.Control,Control,306,ot_ridge,-0.1938566766558898,-0.1351251886519454,0.7154372612315273,0.7162450852368972,0.0022544474396246,0.0042431972480149,0.7162450852368972,0.0059242252903019,0.6520107238605898,3730
4.Control,Control,306,conditional_mlp,0.1088487575495029,0.0376236957421362,0.6981664697809019,0.7162450852368972,0.0498445469493051,0.0359479024267978,0.7162450852368972,0.0501893879172771,0.7793565683646113,3730
4.Control,Control,306,conditional_icnn,-0.1078429875348204,-0.1280395838846214,0.7174949904820586,0.7162450852368972,-0.003493206064534,0.0205498316168618,0.7162450852368972,0.0286910612588218,0.4774798927613941,3730
4.Control,Control,306,shared_label_mean,,,0.7162450852368972,0.7162450852368972,0.0,4.8152358461717566e-33,0.7162450852368972,6.722888499233643e-33,0.0527173913043478,3730
4.Control,Control,306,shared_label_marginal,,,0.7162450852368972,0.7162450852368972,0.0,4.7887287866865904e-33,0.7162450852368972,6.68588013431565e-33,0.0510869565217391,3730
4.Control,Control,306,no_blood_zero,,,0.7162450852368972,0.7162450852368972,0.0,0.0,0.7162450852368972,0.0,0.0,3730
6.Control,Control,310,periscope,0.28016923432313,0.2014951105453077,0.6444746492679553,0.6508912127081462,0.0196190567349213,0.0101310641271356,0.6508912127081462,0.0155649115079977,0.8158176943699732,3730
6.Control,Control,310,ot_ridge,-0.2074939954756603,-0.1448952187012824,0.6500550484170144,0.6508912127081462,0.0025676401450293,0.0042235314771693,0.6508912127081462,0.0064888439031103,0.660857908847185,3730
6.Control,Control,310,conditional_mlp,0.108549911705816,0.0363887363699255,0.632824759173564,0.6508912127081462,0.054742551580685,0.0354800754717198,0.6508912127081462,0.0545099930357006,0.7884718498659518,3730
6.Control,Control,310,conditional_icnn,-0.1336992389772059,-0.1553867387731517,0.6525497182706059,0.6508912127081462,-0.0051025993603832,0.0201045019902935,0.6508912127081462,0.0308876531097189,0.4619302949061662,3730
6.Control,Control,310,shared_label_mean,,,0.6508912127081462,0.6508912127081462,0.0,4.8152358461717566e-33,0.6508912127081462,7.397911897039031e-33,0.0478651074245308,3730
6.Control,Control,310,shared_label_marginal,,,0.6508912127081462,0.6508912127081462,0.0,4.7887287866865904e-33,0.6508912127081462,7.357187642405325e-33,0.0473211857492521,3730
6.Control,Control,310,no_blood_zero,,,0.6508912127081462,0.6508912127081462,0.0,0.0,0.6508912127081462,0.0,0.0,3730
7.Control,Control,310,periscope,0.2670286123960242,0.2007557801312839,0.5850603821293336,0.5910913651326822,0.0203021593634118,0.0107616306109699,0.5910913651326822,0.0182063742524038,0.7565683646112601,3730
7.Control,Control,310,ot_ridge,-0.2046803797912671,-0.1404227021917708,0.5903675648222928,0.5910913651326822,0.0024475307908357,0.0046472793320346,0.5910913651326822,0.00786220135527,0.6117962466487936,3730
7.Control,Control,310,conditional_mlp,0.0877352729451798,0.0241815943397619,0.5751557370917559,0.5910913651326822,0.0531925158547071,0.0383417463791546,0.5910913651326822,0.0648660234962967,0.7310991957104558,3730
7.Control,Control,310,conditional_icnn,-0.1195949424256556,-0.1314147632163988,0.5934126649611384,0.5910913651326822,-0.0078697067928272,0.0213502479416345,0.5910913651326822,0.0361200470875463,0.4477211796246649,3730
7.Control,Control,310,shared_label_mean,,,0.5910913651326822,0.5910913651326822,0.0,4.8152358461717566e-33,0.5910913651326822,8.14634780714633e-33,0.073641304347826,3730
7.Control,Control,310,shared_label_marginal,,,0.5910913651326822,0.5910913651326822,0.0,4.7887287866865904e-33,0.5910913651326822,8.101503539324525e-33,0.0730978260869565,3730
7.Control,Control,310,no_blood_zero,,,0.5910913651326822,0.5910913651326822,0.0,0.0,0.5910913651326822,0.0,0.0,3730
10.Control,Control,305,periscope,0.2744769020850194,0.2008331510173741,0.6005761574773065,0.6065228388019389,0.0195129636990776,0.0105369225643182,0.6065228388019389,0.0173726723714671,0.7627345844504021,3730
10.Control,Control,305,ot_ridge,-0.2052644078482001,-0.132402973511461,0.6058669144019422,0.6065228388019389,0.0021617313749346,0.0044447864750567,0.6065228388019389,0.0073283085000336,0.62171581769437,3730
10.Control,Control,305,conditional_mlp,0.0903619805985553,0.0121298115405897,0.5910598857246667,0.6065228388019389,0.050338890889938,0.0371134626139525,0.6065228388019389,0.0611905442625417,0.7359249329758714,3730
10.Control,Control,305,conditional_icnn,-0.0918386195525279,-0.1130939805878725,0.608285933112836,0.6065228388019389,-0.005822227152203,0.0208899401475865,0.6065228388019389,0.0344421327791222,0.4571045576407507,3730
10.Control,Control,305,shared_label_mean,,,0.6065228388019389,0.6065228388019389,0.0,4.8152358461717566e-33,0.6065228388019389,7.939084133555902e-33,0.0715257002991569,3730
10.Control,Control,305,shared_label_marginal,,,0.6065228388019389,0.6065228388019389,0.0,4.7887287866865904e-33,0.6065228388019389,7.895380817226503e-33,0.0720696219744356,3730
10.Control,Control,305,no_blood_zero,,,0.6065228388019389,0.6065228388019389,0.0,0.0,0.6065228388019389,0.0,0.0,3730
11.Control,Control,300,periscope,0.2434166000719261,0.1724829370674522,0.555411694995197,0.5610979869553827,0.0201657429438792,0.0109350080715208,0.5610979869553827,0.0194885890267689,0.746112600536193,3730
11.Control,Control,300,ot_ridge,-0.1947470917571509,-0.1269764434669394,0.5604303609795916,0.5610979869553827,0.002378296845883,0.0045633700466041,0.5610979869553827,0.0081329289227463,0.6058981233243967,3730
11.Control,Control,300,conditional_mlp,0.0684463581284797,-0.0002169569821124,0.5466674049465247,0.5610979869553827,0.0507755012186618,0.0386194431316397,0.5610979869553827,0.0688283401998921,0.7190348525469169,3730
11.Control,Control,300,conditional_icnn,-0.1073053849864266,-0.1261239213509893,0.5632640801655335,0.5610979869553827,-0.0077358119710715,0.0205529480364024,0.5610979869553827,0.0366298730600093,0.453083109919571,3730
11.Control,Control,300,shared_label_mean,,,0.5610979869553827,0.5610979869553827,0.0,4.8152358461717566e-33,0.5610979869553827,8.581809163672253e-33,0.0777596519847743,3730
11.Control,Control,300,shared_label_marginal,,,0.5610979869553827,0.5610979869553827,0.0,4.7887287866865904e-33,0.5610979869553827,8.534567754682357e-33,0.0777596519847743,3730
11.Control,Control,300,no_blood_zero,,,0.5610979869553827,0.5610979869553827,0.0,0.0,0.5610979869553827,0.0,0.0,3730
2.LPS,LPS,190,periscope,0.238451540384676,0.1737133008069533,0.6123534095504596,0.6176045873470758,0.0169326907742262,0.0094786313300108,0.6176045873470758,0.0153474108259564,0.7611260053619303,3730
2.LPS,LPS,190,ot_ridge,-0.1965524876071668,-0.1283115781656047,0.6169629575572442,0.6176045873470758,0.0020767219291308,0.0041632741559909,0.6176045873470758,0.0067410026435754,0.6171581769436997,3730
2.LPS,LPS,190,conditional_mlp,0.0711000950996492,0.0068350129187912,0.6027849399363657,0.6176045873470758,0.0474149521792532,0.0352462660904503,0.6176045873470758,0.0570693074704171,0.7329758713136729,3730
2.LPS,LPS,190,conditional_icnn,-0.1204165343647891,-0.1357102885056433,0.6194963391867095,0.6176045873470758,-0.0061354761308083,0.0211936129133239,0.6176045873470758,0.0343158281973928,0.4525469168900804,3730
2.LPS,LPS,190,shared_label_mean,,,0.6176045873470758,0.6176045873470758,0.0,3.992024693024857e-33,0.6176045873470758,6.463722541590279e-33,0.0348109872178406,3730
2.LPS,LPS,190,shared_label_marginal,,,0.6176045873470758,0.6176045873470758,0.0,4.0603126149650216e-33,0.6176045873470758,6.574291542111303e-33,0.03943432145771,3730
2.LPS,LPS,190,no_blood_zero,,,0.6176045873470758,0.6176045873470758,0.0,0.0,0.6176045873470758,0.0,0.0,3730
8.LPS,LPS,260,periscope,0.2746651363639951,0.2114449542972317,0.654659700602807,0.660805548403433,0.0185145780531194,0.0101765439582447,0.660805548403433,0.0154002096120896,0.7844504021447721,3730
8.LPS,LPS,260,ot_ridge,-0.1962574948744025,-0.1340291714582268,0.6600048750398707,0.660805548403433,0.0024218570576901,0.004316219394046,0.660805548403433,0.0065317541665236,0.6396782841823057,3730
8.LPS,LPS,260,conditional_mlp,0.0865230874689958,0.0109122137365786,0.6441032940957897,0.660805548403433,0.0499123369302072,0.0367751120563683,0.660805548403433,0.0556519420050579,0.7589812332439678,3730
8.LPS,LPS,260,conditional_icnn,-0.1051727331037453,-0.1173897146406188,0.662302147065681,0.660805548403433,-0.0045347482970679,0.0196661325071735,0.660805548403433,0.0297608465223827,0.4581769436997319,3730
8.LPS,LPS,260,shared_label_mean,,,0.660805548403433,0.660805548403433,0.0,3.992024693024857e-33,0.660805548403433,6.0411488715098635e-33,0.031810766721044,3730
8.LPS,LPS,260,shared_label_marginal,,,0.660805548403433,0.660805548403433,0.0,4.0603126149650216e-33,0.660805548403433,6.144489290041693e-33,0.0348015225666122,3730
8.LPS,LPS,260,no_blood_zero,,,0.660805548403433,0.660805548403433,0.0,0.0,0.660805548403433,0.0,0.0,3730
12.LPS,LPS,390,periscope,0.3113432372048629,0.2430575696845898,0.7406720735010847,0.7477260754060179,0.0187788780553069,0.0106824211014483,0.7477260754060179,0.0142865434987642,0.8120643431635389,3730
12.LPS,LPS,390,ot_ridge,-0.1969842209319539,-0.1433217694191627,0.7467807520531109,0.7477260754060179,0.0025269301545481,0.0045680327095128,0.7477260754060179,0.0061092328591488,0.6616621983914209,3730
12.LPS,LPS,390,conditional_mlp,0.1142998687739759,0.0496513103960792,0.728406076932666,0.7477260754060179,0.0510090547405845,0.0370087105372885,0.7477260754060179,0.0494950112809596,0.7852546916890081,3730
12.LPS,LPS,390,conditional_icnn,-0.0989044762675298,-0.1130064208286073,0.7489964488855191,0.7477260754060179,-0.003400851441309,0.0215830565097214,0.7477260754060179,0.0288649242277685,0.4729222520107238,3730
12.LPS,LPS,390,shared_label_mean,,,0.7477260754060179,0.7477260754060179,0.0,3.992024693024857e-33,0.7477260754060179,5.3388865579646565e-33,0.0239260467645459,3730
12.LPS,LPS,390,shared_label_marginal,,,0.7477260754060179,0.7477260754060179,0.0,4.0603126149650216e-33,0.7477260754060179,5.4302140162227956e-33,0.0277324632952691,3730
12.LPS,LPS,390,no_blood_zero,,,0.7477260754060179,0.7477260754060179,0.0,0.0,0.7477260754060179,0.0,0.0,3730
14.LPS,LPS,562,periscope,0.275820125202221,0.1887852470578109,0.5610326847767786,0.567479872702185,0.0225930987296646,0.0117798299348363,0.567479872702185,0.0207581457977426,0.7482573726541555,3730
14.LPS,LPS,562,ot_ridge,-0.1931896072263471,-0.1194501727933043,0.5667235583727478,0.567479872702185,0.0026637432379493,0.0047542638229462,0.567479872702185,0.0083778545313118,0.6050938337801609,3730
14.LPS,LPS,562,conditional_mlp,0.1176969601598314,0.0399586905397431,0.5508281981025649,0.567479872702185,0.0578253738734013,0.0399755591112952,0.567479872702185,0.0704440122623953,0.7203753351206434,3730
14.LPS,LPS,562,conditional_icnn,-0.1023117298024157,-0.1274823604379186,0.5697830495400297,0.567479872702185,-0.0081336829436928,0.0206333103789032,0.567479872702185,0.0363595457238914,0.4528150134048257,3730
14.LPS,LPS,562,shared_label_mean,,,0.567479872702185,0.567479872702185,0.0,3.992024693024857e-33,0.567479872702185,7.03465424071504e-33,0.0376432078559738,3730
14.LPS,LPS,562,shared_label_marginal,,,0.567479872702185,0.567479872702185,0.0,4.0603126149650216e-33,0.567479872702185,7.154989648585978e-33,0.044189852700491,3730
14.LPS,LPS,562,no_blood_zero,,,0.567479872702185,0.567479872702185,0.0,0.0,0.567479872702185,0.0,0.0,3730
3.Control,Control,305,cellot,-0.0409115041891569,0.0702234723340598,1.1330187440948831,0.739537212745434,-1.3472217731099554,0.650741234165482,0.739537212745434,0.8799303442076853,0.2970509383378016,3730
4.Control,Control,306,cellot,-0.0472524909877926,0.0586344378059377,1.0990792741818525,0.7162450852368972,-1.3546953527653511,0.632902555111405,0.7162450852368972,0.8836396481548956,0.3061662198391421,3730
6.Control,Control,310,cellot,-0.0529834449402085,0.055342900004408,1.0395083073215932,0.6508912127081462,-1.5505809513888789,0.6242267254115195,0.6508912127081462,0.9590338803535472,0.2959785522788203,3730
7.Control,Control,310,cellot,-0.0393720568474391,0.0811026221317061,0.9729654962779728,0.5910913651326822,-1.7094781223970386,0.6377766658206268,0.5910913651326822,1.078981530507496,0.328686327077748,3730
10.Control,Control,305,cellot,-0.0311669973614015,0.1046395777243453,0.969183750777681,0.6065228388019389,-1.5533945694331115,0.6260830243695618,0.6065228388019389,1.0322497098481238,0.3329758713136729,3730
11.Control,Control,300,cellot,-0.0160531295883068,0.1110063024827882,0.9335350893763584,0.5610979869553827,-1.7681133650444365,0.6375225686530849,0.5610979869553827,1.1362054105957422,0.3388739946380697,3730
2.LPS,LPS,190,cellot,-0.0204359406474864,0.0969730775953136,0.9828994311347562,0.6176045873470758,-1.532778093176946,0.6314617153332033,0.6176045873470758,1.0224368929085368,0.3359249329758713,3730
8.LPS,LPS,260,cellot,-0.0248495265761698,0.1083584111989385,1.016679921541485,0.660805548403433,-1.3671246707985727,0.6189664619335858,0.660805548403433,0.936684722803956,0.3193029490616622,3730
12.LPS,LPS,390,cellot,-0.0429506792459088,0.07079147510351,1.1309632341420803,0.7477260754060179,-1.2877676877526167,0.6359942795045151,0.7477260754060179,0.8505712190913872,0.2989276139410187,3730
14.LPS,LPS,562,cellot,-0.0683426862021551,0.0418541252423704,0.9817395424376724,0.567479872702185,-1.9928961140724415,0.6573497295368386,0.567479872702185,1.1583665979318662,0.3187667560321716,3730
