combo,seed,signed_program_slope,protein_selectivity,split
raw::CD22__cDC__x__astro__up,42,0.0003108483633281,1.7864378412054944,discovery
raw::CD22__cDC__x__astro__up,43,0.0007130580635407,1.2912017727579188,discovery
raw::CD22__cDC__x__astro__up,44,0.00089308108815,1.0851865475809284,discovery
raw::CD22__cDC__x__astro__up,45,0.0004780368627422,0.3229928900000257,discovery
raw::CD22__cDC__x__astro__up,46,-0.0004740738402867,1.812519927923438,discovery
raw::CD22__cDC__x__astro__up,47,-0.0006201780630988,-0.1434205323083925,confirmation
raw::CD22__cDC__x__astro__up,48,-0.0002837707967174,-0.553998611741192,confirmation
raw::CD22__cDC__x__astro__up,49,-0.0001619185086282,1.1224523540852456,confirmation
raw::CD22__cDC__x__astro__up,50,3.3723749734948585e-05,-0.0252241258066925,confirmation
raw::CD22__cDC__x__astro__up,51,0.0014051535597714,1.76223874633201,confirmation
raw::CD40__cDC__x__astro__up,42,0.0005684515683153,-0.0626496646793836,discovery
raw::CD40__cDC__x__astro__up,43,-0.0001701488678115,-0.4668520635568443,discovery
raw::CD40__cDC__x__astro__up,44,0.0011450593862504,1.069618126667016,discovery
raw::CD40__cDC__x__astro__up,45,0.0029998057314878,0.6172467959987081,discovery
raw::CD40__cDC__x__astro__up,46,0.002180644224077,1.1113022673768114,discovery
raw::CD40__cDC__x__astro__up,47,0.0005158797584413,-0.4030314184432404,confirmation
raw::CD40__cDC__x__astro__up,48,4.25908632617206e-06,0.0225566615273595,confirmation
raw::CD40__cDC__x__astro__up,49,-0.0004538566262535,-0.9885638084860876,confirmation
raw::CD40__cDC__x__astro__up,50,0.0012136390260437,0.7620574936922512,confirmation
raw::CD40__cDC__x__astro__up,51,0.0008907577506797,0.654603036985061,confirmation
raw::CD22__cDC__x__microglia_mhc2__down,42,0.0023613722842842,1.0949112802522278,discovery
raw::CD22__cDC__x__microglia_mhc2__down,43,0.0006888694271812,1.0236140766270443,discovery
raw::CD22__cDC__x__microglia_mhc2__down,44,-5.3232710541172864e-05,0.1802790039371617,discovery
raw::CD22__cDC__x__microglia_mhc2__down,45,-0.0003372417776974,-0.0109419181577091,discovery
raw::CD22__cDC__x__microglia_mhc2__down,46,0.0023325329329401,0.6232327113016104,discovery
raw::CD22__cDC__x__microglia_mhc2__down,47,-0.0011628798327526,-1.5265319265465993,confirmation
raw::CD22__cDC__x__microglia_mhc2__down,48,-0.000381674492209,-0.1368713397229743,confirmation
raw::CD22__cDC__x__microglia_mhc2__down,49,0.0023113863816911,1.5159958645842055,confirmation
raw::CD22__cDC__x__microglia_mhc2__down,50,0.0001166251627694,0.4608732036219677,confirmation
raw::CD22__cDC__x__microglia_mhc2__down,51,0.0003056983232784,0.296178536221211,confirmation
raw::CD71__cDC__x__microglia_mhc2__down,42,0.0008481815992953,0.1635595896323111,discovery
raw::CD71__cDC__x__microglia_mhc2__down,43,0.0008339331266834,0.442050116745484,discovery
raw::CD71__cDC__x__microglia_mhc2__down,44,0.0011660609912177,1.7126683336136983,discovery
raw::CD71__cDC__x__microglia_mhc2__down,45,-0.0003727387529596,0.0347187023416061,discovery
raw::CD71__cDC__x__microglia_mhc2__down,46,0.0018027951941248,1.6623229021377743,discovery
raw::CD71__cDC__x__microglia_mhc2__down,47,0.0003448826192828,-0.0432346363230946,confirmation
raw::CD71__cDC__x__microglia_mhc2__down,48,0.0011908112433025,0.3028278895473691,confirmation
raw::CD71__cDC__x__microglia_mhc2__down,49,0.0026061439227734,0.6178679323616575,confirmation
raw::CD71__cDC__x__microglia_mhc2__down,50,-0.0003884909758795,-0.1624639074964713,confirmation
raw::CD71__cDC__x__microglia_mhc2__down,51,0.0006248698623606,-0.0341442266956013,confirmation
raw::CD40__cDC__x__microglia_mhc2__up,42,-0.0004690119627209,-0.1833544438655723,discovery
raw::CD40__cDC__x__microglia_mhc2__up,43,0.0006863493131459,0.3941939562783697,discovery
raw::CD40__cDC__x__microglia_mhc2__up,44,0.0010727911707342,0.8463012078255664,discovery
raw::CD40__cDC__x__microglia_mhc2__up,45,0.0005441476503631,0.1429118610184103,discovery
raw::CD40__cDC__x__microglia_mhc2__up,46,0.0044631001146096,1.1018859046212854,discovery
raw::CD40__cDC__x__microglia_mhc2__up,47,0.000674753884799,0.3370028630516177,confirmation
raw::CD40__cDC__x__microglia_mhc2__up,48,0.0031341662714595,1.185300848710861,confirmation
raw::CD40__cDC__x__microglia_mhc2__up,49,0.0014354956984698,-0.2793665257882618,confirmation
raw::CD40__cDC__x__microglia_mhc2__up,50,0.0020605590193654,0.9214077259933342,confirmation
raw::CD40__cDC__x__microglia_mhc2__up,51,0.0012588943244844,1.0427090237365193,confirmation
raw::CD71__classical_mono__x__microglia_mhc2__down,42,0.0007127208784176,0.143563045651554,discovery
raw::CD71__classical_mono__x__microglia_mhc2__down,43,0.0009646679221207,0.4868748828458701,discovery
raw::CD71__classical_mono__x__microglia_mhc2__down,44,0.0015799524575904,1.6430918654338502,discovery
raw::CD71__classical_mono__x__microglia_mhc2__down,45,-0.000108265861886,0.0115529564831208,discovery
raw::CD71__classical_mono__x__microglia_mhc2__down,46,0.0022952367299441,1.7442628484481306,discovery
raw::CD71__classical_mono__x__microglia_mhc2__down,47,0.0003364947284838,-0.0783907264749864,confirmation
raw::CD71__classical_mono__x__microglia_mhc2__down,48,0.0014210924926196,0.4391359471209891,confirmation
raw::CD71__classical_mono__x__microglia_mhc2__down,49,0.0031120758809564,0.7540340441204276,confirmation
raw::CD71__classical_mono__x__microglia_mhc2__down,50,-0.0002752242188574,-0.0703954857778076,confirmation
raw::CD71__classical_mono__x__microglia_mhc2__down,51,0.0003297813590261,-0.0841251049465333,confirmation
raw::CD40__classical_mono__x__microglia_mhc2__up,42,-0.000116560035744,-0.1240934641046903,discovery
raw::CD40__classical_mono__x__microglia_mhc2__up,43,0.0008238695726665,0.4039522820471129,discovery
raw::CD40__classical_mono__x__microglia_mhc2__up,44,0.0003207165597757,0.7639974869733074,discovery
raw::CD40__classical_mono__x__microglia_mhc2__up,45,0.0002081084479249,-0.005655036548952,discovery
raw::CD40__classical_mono__x__microglia_mhc2__up,46,0.0034075730531768,1.1720576095545774,discovery
raw::CD40__classical_mono__x__microglia_mhc2__up,47,0.0006496048907971,0.536727997033287,confirmation
raw::CD40__classical_mono__x__microglia_mhc2__up,48,0.002483959443989,1.2837697951880336,confirmation
raw::CD40__classical_mono__x__microglia_mhc2__up,49,0.0027747601720314,0.2962682745665007,confirmation
raw::CD40__classical_mono__x__microglia_mhc2__up,50,0.0017033962264221,0.9122915981606065,confirmation
raw::CD40__classical_mono__x__microglia_mhc2__up,51,0.000837745253667,1.054184720281752,confirmation
raw::CD71__nonclassical_mono__x__astro__down,42,0.0007680826079984,-0.0752868044759319,discovery
raw::CD71__nonclassical_mono__x__astro__down,43,0.0005613892712208,-0.7134213979608633,discovery
raw::CD71__nonclassical_mono__x__astro__down,44,0.0004081553437868,1.564285760910986,discovery
raw::CD71__nonclassical_mono__x__astro__down,45,-0.0010606346988808,-0.0983946247954094,discovery
raw::CD71__nonclassical_mono__x__astro__down,46,-0.0009739102468989,0.0949280443589474,discovery
raw::CD71__nonclassical_mono__x__astro__down,47,-0.0001145271598568,-1.3659795002286377,confirmation
raw::CD71__nonclassical_mono__x__astro__down,48,0.0008903231372928,0.0974368346947979,confirmation
raw::CD71__nonclassical_mono__x__astro__down,49,0.0012949036972503,-0.1428546598006533,confirmation
raw::CD71__nonclassical_mono__x__astro__down,50,-0.0006041087253485,-0.706701577713267,confirmation
raw::CD71__nonclassical_mono__x__astro__down,51,7.224414244743472e-05,-1.049852730585683,confirmation
raw::CD71__nonclassical_mono__x__microglia_mhc2__down,42,0.0006102529110666,0.1587471806977793,discovery
raw::CD71__nonclassical_mono__x__microglia_mhc2__down,43,0.0008213940877388,0.4101106103870484,discovery
raw::CD71__nonclassical_mono__x__microglia_mhc2__down,44,0.0015043498100369,1.7259266098820456,discovery
raw::CD71__nonclassical_mono__x__microglia_mhc2__down,45,-0.0003943591028372,-0.0362756864211772,discovery
raw::CD71__nonclassical_mono__x__microglia_mhc2__down,46,0.0018683877576894,1.6113821829967818,discovery
raw::CD71__nonclassical_mono__x__microglia_mhc2__down,47,0.0002482359919687,-0.2215394032534015,confirmation
raw::CD71__nonclassical_mono__x__microglia_mhc2__down,48,0.0010499668236034,0.2843802387975689,confirmation
raw::CD71__nonclassical_mono__x__microglia_mhc2__down,49,0.0022918854002135,0.6044070151512225,confirmation
raw::CD71__nonclassical_mono__x__microglia_mhc2__down,50,-0.0001600865959341,-0.0898105193101237,confirmation
raw::CD71__nonclassical_mono__x__microglia_mhc2__down,51,0.0002809569129063,-0.1271284056036881,confirmation
raw::CD40__nonclassical_mono__x__microglia_mhc2__up,42,-0.0001955799830188,-0.0664817029991619,discovery
raw::CD40__nonclassical_mono__x__microglia_mhc2__up,43,0.0005997668342359,0.2866941870583935,discovery
raw::CD40__nonclassical_mono__x__microglia_mhc2__up,44,0.0010276309471456,0.9109787991034298,discovery
raw::CD40__nonclassical_mono__x__microglia_mhc2__up,45,0.0005616557471545,0.1508902040455573,discovery
raw::CD40__nonclassical_mono__x__microglia_mhc2__up,46,0.0043734295108064,1.186700773223612,discovery
raw::CD40__nonclassical_mono__x__microglia_mhc2__up,47,0.0010567560312009,0.6076602415190707,confirmation
raw::CD40__nonclassical_mono__x__microglia_mhc2__up,48,0.0028999296287714,1.0717940711424283,confirmation
raw::CD40__nonclassical_mono__x__microglia_mhc2__up,49,0.0017258648302759,-0.0793176896000918,confirmation
raw::CD40__nonclassical_mono__x__microglia_mhc2__up,50,0.0017546984058476,0.724533948061897,confirmation
raw::CD40__nonclassical_mono__x__microglia_mhc2__up,51,0.0013134378797446,1.0432504175456927,confirmation
raw::CD22__pDC__x__astro__up,42,-0.000505907262511,1.761475301467735,discovery
raw::CD22__pDC__x__astro__up,43,0.0001558502449855,0.890838385216001,discovery
raw::CD22__pDC__x__astro__up,44,0.0013842041500376,0.9779088866543116,discovery
raw::CD22__pDC__x__astro__up,45,0.0004579082955676,0.3590924109292386,discovery
raw::CD22__pDC__x__astro__up,46,-0.0006725904811604,1.6146111858602423,discovery
raw::CD22__pDC__x__astro__up,47,0.0006789544147023,1.3481759430568312,confirmation
raw::CD22__pDC__x__astro__up,48,5.172173857896144e-05,-0.520011263713599,confirmation
raw::CD22__pDC__x__astro__up,49,-0.0007638149525108,1.3562076031546022,confirmation
raw::CD22__pDC__x__astro__up,50,-5.927820048852565e-05,0.3772593989860565,confirmation
raw::CD22__pDC__x__astro__up,51,0.0013566201376827,1.8150607149953644,confirmation
raw::CD71__pDC__x__astro__down,42,0.0013339025338334,-0.1714406074296733,discovery
raw::CD71__pDC__x__astro__down,43,0.0017874196936963,0.0400061413452048,discovery
raw::CD71__pDC__x__astro__down,44,0.0009771150449665,1.222191095153924,discovery
raw::CD71__pDC__x__astro__down,45,-0.0034757256139055,-0.8960761117098284,discovery
raw::CD71__pDC__x__astro__down,46,-0.0023093542894146,-0.3278595308061012,discovery
raw::CD71__pDC__x__astro__down,47,0.0002970216322498,-1.4581919082884596,confirmation
raw::CD71__pDC__x__astro__down,48,0.0015863746650055,0.2370178189038037,confirmation
raw::CD71__pDC__x__astro__down,49,0.0012828636043581,-0.5306837561500545,confirmation
raw::CD71__pDC__x__astro__down,50,-0.001225335081164,-0.2427142357393873,confirmation
raw::CD71__pDC__x__astro__down,51,0.0005121011051145,-0.6533450484328834,confirmation
raw::CD71__pDC__x__microglia_mhc2__down,42,0.0014387482779456,0.3587522873406321,discovery
raw::CD71__pDC__x__microglia_mhc2__down,43,0.0011166826613204,0.532963868662934,discovery
raw::CD71__pDC__x__microglia_mhc2__down,44,0.0013569408052886,1.2549855724680048,discovery
raw::CD71__pDC__x__microglia_mhc2__down,45,-0.0003563005061013,0.1501305874378588,discovery
raw::CD71__pDC__x__microglia_mhc2__down,46,0.002758897495722,1.6858244995836866,discovery
raw::CD71__pDC__x__microglia_mhc2__down,47,-6.892916886100438e-05,-0.1208623361108407,confirmation
raw::CD71__pDC__x__microglia_mhc2__down,48,0.0016936001869709,0.7359246428274127,confirmation
raw::CD71__pDC__x__microglia_mhc2__down,49,0.002718292466973,0.7453782474116228,confirmation
raw::CD71__pDC__x__microglia_mhc2__down,50,-0.0009751223671173,-0.5596307467203253,confirmation
raw::CD71__pDC__x__microglia_mhc2__down,51,0.0004543435410666,-0.2485049189437345,confirmation
raw::CD40__pDC__x__microglia_mhc2__up,42,1.4345640569195835e-05,-0.1786177188661266,discovery
raw::CD40__pDC__x__microglia_mhc2__up,43,0.0004575426782221,0.4515402353338977,discovery
raw::CD40__pDC__x__microglia_mhc2__up,44,0.0010313501254322,0.8457032524797153,discovery
raw::CD40__pDC__x__microglia_mhc2__up,45,0.000973221333467,0.1033806618938971,discovery
raw::CD40__pDC__x__microglia_mhc2__up,46,0.0052735864829179,1.5007012847933532,discovery
raw::CD40__pDC__x__microglia_mhc2__up,47,0.0005547660801369,0.3372722438565045,confirmation
raw::CD40__pDC__x__microglia_mhc2__up,48,0.0019951358636722,0.8940674823395665,confirmation
raw::CD40__pDC__x__microglia_mhc2__up,49,0.0017925363397566,0.1185371712330333,confirmation
raw::CD40__pDC__x__microglia_mhc2__up,50,0.0015707172596223,0.8166510889781637,confirmation
raw::CD40__pDC__x__microglia_mhc2__up,51,0.0014232918817026,1.0984986382007351,confirmation
relative::CD40__classical_mono__x__astro__up,42,0.0002035791403207,0.5993975000331688,discovery
relative::CD40__classical_mono__x__astro__up,43,0.0003797519347721,0.8786269666903739,discovery
relative::CD40__classical_mono__x__astro__up,44,0.0002409356644315,1.2829206315418606,discovery
relative::CD40__classical_mono__x__astro__up,45,0.0001221270813328,0.2348973549306331,discovery
relative::CD40__classical_mono__x__astro__up,46,0.0007576514526009,2.025422982911252,discovery
relative::CD40__classical_mono__x__astro__up,47,0.0001098149497627,-0.050893847482798,confirmation
relative::CD40__classical_mono__x__astro__up,48,0.000267829686953,0.3473064171422571,confirmation
relative::CD40__classical_mono__x__astro__up,49,0.0005585227054448,0.6865838098811228,confirmation
relative::CD40__classical_mono__x__astro__up,50,0.0003718626491411,1.344796975547361,confirmation
relative::CD40__classical_mono__x__astro__up,51,0.0003519480862945,0.67826092285059,confirmation
relative::CD40__nonclassical_mono__x__astro__up,42,0.0003016004895593,0.4703983105234377,discovery
relative::CD40__nonclassical_mono__x__astro__up,43,0.0004152396251713,0.7949777696330504,discovery
relative::CD40__nonclassical_mono__x__astro__up,44,0.0003486357507468,1.2477827241546389,discovery
relative::CD40__nonclassical_mono__x__astro__up,45,0.0005878091087494,1.273549173733939,discovery
relative::CD40__nonclassical_mono__x__astro__up,46,0.0011409003687626,2.1177523091317787,discovery
relative::CD40__nonclassical_mono__x__astro__up,47,0.0002753021260655,0.1337796758198211,confirmation
relative::CD40__nonclassical_mono__x__astro__up,48,0.0003059829542872,0.4146398323643929,confirmation
relative::CD40__nonclassical_mono__x__astro__up,49,0.0006925284724965,0.674031069397739,confirmation
relative::CD40__nonclassical_mono__x__astro__up,50,0.0004229932694363,1.1522374113952958,confirmation
relative::CD40__nonclassical_mono__x__astro__up,51,0.0003847085976321,0.4055024432996616,confirmation
