combo,seed,quantile,dose,response,phase
raw::CD40__cDC__x__astro__up,42,0.05,-2.375086144243059,-0.0005031228,Discovery
raw::CD40__cDC__x__astro__up,42,0.25,-1.8982227583095983,-0.00023593009,Discovery
raw::CD40__cDC__x__astro__up,42,0.5,-1.4829073481986952,0.0,Discovery
raw::CD40__cDC__x__astro__up,42,0.75,-1.116726314272548,0.00020914525,Discovery
raw::CD40__cDC__x__astro__up,42,0.95,-0.722020341333342,0.00043643266,Discovery
raw::CD40__cDC__x__astro__up,43,0.05,-2.375086144243059,0.00018842518,Discovery
raw::CD40__cDC__x__astro__up,43,0.25,-1.8982227583095983,7.738918e-05,Discovery
raw::CD40__cDC__x__astro__up,43,0.5,-1.4829073481986952,0.0,Discovery
raw::CD40__cDC__x__astro__up,43,0.75,-1.116726314272548,-5.2005053e-05,Discovery
raw::CD40__cDC__x__astro__up,43,0.95,-0.722020341333342,-9.215623e-05,Discovery
raw::CD40__cDC__x__astro__up,44,0.05,-2.375086144243059,-0.0009995624,Discovery
raw::CD40__cDC__x__astro__up,44,0.25,-1.8982227583095983,-0.00047188252,Discovery
raw::CD40__cDC__x__astro__up,44,0.5,-1.4829073481986952,0.0,Discovery
raw::CD40__cDC__x__astro__up,44,0.75,-1.116726314272548,0.00042575598,Discovery
raw::CD40__cDC__x__astro__up,44,0.95,-0.722020341333342,0.00089340657,Discovery
raw::CD40__cDC__x__astro__up,45,0.05,-2.375086144243059,-0.0026336312,Discovery
raw::CD40__cDC__x__astro__up,45,0.25,-1.8982227583095983,-0.0012317598,Discovery
raw::CD40__cDC__x__astro__up,45,0.5,-1.4829073481986952,0.0,Discovery
raw::CD40__cDC__x__astro__up,45,0.75,-1.116726314272548,0.0011008829,Discovery
raw::CD40__cDC__x__astro__up,45,0.95,-0.722020341333342,0.002333939,Discovery
raw::CD40__cDC__x__astro__up,46,0.05,-2.375086144243059,-0.0019747317,Discovery
raw::CD40__cDC__x__astro__up,46,0.25,-1.8982227583095983,-0.00091189146,Discovery
raw::CD40__cDC__x__astro__up,46,0.5,-1.4829073481986952,0.0,Discovery
raw::CD40__cDC__x__astro__up,46,0.75,-1.116726314272548,0.0007903874,Discovery
raw::CD40__cDC__x__astro__up,46,0.95,-0.722020341333342,0.00162898,Discovery
raw::CD40__cDC__x__astro__up,47,0.05,-2.375086144243059,-0.00044565648,Confirmation
raw::CD40__cDC__x__astro__up,47,0.25,-1.8982227583095983,-0.00021153688,Confirmation
raw::CD40__cDC__x__astro__up,47,0.5,-1.4829073481986952,0.0,Confirmation
raw::CD40__cDC__x__astro__up,47,0.75,-1.116726314272548,0.00019471347,Confirmation
raw::CD40__cDC__x__astro__up,47,0.95,-0.722020341333342,0.00040659308,Confirmation
raw::CD40__cDC__x__astro__up,48,0.05,-2.375086144243059,-1.2457371e-05,Confirmation
raw::CD40__cDC__x__astro__up,48,0.25,-1.8982227583095983,-2.7045608e-06,Confirmation
raw::CD40__cDC__x__astro__up,48,0.5,-1.4829073481986952,0.0,Confirmation
raw::CD40__cDC__x__astro__up,48,0.75,-1.116726314272548,-1.206994e-06,Confirmation
raw::CD40__cDC__x__astro__up,48,0.95,-0.722020341333342,-5.081296e-06,Confirmation
raw::CD40__cDC__x__astro__up,49,0.05,-2.375086144243059,0.00040283054,Confirmation
raw::CD40__cDC__x__astro__up,49,0.25,-1.8982227583095983,0.0001874268,Confirmation
raw::CD40__cDC__x__astro__up,49,0.5,-1.4829073481986952,0.0,Confirmation
raw::CD40__cDC__x__astro__up,49,0.75,-1.116726314272548,-0.00016599149,Confirmation
raw::CD40__cDC__x__astro__up,49,0.95,-0.722020341333342,-0.00034818053,Confirmation
raw::CD40__cDC__x__astro__up,50,0.05,-2.375086144243059,-0.001040645,Confirmation
raw::CD40__cDC__x__astro__up,50,0.25,-1.8982227583095983,-0.00049776584,Confirmation
raw::CD40__cDC__x__astro__up,50,0.5,-1.4829073481986952,0.0,Confirmation
raw::CD40__cDC__x__astro__up,50,0.75,-1.116726314272548,0.00045660138,Confirmation
raw::CD40__cDC__x__astro__up,50,0.95,-0.722020341333342,0.00096555054,Confirmation
raw::CD40__cDC__x__astro__up,51,0.05,-2.375086144243059,-0.0007557422,Confirmation
raw::CD40__cDC__x__astro__up,51,0.25,-1.8982227583095983,-0.00036677718,Confirmation
raw::CD40__cDC__x__astro__up,51,0.5,-1.4829073481986952,0.0,Confirmation
raw::CD40__cDC__x__astro__up,51,0.75,-1.116726314272548,0.00034113973,Confirmation
raw::CD40__cDC__x__astro__up,51,0.95,-0.722020341333342,0.00071362406,Confirmation
raw::CD22__cDC__x__astro__up,42,0.05,0.1974547127960453,-0.0002808571,Discovery
raw::CD22__cDC__x__astro__up,42,0.25,0.6812964704826152,-0.00013720989,Discovery
raw::CD22__cDC__x__astro__up,42,0.5,1.1259506062873554,0.0,Discovery
raw::CD22__cDC__x__astro__up,42,0.75,1.5309165558655131,0.00012406707,Discovery
raw::CD22__cDC__x__astro__up,42,0.95,2.3105895276993533,0.00037580729,Discovery
raw::CD22__cDC__x__astro__up,43,0.05,0.1974547127960453,-0.00065776706,Discovery
raw::CD22__cDC__x__astro__up,43,0.25,0.6812964704826152,-0.00031527877,Discovery
raw::CD22__cDC__x__astro__up,43,0.5,1.1259506062873554,0.0,Discovery
raw::CD22__cDC__x__astro__up,43,0.75,1.5309165558655131,0.00028830767,Discovery
raw::CD22__cDC__x__astro__up,43,0.95,2.3105895276993533,0.0008493364,Discovery
raw::CD22__cDC__x__astro__up,44,0.05,0.1974547127960453,-0.0008517206,Discovery
raw::CD22__cDC__x__astro__up,44,0.25,0.6812964704826152,-0.00040084124,Discovery
raw::CD22__cDC__x__astro__up,44,0.5,1.1259506062873554,0.0,Discovery
raw::CD22__cDC__x__astro__up,44,0.75,1.5309165558655131,0.00035756826,Discovery
raw::CD22__cDC__x__astro__up,44,0.95,2.3105895276993533,0.0010384917,Discovery
raw::CD22__cDC__x__astro__up,45,0.05,0.1974547127960453,-0.00045743585,Discovery
raw::CD22__cDC__x__astro__up,45,0.25,0.6812964704826152,-0.00021582842,Discovery
raw::CD22__cDC__x__astro__up,45,0.5,1.1259506062873554,0.0,Discovery
raw::CD22__cDC__x__astro__up,45,0.75,1.5309165558655131,0.00019326806,Discovery
raw::CD22__cDC__x__astro__up,45,0.95,2.3105895276993533,0.0005534589,Discovery
raw::CD22__cDC__x__astro__up,46,0.05,0.1974547127960453,0.0004068017,Discovery
raw::CD22__cDC__x__astro__up,46,0.25,0.6812964704826152,0.00020173192,Discovery
raw::CD22__cDC__x__astro__up,46,0.5,1.1259506062873554,0.0,Discovery
raw::CD22__cDC__x__astro__up,46,0.75,1.5309165558655131,-0.00019600987,Discovery
raw::CD22__cDC__x__astro__up,46,0.95,2.3105895276993533,-0.0005926788,Discovery
raw::CD22__cDC__x__astro__up,47,0.05,0.1974547127960453,0.00054714084,Confirmation
raw::CD22__cDC__x__astro__up,47,0.25,0.6812964704826152,0.00028973818,Confirmation
raw::CD22__cDC__x__astro__up,47,0.5,1.1259506062873554,0.0,Confirmation
raw::CD22__cDC__x__astro__up,47,0.75,1.5309165558655131,-0.00026512146,Confirmation
raw::CD22__cDC__x__astro__up,47,0.95,2.3105895276993533,-0.00074863434,Confirmation
raw::CD22__cDC__x__astro__up,48,0.05,0.1974547127960453,0.00023820996,Confirmation
raw::CD22__cDC__x__astro__up,48,0.25,0.6812964704826152,0.0001193881,Confirmation
raw::CD22__cDC__x__astro__up,48,0.5,1.1259506062873554,0.0,Confirmation
raw::CD22__cDC__x__astro__up,48,0.75,1.5309165558655131,-0.000116080046,Confirmation
raw::CD22__cDC__x__astro__up,48,0.95,2.3105895276993533,-0.00036025047,Confirmation
raw::CD22__cDC__x__astro__up,49,0.05,0.1974547127960453,0.00014036894,Confirmation
raw::CD22__cDC__x__astro__up,49,0.25,0.6812964704826152,6.708503e-05,Confirmation
raw::CD22__cDC__x__astro__up,49,0.5,1.1259506062873554,0.0,Confirmation
raw::CD22__cDC__x__astro__up,49,0.75,1.5309165558655131,-6.389618e-05,Confirmation
raw::CD22__cDC__x__astro__up,49,0.95,2.3105895276993533,-0.00020295382,Confirmation
raw::CD22__cDC__x__astro__up,50,0.05,0.1974547127960453,-7.504225e-05,Confirmation
raw::CD22__cDC__x__astro__up,50,0.25,0.6812964704826152,-2.7090311e-05,Confirmation
raw::CD22__cDC__x__astro__up,50,0.5,1.1259506062873554,0.0,Confirmation
raw::CD22__cDC__x__astro__up,50,0.75,1.5309165558655131,1.2874603e-05,Confirmation
raw::CD22__cDC__x__astro__up,50,0.95,2.3105895276993533,-2.115965e-06,Confirmation
raw::CD22__cDC__x__astro__up,51,0.05,0.1974547127960453,-0.0012868345,Confirmation
raw::CD22__cDC__x__astro__up,51,0.25,0.6812964704826152,-0.0006162822,Confirmation
raw::CD22__cDC__x__astro__up,51,0.5,1.1259506062873554,0.0,Confirmation
raw::CD22__cDC__x__astro__up,51,0.75,1.5309165558655131,0.0005697012,Confirmation
raw::CD22__cDC__x__astro__up,51,0.95,2.3105895276993533,0.0016832054,Confirmation
raw::CD22__cDC__x__microglia_mhc2__down,42,0.05,0.1974547127960453,0.002213627,Discovery
raw::CD22__cDC__x__microglia_mhc2__down,42,0.25,0.6812964704826152,0.0010565072,Discovery
raw::CD22__cDC__x__microglia_mhc2__down,42,0.5,1.1259506062873554,0.0,Discovery
raw::CD22__cDC__x__microglia_mhc2__down,42,0.75,1.5309165558655131,-0.0009575635,Discovery
raw::CD22__cDC__x__microglia_mhc2__down,42,0.95,2.3105895276993533,-0.0027762204,Discovery
raw::CD22__cDC__x__microglia_mhc2__down,43,0.05,0.1974547127960453,0.0006977767,Discovery
raw::CD22__cDC__x__microglia_mhc2__down,43,0.25,0.6812964704826152,0.00031913817,Discovery
raw::CD22__cDC__x__microglia_mhc2__down,43,0.5,1.1259506062873554,0.0,Discovery
raw::CD22__cDC__x__microglia_mhc2__down,43,0.75,1.5309165558655131,-0.00027753413,Discovery
raw::CD22__cDC__x__microglia_mhc2__down,43,0.95,2.3105895276993533,-0.00076147914,Discovery
raw::CD22__cDC__x__microglia_mhc2__down,44,0.05,0.1974547127960453,-1.9535422e-05,Discovery
raw::CD22__cDC__x__microglia_mhc2__down,44,0.25,0.6812964704826152,-1.6957521e-05,Discovery
raw::CD22__cDC__x__microglia_mhc2__down,44,0.5,1.1259506062873554,0.0,Discovery
raw::CD22__cDC__x__microglia_mhc2__down,44,0.75,1.5309165558655131,2.3379922e-05,Discovery
raw::CD22__cDC__x__microglia_mhc2__down,44,0.95,2.3105895276993533,9.083748e-05,Discovery
raw::CD22__cDC__x__microglia_mhc2__down,45,0.05,0.1974547127960453,-0.00028564036,Discovery
raw::CD22__cDC__x__microglia_mhc2__down,45,0.25,0.6812964704826152,-0.0001424253,Discovery
raw::CD22__cDC__x__microglia_mhc2__down,45,0.5,1.1259506062873554,0.0,Discovery
raw::CD22__cDC__x__microglia_mhc2__down,45,0.75,1.5309165558655131,0.0001386553,Discovery
raw::CD22__cDC__x__microglia_mhc2__down,45,0.95,2.3105895276993533,0.00042544305,Discovery
raw::CD22__cDC__x__microglia_mhc2__down,46,0.05,0.1974547127960453,0.0022286326,Discovery
raw::CD22__cDC__x__microglia_mhc2__down,46,0.25,0.6812964704826152,0.0010556579,Discovery
raw::CD22__cDC__x__microglia_mhc2__down,46,0.5,1.1259506062873554,0.0,Discovery
raw::CD22__cDC__x__microglia_mhc2__down,46,0.75,1.5309165558655131,-0.0009434521,Discovery
raw::CD22__cDC__x__microglia_mhc2__down,46,0.95,2.3105895276993533,-0.0027021766,Discovery
raw::CD22__cDC__x__microglia_mhc2__down,47,0.05,0.1974547127960453,-0.0010384768,Confirmation
raw::CD22__cDC__x__microglia_mhc2__down,47,0.25,0.6812964704826152,-0.000507921,Confirmation
raw::CD22__cDC__x__microglia_mhc2__down,47,0.5,1.1259506062873554,0.0,Confirmation
raw::CD22__cDC__x__microglia_mhc2__down,47,0.75,1.5309165558655131,0.00046943128,Confirmation
raw::CD22__cDC__x__microglia_mhc2__down,47,0.95,2.3105895276993533,0.0014170855,Confirmation
raw::CD22__cDC__x__microglia_mhc2__down,48,0.05,0.1974547127960453,-0.00026896596,Confirmation
raw::CD22__cDC__x__microglia_mhc2__down,48,0.25,0.6812964704826152,-0.00014446676,Confirmation
raw::CD22__cDC__x__microglia_mhc2__down,48,0.5,1.1259506062873554,0.0,Confirmation
raw::CD22__cDC__x__microglia_mhc2__down,48,0.75,1.5309165558655131,0.00015969574,Confirmation
raw::CD22__cDC__x__microglia_mhc2__down,48,0.95,2.3105895276993533,0.0005341321,Confirmation
raw::CD22__cDC__x__microglia_mhc2__down,49,0.05,0.1974547127960453,0.0021395534,Confirmation
raw::CD22__cDC__x__microglia_mhc2__down,49,0.25,0.6812964704826152,0.001029104,Confirmation
raw::CD22__cDC__x__microglia_mhc2__down,49,0.5,1.1259506062873554,0.0,Confirmation
raw::CD22__cDC__x__microglia_mhc2__down,49,0.75,1.5309165558655131,-0.00094127655,Confirmation
raw::CD22__cDC__x__microglia_mhc2__down,49,0.95,2.3105895276993533,-0.0027415454,Confirmation
raw::CD22__cDC__x__microglia_mhc2__down,50,0.05,0.1974547127960453,0.000164181,Confirmation
raw::CD22__cDC__x__microglia_mhc2__down,50,0.25,0.6812964704826152,6.906688e-05,Confirmation
raw::CD22__cDC__x__microglia_mhc2__down,50,0.5,1.1259506062873554,0.0,Confirmation
raw::CD22__cDC__x__microglia_mhc2__down,50,0.75,1.5309165558655131,-4.684925e-05,Confirmation
raw::CD22__cDC__x__microglia_mhc2__down,50,0.95,2.3105895276993533,-8.326769e-05,Confirmation
raw::CD22__cDC__x__microglia_mhc2__down,51,0.05,0.1974547127960453,0.00034295022,Confirmation
raw::CD22__cDC__x__microglia_mhc2__down,51,0.25,0.6812964704826152,0.00015361607,Confirmation
raw::CD22__cDC__x__microglia_mhc2__down,51,0.5,1.1259506062873554,0.0,Confirmation
raw::CD22__cDC__x__microglia_mhc2__down,51,0.75,1.5309165558655131,-0.00011859834,Confirmation
raw::CD22__cDC__x__microglia_mhc2__down,51,0.95,2.3105895276993533,-0.00030587614,Confirmation
raw::CD71__nonclassical_mono__x__astro__down,42,0.05,0.695351051962073,0.00077699125,Discovery
raw::CD71__nonclassical_mono__x__astro__down,42,0.25,1.2773661665806673,0.00034159422,Discovery
raw::CD71__nonclassical_mono__x__astro__down,42,0.5,1.7269259359481244,0.0,Discovery
raw::CD71__nonclassical_mono__x__astro__down,42,0.75,2.1932307335672396,-0.00035996735,Discovery
raw::CD71__nonclassical_mono__x__astro__down,42,0.95,2.8380730911328613,-0.0008691102,Discovery
raw::CD71__nonclassical_mono__x__astro__down,43,0.05,0.695351051962073,0.0006136894,Discovery
raw::CD71__nonclassical_mono__x__astro__down,43,0.25,1.2773661665806673,0.00025618076,Discovery
raw::CD71__nonclassical_mono__x__astro__down,43,0.5,1.7269259359481244,0.0,Discovery
raw::CD71__nonclassical_mono__x__astro__down,43,0.75,2.1932307335672396,-0.00025387108,Discovery
raw::CD71__nonclassical_mono__x__astro__down,43,0.95,2.8380730911328613,-0.00059215724,Discovery
raw::CD71__nonclassical_mono__x__astro__down,44,0.05,0.695351051962073,0.00045061857,Discovery
raw::CD71__nonclassical_mono__x__astro__down,44,0.25,1.2773661665806673,0.00019017607,Discovery
raw::CD71__nonclassical_mono__x__astro__down,44,0.5,1.7269259359481244,0.0,Discovery
raw::CD71__nonclassical_mono__x__astro__down,44,0.75,2.1932307335672396,-0.00018538535,Discovery
raw::CD71__nonclassical_mono__x__astro__down,44,0.95,2.8380730911328613,-0.0004241988,Discovery
raw::CD71__nonclassical_mono__x__astro__down,45,0.05,0.695351051962073,-0.0011178702,Discovery
raw::CD71__nonclassical_mono__x__astro__down,45,0.25,1.2773661665806673,-0.00047335774,Discovery
raw::CD71__nonclassical_mono__x__astro__down,45,0.5,1.7269259359481244,0.0,Discovery
raw::CD71__nonclassical_mono__x__astro__down,45,0.75,2.1932307335672396,0.00048814714,Discovery
raw::CD71__nonclassical_mono__x__astro__down,45,0.95,2.8380730911328613,0.0011597648,Discovery
raw::CD71__nonclassical_mono__x__astro__down,46,0.05,0.695351051962073,-0.0010495037,Discovery
raw::CD71__nonclassical_mono__x__astro__down,46,0.25,1.2773661665806673,-0.00044715405,Discovery
raw::CD71__nonclassical_mono__x__astro__down,46,0.5,1.7269259359481244,0.0,Discovery
raw::CD71__nonclassical_mono__x__astro__down,46,0.75,2.1932307335672396,0.00044494867,Discovery
raw::CD71__nonclassical_mono__x__astro__down,46,0.95,2.8380730911328613,0.0010388196,Discovery
raw::CD71__nonclassical_mono__x__astro__down,47,0.05,0.695351051962073,-0.00010763109,Confirmation
raw::CD71__nonclassical_mono__x__astro__down,47,0.25,1.2773661665806673,-4.788488e-05,Confirmation
raw::CD71__nonclassical_mono__x__astro__down,47,0.5,1.7269259359481244,0.0,Confirmation
raw::CD71__nonclassical_mono__x__astro__down,47,0.75,2.1932307335672396,5.13345e-05,Confirmation
raw::CD71__nonclassical_mono__x__astro__down,47,0.95,2.8380730911328613,0.00013971329,Confirmation
raw::CD71__nonclassical_mono__x__astro__down,48,0.05,0.695351051962073,0.00089912117,Confirmation
raw::CD71__nonclassical_mono__x__astro__down,48,0.25,1.2773661665806673,0.0003951192,Confirmation
raw::CD71__nonclassical_mono__x__astro__down,48,0.5,1.7269259359481244,0.0,Confirmation
raw::CD71__nonclassical_mono__x__astro__down,48,0.75,2.1932307335672396,-0.00041626394,Confirmation
raw::CD71__nonclassical_mono__x__astro__down,48,0.95,2.8380730911328613,-0.0010095984,Confirmation
raw::CD71__nonclassical_mono__x__astro__down,49,0.05,0.695351051962073,0.0013362244,Confirmation
raw::CD71__nonclassical_mono__x__astro__down,49,0.25,1.2773661665806673,0.0005825311,Confirmation
raw::CD71__nonclassical_mono__x__astro__down,49,0.5,1.7269259359481244,0.0,Confirmation
raw::CD71__nonclassical_mono__x__astro__down,49,0.75,2.1932307335672396,-0.0006038174,Confirmation
raw::CD71__nonclassical_mono__x__astro__down,49,0.95,2.8380730911328613,-0.0014382228,Confirmation
raw::CD71__nonclassical_mono__x__astro__down,50,0.05,0.695351051962073,-0.00060513616,Confirmation
raw::CD71__nonclassical_mono__x__astro__down,50,0.25,1.2773661665806673,-0.00026793778,Confirmation
raw::CD71__nonclassical_mono__x__astro__down,50,0.5,1.7269259359481244,0.0,Confirmation
raw::CD71__nonclassical_mono__x__astro__down,50,0.75,2.1932307335672396,0.0002867505,Confirmation
raw::CD71__nonclassical_mono__x__astro__down,50,0.95,2.8380730911328613,0.000688158,Confirmation
raw::CD71__nonclassical_mono__x__astro__down,51,0.05,0.695351051962073,9.316951e-05,Confirmation
raw::CD71__nonclassical_mono__x__astro__down,51,0.25,1.2773661665806673,3.7401915e-05,Confirmation
raw::CD71__nonclassical_mono__x__astro__down,51,0.5,1.7269259359481244,0.0,Confirmation
raw::CD71__nonclassical_mono__x__astro__down,51,0.75,2.1932307335672396,-2.9690564e-05,Confirmation
raw::CD71__nonclassical_mono__x__astro__down,51,0.95,2.8380730911328613,-6.184727e-05,Confirmation
raw::CD40__pDC__x__microglia_mhc2__up,42,0.05,-2.3185738267437106,7.390976e-06,Discovery
raw::CD40__pDC__x__microglia_mhc2__up,42,0.25,-1.9165823765559376,-3.2782555e-06,Discovery
raw::CD40__pDC__x__microglia_mhc2__up,42,0.5,-1.3928757937058158,0.0,Discovery
raw::CD40__pDC__x__microglia_mhc2__up,42,0.75,-1.0651333901647573,1.0073185e-05,Discovery
raw::CD40__pDC__x__microglia_mhc2__up,42,0.95,-0.6037235436998623,3.1769276e-05,Discovery
raw::CD40__pDC__x__microglia_mhc2__up,43,0.05,-2.3185738267437106,-0.0004145503,Discovery
raw::CD40__pDC__x__microglia_mhc2__up,43,0.25,-1.9165823765559376,-0.00023597479,Discovery
raw::CD40__pDC__x__microglia_mhc2__up,43,0.5,-1.3928757937058158,0.0,Discovery
raw::CD40__pDC__x__microglia_mhc2__up,43,0.75,-1.0651333901647573,0.00014799833,Discovery
raw::CD40__pDC__x__microglia_mhc2__up,43,0.95,-0.6037235436998623,0.00037288666,Discovery
raw::CD40__pDC__x__microglia_mhc2__up,44,0.05,-2.3185738267437106,-0.0009558201,Discovery
raw::CD40__pDC__x__microglia_mhc2__up,44,0.25,-1.9165823765559376,-0.0005426407,Discovery
raw::CD40__pDC__x__microglia_mhc2__up,44,0.5,-1.3928757937058158,0.0,Discovery
raw::CD40__pDC__x__microglia_mhc2__up,44,0.75,-1.0651333901647573,0.00033730268,Discovery
raw::CD40__pDC__x__microglia_mhc2__up,44,0.95,-0.6037235436998623,0.00081175566,Discovery
raw::CD40__pDC__x__microglia_mhc2__up,45,0.05,-2.3185738267437106,-0.00091195107,Discovery
raw::CD40__pDC__x__microglia_mhc2__up,45,0.25,-1.9165823765559376,-0.0005169511,Discovery
raw::CD40__pDC__x__microglia_mhc2__up,45,0.5,-1.3928757937058158,0.0,Discovery
raw::CD40__pDC__x__microglia_mhc2__up,45,0.75,-1.0651333901647573,0.00031673908,Discovery
raw::CD40__pDC__x__microglia_mhc2__up,45,0.95,-0.6037235436998623,0.00075411797,Discovery
raw::CD40__pDC__x__microglia_mhc2__up,46,0.05,-2.3185738267437106,-0.004838288,Discovery
raw::CD40__pDC__x__microglia_mhc2__up,46,0.25,-1.9165823765559376,-0.0027503967,Discovery
raw::CD40__pDC__x__microglia_mhc2__up,46,0.5,-1.3928757937058158,0.0,Discovery
raw::CD40__pDC__x__microglia_mhc2__up,46,0.75,-1.0651333901647573,0.001737833,Discovery
raw::CD40__pDC__x__microglia_mhc2__up,46,0.95,-0.6037235436998623,0.004206896,Discovery
raw::CD40__pDC__x__microglia_mhc2__up,47,0.05,-2.3185738267437106,-0.00048089027,Confirmation
raw::CD40__pDC__x__microglia_mhc2__up,47,0.25,-1.9165823765559376,-0.00028067827,Confirmation
raw::CD40__pDC__x__microglia_mhc2__up,47,0.5,-1.3928757937058158,0.0,Confirmation
raw::CD40__pDC__x__microglia_mhc2__up,47,0.75,-1.0651333901647573,0.00018829107,Confirmation
raw::CD40__pDC__x__microglia_mhc2__up,47,0.95,-0.6037235436998623,0.00047266483,Confirmation
raw::CD40__pDC__x__microglia_mhc2__up,48,0.05,-2.3185738267437106,-0.0018286705,Confirmation
raw::CD40__pDC__x__microglia_mhc2__up,48,0.25,-1.9165823765559376,-0.001040101,Confirmation
raw::CD40__pDC__x__microglia_mhc2__up,48,0.5,-1.3928757937058158,0.0,Confirmation
raw::CD40__pDC__x__microglia_mhc2__up,48,0.75,-1.0651333901647573,0.00065732,Confirmation
raw::CD40__pDC__x__microglia_mhc2__up,48,0.95,-0.6037235436998623,0.0015936494,Confirmation
raw::CD40__pDC__x__microglia_mhc2__up,49,0.05,-2.3185738267437106,-0.0015652776,Confirmation
raw::CD40__pDC__x__microglia_mhc2__up,49,0.25,-1.9165823765559376,-0.0009088516,Confirmation
raw::CD40__pDC__x__microglia_mhc2__up,49,0.5,-1.3928757937058158,0.0,Confirmation
raw::CD40__pDC__x__microglia_mhc2__up,49,0.75,-1.0651333901647573,0.0006070733,Confirmation
raw::CD40__pDC__x__microglia_mhc2__up,49,0.95,-0.6037235436998623,0.0015159845,Confirmation
raw::CD40__pDC__x__microglia_mhc2__up,50,0.05,-2.3185738267437106,-0.0014525652,Confirmation
raw::CD40__pDC__x__microglia_mhc2__up,50,0.25,-1.9165823765559376,-0.0008189082,Confirmation
raw::CD40__pDC__x__microglia_mhc2__up,50,0.5,-1.3928757937058158,0.0,Confirmation
raw::CD40__pDC__x__microglia_mhc2__up,50,0.75,-1.0651333901647573,0.00051420927,Confirmation
raw::CD40__pDC__x__microglia_mhc2__up,50,0.95,-0.6037235436998623,0.0012430549,Confirmation
raw::CD40__pDC__x__microglia_mhc2__up,51,0.05,-2.3185738267437106,-0.0013228059,Confirmation
raw::CD40__pDC__x__microglia_mhc2__up,51,0.25,-1.9165823765559376,-0.00074613094,Confirmation
raw::CD40__pDC__x__microglia_mhc2__up,51,0.5,-1.3928757937058158,0.0,Confirmation
raw::CD40__pDC__x__microglia_mhc2__up,51,0.75,-1.0651333901647573,0.00046479702,Confirmation
raw::CD40__pDC__x__microglia_mhc2__up,51,0.95,-0.6037235436998623,0.0011183023,Confirmation
