combo,state,donor,condition,score,spatial_subtype
raw::CD80__pDC__x__astro__up,astro_fibrous,T-4515,PD,-0.5476265793794667,astro_fibrous
raw::CD80__pDC__x__astro__up,astro_fibrous,T-0081,PD,-0.0775621194223141,astro_fibrous
raw::CD80__pDC__x__astro__up,astro_fibrous,T-3870,Control,-0.1105369456304073,astro_fibrous
raw::CD80__pDC__x__astro__up,astro_fibrous,T-2791,Control,0.3685879533133449,astro_fibrous
raw::CD80__pDC__x__astro__up,astro_fibrous,T-5498,PD,-0.0269569200188802,astro_fibrous
raw::CD80__pDC__x__astro__up,astro_fibrous,T-4839,PD,0.0569257874356266,astro_fibrous
raw::CD80__pDC__x__astro__up,astro_fibrous,T-5359,Control,0.041975880783757,astro_fibrous
raw::CD80__pDC__x__astro__up,astro_fibrous,T-4424,PD,0.119197362341709,astro_fibrous
raw::CD80__pDC__x__astro__up,astro_fibrous,T-3799,Control,0.2261446260105034,astro_fibrous
raw::CD80__pDC__x__astro__up,astro_fibrous,T-2465,Control,-0.1086791665429286,astro_fibrous
raw::CD80__nonclassical_mono__x__astro__up,astro_fibrous,T-4515,PD,-0.6038742493178568,astro_fibrous
raw::CD80__nonclassical_mono__x__astro__up,astro_fibrous,T-0081,PD,0.0433295705105452,astro_fibrous
raw::CD80__nonclassical_mono__x__astro__up,astro_fibrous,T-3870,Control,-0.0400545824253898,astro_fibrous
raw::CD80__nonclassical_mono__x__astro__up,astro_fibrous,T-2791,Control,0.3586049715059485,astro_fibrous
raw::CD80__nonclassical_mono__x__astro__up,astro_fibrous,T-5498,PD,-0.1385083247842588,astro_fibrous
raw::CD80__nonclassical_mono__x__astro__up,astro_fibrous,T-4839,PD,0.0675476995476327,astro_fibrous
raw::CD80__nonclassical_mono__x__astro__up,astro_fibrous,T-5359,Control,-0.0349158866109235,astro_fibrous
raw::CD80__nonclassical_mono__x__astro__up,astro_fibrous,T-4424,PD,0.1706112170121136,astro_fibrous
raw::CD80__nonclassical_mono__x__astro__up,astro_fibrous,T-3799,Control,0.3460823374160167,astro_fibrous
raw::CD80__nonclassical_mono__x__astro__up,astro_fibrous,T-2465,Control,-0.1977951314522421,astro_fibrous
raw::CD294__pDC__x__astro__up,astro_fibrous,T-4515,PD,-0.5408044143694457,astro_fibrous
raw::CD294__pDC__x__astro__up,astro_fibrous,T-0081,PD,-0.0671881624867907,astro_fibrous
raw::CD294__pDC__x__astro__up,astro_fibrous,T-3870,Control,0.1020194866122812,astro_fibrous
raw::CD294__pDC__x__astro__up,astro_fibrous,T-2791,Control,0.3590963625547984,astro_fibrous
raw::CD294__pDC__x__astro__up,astro_fibrous,T-5498,PD,-0.0984729925445073,astro_fibrous
raw::CD294__pDC__x__astro__up,astro_fibrous,T-4839,PD,-0.0885908048535654,astro_fibrous
raw::CD294__pDC__x__astro__up,astro_fibrous,T-5359,Control,0.0802174513280122,astro_fibrous
raw::CD294__pDC__x__astro__up,astro_fibrous,T-4424,PD,0.2471093968982688,astro_fibrous
raw::CD294__pDC__x__astro__up,astro_fibrous,T-3799,Control,0.1896558628099964,astro_fibrous
raw::CD294__pDC__x__astro__up,astro_fibrous,T-2465,Control,-0.188674728772173,astro_fibrous
relative::CD274__pDC__x__astro__up,astro_fibrous,T-4515,PD,-0.3365458115637991,astro_fibrous
relative::CD274__pDC__x__astro__up,astro_fibrous,T-0081,PD,-0.252677094061241,astro_fibrous
relative::CD274__pDC__x__astro__up,astro_fibrous,T-3870,Control,0.5217566922778886,astro_fibrous
relative::CD274__pDC__x__astro__up,astro_fibrous,T-2791,Control,0.3055294880472194,astro_fibrous
relative::CD274__pDC__x__astro__up,astro_fibrous,T-5498,PD,-0.2264874804899,astro_fibrous
relative::CD274__pDC__x__astro__up,astro_fibrous,T-4839,PD,0.1606007044820427,astro_fibrous
relative::CD274__pDC__x__astro__up,astro_fibrous,T-5359,Control,0.2863302493009966,astro_fibrous
relative::CD274__pDC__x__astro__up,astro_fibrous,T-4424,PD,-0.1738283195168744,astro_fibrous
relative::CD274__pDC__x__astro__up,astro_fibrous,T-3799,Control,-0.3357118664097246,astro_fibrous
relative::CD274__pDC__x__astro__up,astro_fibrous,T-2465,Control,-0.0284104654407365,astro_fibrous
raw::CD294__classical_mono__x__astro__up,astro_fibrous,T-4515,PD,-0.3945372546440602,astro_fibrous
raw::CD294__classical_mono__x__astro__up,astro_fibrous,T-0081,PD,-0.0887443030467952,astro_fibrous
raw::CD294__classical_mono__x__astro__up,astro_fibrous,T-3870,Control,0.0246532045933913,astro_fibrous
raw::CD294__classical_mono__x__astro__up,astro_fibrous,T-2791,Control,0.3245914900224478,astro_fibrous
raw::CD294__classical_mono__x__astro__up,astro_fibrous,T-5498,PD,-0.0693563840680385,astro_fibrous
raw::CD294__classical_mono__x__astro__up,astro_fibrous,T-4839,PD,-0.2351448387654341,astro_fibrous
raw::CD294__classical_mono__x__astro__up,astro_fibrous,T-5359,Control,0.0078811082285613,astro_fibrous
raw::CD294__classical_mono__x__astro__up,astro_fibrous,T-4424,PD,0.2249171182406708,astro_fibrous
raw::CD294__classical_mono__x__astro__up,astro_fibrous,T-3799,Control,0.1963490815858286,astro_fibrous
raw::CD294__classical_mono__x__astro__up,astro_fibrous,T-2465,Control,0.0188623653151018,astro_fibrous
raw::CD30__classical_mono__x__astro__up,astro_fibrous,T-4515,PD,-0.3800093450220071,astro_fibrous
raw::CD30__classical_mono__x__astro__up,astro_fibrous,T-0081,PD,-0.0995849382495131,astro_fibrous
raw::CD30__classical_mono__x__astro__up,astro_fibrous,T-3870,Control,-0.1507404726328862,astro_fibrous
raw::CD30__classical_mono__x__astro__up,astro_fibrous,T-2791,Control,0.2703826467091196,astro_fibrous
raw::CD30__classical_mono__x__astro__up,astro_fibrous,T-5498,PD,-0.1333791775121342,astro_fibrous
raw::CD30__classical_mono__x__astro__up,astro_fibrous,T-4839,PD,0.07680640839233,astro_fibrous
raw::CD30__classical_mono__x__astro__up,astro_fibrous,T-5359,Control,0.0974728507199558,astro_fibrous
raw::CD30__classical_mono__x__astro__up,astro_fibrous,T-4424,PD,0.111007790785737,astro_fibrous
raw::CD30__classical_mono__x__astro__up,astro_fibrous,T-3799,Control,0.1663797055290866,astro_fibrous
raw::CD30__classical_mono__x__astro__up,astro_fibrous,T-2465,Control,0.0123253693969739,astro_fibrous
