"state","n","spearman","RMSE","mean_true","mean_estimated","quality_pass"
"B_background",400,0.720512192391248,0.0682330247394018,0.0627164065744558,0.0387555832672116,TRUE
"DA_neuron",400,0.665211479798878,0.057343179156578,0.0588335549106263,0.0803423195672209,TRUE
"Endothelial",400,0.638863590642889,0.052997601420404,0.0584170492407544,0.0663940060522865,TRUE
"Mono_macro",400,0.423031458669704,0.131946098478833,0.0702808729841026,0.0622735348412671,FALSE
"NK_background",400,0.668995814007258,0.0501735806376577,0.0568479605502098,0.0564033160966123,TRUE
"Neuron_other",400,0.466242140640124,0.0794996711319214,0.0621827060358994,0.0471943024895526,FALSE
"OPC",400,0.659155906417025,0.0765193704694221,0.0759729477094372,0.0883107037683789,TRUE
"Oligodendrocyte",400,0.749483629246844,0.0435278459183335,0.0672042383820979,0.0676388088831105,TRUE
"Pericyte",400,0.610582275399567,0.0598568287779225,0.0671528696381034,0.0598852369079666,TRUE
"T_CD4_background",400,0.526975303902529,0.115356589341574,0.0611039661199797,0.0955047358638406,TRUE
"T_CD8_background",400,0.376145427068517,0.111768133253406,0.0611737395818429,0.0417774462029644,FALSE
"astro",400,0.734819768349647,0.0813963296139196,0.109382870233814,0.0954762277833921,TRUE
"microglia_homeostatic",400,0.476390864762192,0.146381123257369,0.0990121657338312,0.0977871572301518,FALSE
"microglia_mhc2",400,0.228830299353557,0.198010672259483,0.0897186523048459,0.102256621046044,FALSE
