method,seed,axis,blood_state,brain_state,mean_mse,energy_per_sqrt_gene,mmd,variance_ratio,condition_aware_rho,condition_aware_delta_mse,condition_aware_predicted_rms,condition_aware_observed_rms,condition_aware_n_blood_PD,condition_aware_n_blood_control,condition_aware_n_brain_PD,condition_aware_n_brain_control,fixed_control_rho,fixed_control_delta_mse,fixed_control_predicted_rms,fixed_control_observed_rms,fixed_control_n_blood_PD,fixed_control_n_blood_control,fixed_control_n_brain_PD,fixed_control_n_brain_control,fixed_PD_rho,fixed_PD_delta_mse,fixed_PD_predicted_rms,fixed_PD_observed_rms,fixed_PD_n_blood_PD,fixed_PD_n_blood_control,fixed_PD_n_brain_PD,fixed_PD_n_brain_control
cellot,42,cDC__astro,cDC,astro,0.021720423363149166,0.14784438291670224,0.10689137538461098,0.11841594129800796,0.1910475478147747,0.013695517554879189,0.10568176209926605,0.08955562114715576,1,1,3,2,-0.07304695869249488,0.019575491547584534,0.0962672084569931,0.08955562114715576,1,1,3,2,-0.026311479575660712,0.017294127494096756,0.08851686865091324,0.08955562114715576,1,1,3,2
cellot,42,cDC__microglia_mhc2,cDC,microglia_mhc2,0.026529828645288946,0.15628807432930683,0.08895607290460542,0.1441810593008995,0.1717756902480347,0.024801578372716904,0.12389431148767471,0.11447905749082565,1,1,3,2,0.07273952442272928,0.02449123188853264,0.12899036705493927,0.11447905749082565,1,1,3,2,0.07903706994266421,0.01813783310353756,0.0920778289437294,0.11447905749082565,1,1,3,2
cellot,42,classical_mono__astro,classical_mono,astro,0.020008792448788882,0.15338907018494566,0.0965439500362025,0.09469317272305489,0.28559506247377914,0.009861668571829796,0.0964440107345581,0.08955562114715576,1,1,3,2,0.10813637528714275,0.009782152250409126,0.054936088621616364,0.08955562114715576,1,1,3,2,0.04292327369122474,0.009986027143895626,0.05110226571559906,0.08955562114715576,1,1,3,2
cellot,42,classical_mono__microglia_mhc2,classical_mono,microglia_mhc2,0.02612802553921938,0.14618629639297787,0.08901113263461995,0.13998655825853348,0.21261075884621874,0.02505313977599144,0.11629664897918701,0.11447905749082565,1,1,3,2,0.04021845945190257,0.020422738045454025,0.08467826247215271,0.11447905749082565,1,1,3,2,0.025662937661277127,0.018167918547987938,0.07528892159461975,0.11447905749082565,1,1,3,2
cellot,42,nonclassical_mono__astro,nonclassical_mono,astro,0.021698508597910404,0.1636080456227287,0.10695693951628008,0.08324629962444305,0.2566124352913543,0.014824504032731056,0.11675307154655457,0.08955562114715576,1,1,3,2,0.02618986415727793,0.010597536340355873,0.05404238775372505,0.08955562114715576,1,1,3,2,0.0330020298995198,0.00964135117828846,0.04697241261601448,0.08955562114715576,1,1,3,2
cellot,42,nonclassical_mono__microglia_mhc2,nonclassical_mono,microglia_mhc2,0.04249972105026245,0.1426078058083469,0.10706773625318813,0.3358968153595924,0.04509907656185281,0.04084399715065956,0.18469500541687012,0.11447905749082565,1,1,3,2,-0.0023805113392459027,0.02255484275519848,0.10675746947526932,0.11447905749082565,1,1,3,2,0.09769247457626054,0.0383702777326107,0.18313384056091309,0.11447905749082565,1,1,3,2
cellot,42,pDC__astro,pDC,astro,266.6518801663071,12.203200837732652,0.2323325670088995,684.920176179707,0.029844375459960486,665.9373168945312,25.810569763183594,0.08955562114715576,1,1,3,2,-0.026409875755938672,93.4228286743164,9.660632133483887,0.08955562114715576,1,1,3,2,0.10443997448763206,0.03125794976949692,0.1549205482006073,0.08955562114715576,1,1,3,2
cellot,42,pDC__microglia_mhc2,pDC,microglia_mhc2,3.3755037989467382,0.3562559094385356,0.09774715365153082,185.2373599201441,0.06874526106020176,8.31872844696045,2.9030771255493164,0.11447905749082565,1,1,3,2,-0.048862579830646666,2.8672916889190674,1.675254225730896,0.11447905749082565,1,1,3,2,0.06192415529840559,0.017807096242904663,0.09014835953712463,0.11447905749082565,1,1,3,2
cellot,43,cDC__astro,cDC,astro,0.02109675295650959,0.15358795349375515,0.10920965489424694,0.09690605700016022,0.1478898347072751,0.015678297728300095,0.09574447572231293,0.08955562114715576,1,1,3,2,0.008512836485365194,0.02560178004205227,0.12593688070774078,0.08955562114715576,1,1,3,2,-0.10848832896656598,0.01510116457939148,0.06883956491947174,0.08955562114715576,1,1,3,2
cellot,43,cDC__microglia_mhc2,cDC,microglia_mhc2,0.025978866219520568,0.14203582966085698,0.08552576249304704,0.16365997940301896,0.2254563461604958,0.019270235672593117,0.10202665627002716,0.11447905749082565,1,1,3,2,-0.016568674384266072,0.028870677575469017,0.13180036842823029,0.11447905749082565,1,1,3,2,0.0608639013857177,0.018184781074523926,0.09022445976734161,0.11447905749082565,1,1,3,2
cellot,43,classical_mono__astro,classical_mono,astro,0.025676627084612845,0.14688608609297332,0.10608055506354752,0.15637848824262618,-0.04867259408143924,0.034164901822805405,0.1752929836511612,0.08955562114715576,1,1,3,2,-0.05039383419363284,0.009778393432497978,0.04726658761501312,0.08955562114715576,1,1,3,2,-0.004319733670581759,0.022863682359457016,0.12413718551397324,0.08955562114715576,1,1,3,2
cellot,43,classical_mono__microglia_mhc2,classical_mono,microglia_mhc2,0.025460622273385525,0.14085270780484058,0.08662231617763076,0.15051077902317048,0.20444660520971794,0.02327549457550049,0.10973945260047913,0.11447905749082565,1,1,3,2,0.008340133374906926,0.021967103704810143,0.0919143334031105,0.11447905749082565,1,1,3,2,0.018536349518989723,0.017502307891845703,0.07152806967496872,0.11447905749082565,1,1,3,2
cellot,43,nonclassical_mono__astro,nonclassical_mono,astro,0.02231050655245781,0.14785283840481428,0.10343339397744526,0.11081325560808182,0.17531218498778148,0.012601841241121292,0.1071874275803566,0.08955562114715576,1,1,3,2,-0.05406856006825109,0.012717846781015396,0.06538309156894684,0.08955562114715576,1,1,3,2,0.09759543878763655,0.011084314435720444,0.06334707140922546,0.08955562114715576,1,1,3,2
cellot,43,nonclassical_mono__microglia_mhc2,nonclassical_mono,microglia_mhc2,0.0292191781103611,0.15087286562179436,0.09490998889545751,0.14700943380594253,0.22299733482044096,0.02907232753932476,0.1466398537158966,0.11447905749082565,1,1,3,2,0.02290966762198035,0.022072352468967438,0.10750062763690948,0.11447905749082565,1,1,3,2,0.04379000171158387,0.022976893931627274,0.12300609797239304,0.11447905749082565,1,1,3,2
cellot,43,pDC__astro,pDC,astro,0.051265330798923966,0.19009954997369471,0.14519129879664328,0.19667518138885498,0.09321312349904212,0.0986471176147461,0.30704179406166077,0.08955562114715576,1,1,3,2,0.06453962183969669,5.072560787200928,2.258378744125366,0.08955562114715576,1,1,3,2,0.12395832525948422,0.02841239981353283,0.14527836441993713,0.08955562114715576,1,1,3,2
cellot,43,pDC__microglia_mhc2,pDC,microglia_mhc2,0.07052021734416485,0.17635955237305068,0.11096361190428397,1.1162069380283355,0.16023170219945648,0.1357923001050949,0.37634754180908203,0.11447905749082565,1,1,3,2,-0.05081434070281051,6.714190483093262,2.5691142082214355,0.11447905749082565,1,1,3,2,0.05018825821456373,0.018117088824510574,0.08507148921489716,0.11447905749082565,1,1,3,2
cellot,44,cDC__astro,cDC,astro,0.02223580051213503,0.15073099686292452,0.10829014163131637,0.10571399629116059,0.20060731771228213,0.01251615583896637,0.09928396344184875,0.08955562114715576,1,1,3,2,-0.02772042327495462,0.021809866651892662,0.10953208804130554,0.08955562114715576,1,1,3,2,-0.12198714230375102,0.017308402806520462,0.07805263996124268,0.08955562114715576,1,1,3,2
cellot,44,cDC__microglia_mhc2,cDC,microglia_mhc2,0.025605333037674427,0.14025231145732706,0.08388762429238458,0.1771982118487358,0.21239729183450598,0.019976884126663208,0.10693562030792236,0.11447905749082565,1,1,3,2,0.01455161490564406,0.025347253307700157,0.12650641798973083,0.11447905749082565,1,1,3,2,0.1014912090726814,0.018863487988710403,0.09614647179841995,0.11447905749082565,1,1,3,2
cellot,44,classical_mono__astro,classical_mono,astro,0.02944602407515049,0.13667386490856875,0.10646898485899921,0.2529027298092842,-0.06164617820616446,0.035831332206726074,0.1784694641828537,0.08955562114715576,1,1,3,2,0.000982892620602997,0.011341691948473454,0.056964997202157974,0.08955562114715576,1,1,3,2,-0.044677829797076116,0.03445032611489296,0.15972468256950378,0.08955562114715576,1,1,3,2
cellot,44,classical_mono__microglia_mhc2,classical_mono,microglia_mhc2,0.026384148001670837,0.13991585252453295,0.087527085135924,0.1613243281841278,0.1991358450177242,0.02579721249639988,0.12334942817687988,0.11447905749082565,1,1,3,2,0.03626917234859502,0.021261591464281082,0.09541566669940948,0.11447905749082565,1,1,3,2,0.02920212575635931,0.017211224883794785,0.07285504788160324,0.11447905749082565,1,1,3,2
cellot,44,nonclassical_mono__astro,nonclassical_mono,astro,0.022184435091912747,0.15831500508737945,0.1062571878249424,0.08893114030361175,0.18335524800585234,0.013045500963926315,0.09209837764501572,0.08955562114715576,1,1,3,2,0.023819942637193163,0.010641476139426231,0.05161779001355171,0.08955562114715576,1,1,3,2,0.11291174031160256,0.010524258017539978,0.05915217101573944,0.08955562114715576,1,1,3,2
cellot,44,nonclassical_mono__microglia_mhc2,nonclassical_mono,microglia_mhc2,0.028085945174098015,0.1435256567729594,0.0913860094280603,0.1579372242093086,0.2316041705789634,0.025871731340885162,0.1369006633758545,0.11447905749082565,1,1,3,2,0.0525358811358307,0.02449207194149494,0.12089760601520538,0.11447905749082565,1,1,3,2,0.08414364642483683,0.020115509629249573,0.10952022671699524,0.11447905749082565,1,1,3,2
cellot,44,pDC__astro,pDC,astro,23.137890523672105,1.0500292312688024,0.32002729618902914,725.5646734595299,0.071143477863495,57.86064529418945,7.612273693084717,0.08955562114715576,1,1,3,2,0.11119786318654654,3.5911529064178467,1.901162028312683,0.08955562114715576,1,1,3,2,0.15434299764130865,0.028108563274145126,0.15299710631370544,0.08955562114715576,1,1,3,2
cellot,44,pDC__microglia_mhc2,pDC,microglia_mhc2,40.90229580905289,1.615414611960155,0.27945602445055073,1803.82320728451,-0.0009267283908020163,101.98407745361328,10.107145309448242,0.11447905749082565,1,1,3,2,-0.028508027114771597,26.29292869567871,5.119911193847656,0.11447905749082565,1,1,3,2,0.07586357021230174,0.017026539891958237,0.08269704133272171,0.11447905749082565,1,1,3,2
