seed,axis,method,mean_mse,energy_per_sqrt_gene,mmd,variance_ratio,condition_aware_rho,condition_aware_delta_mse,condition_aware_predicted_rms,condition_aware_observed_rms,condition_aware_n_blood_PD,condition_aware_n_blood_control,condition_aware_n_brain_PD,condition_aware_n_brain_control,fixed_control_rho,fixed_control_delta_mse,fixed_control_predicted_rms,fixed_control_observed_rms,fixed_control_n_blood_PD,fixed_control_n_blood_control,fixed_control_n_brain_PD,fixed_control_n_brain_control,fixed_PD_rho,fixed_PD_delta_mse,fixed_PD_predicted_rms,fixed_PD_observed_rms,fixed_PD_n_blood_PD,fixed_PD_n_blood_control,fixed_PD_n_brain_PD,fixed_PD_n_brain_control,raw_mean_mse,raw_energy_per_sqrt_gene,raw_mmd,raw_variance_ratio
42,cDC__astro,cellot,0.022555399900004873,0.04892071235298404,0.05112480495312952,0.7319162472105905,0.19104768712153183,0.013695518495095803,0.10568176705294063,0.08955562114715576,1,1,3,2,-0.07304695869249488,0.01957549018783664,0.09626721004152203,0.08955562114715576,1,1,3,2,-0.026311362735918966,0.017294126481878645,0.08851686095932615,0.08955562114715576,1,1,3,2,0.021720423363149166,0.14784438291670224,0.10689137538461098,0.11841594129800796
42,cDC__microglia_mhc2,cellot,0.0275964246070462,0.052466058488328214,0.049425488079896954,0.9748938910197964,0.17177497096753808,0.02480157890522924,0.12389430977947954,0.11447905749082565,1,1,3,2,0.07273900706331145,0.024491231573798785,0.128990360105713,0.11447905749082565,1,1,3,2,0.079037184698704,0.018137835608812474,0.09207783055410633,0.11447905749082565,1,1,3,2,0.026529828645288946,0.15628807432930683,0.08895607290460542,0.1441810593008995
42,classical_mono__astro,cellot,0.02081939991385297,0.046429903762615035,0.04627823017868593,0.6986502562285866,0.2855952362412216,0.00986166845777474,0.09644401417633784,0.08955562114715576,1,1,3,2,0.10813610489464161,0.009782151958819844,0.054936090010267946,0.08955562114715576,1,1,3,2,0.042923571168022645,0.009986026758219113,0.05110226208801768,0.08955562114715576,1,1,3,2,0.020008792448788882,0.15338907018494566,0.0965439500362025,0.09469317272305489
42,classical_mono__microglia_mhc2,cellot,0.027216396436474565,0.05197580372805649,0.04922632460536893,0.9449240350432608,0.21261077258541095,0.025053140984028964,0.11629666135005191,0.11447905749082565,1,1,3,2,0.04021840066617856,0.020422738506007457,0.0846782645767555,0.11447905749082565,1,1,3,2,0.025663999351001252,0.018167918799609745,0.07528892310148569,0.11447905749082565,1,1,3,2,0.02612802553921938,0.14618629639297787,0.08901113263461995,0.13998655825853348
42,nonclassical_mono__astro,cellot,0.022540452500817647,0.0478183922829131,0.04899070998977852,0.7337354508728563,0.2566124352913543,0.014824502775867948,0.11675307084780473,0.08955562114715576,1,1,3,2,0.02618946594491473,0.010597537676535132,0.054042388411603415,0.08955562114715576,1,1,3,2,0.03300216053479733,0.009641351078414713,0.046972415467178466,0.08955562114715576,1,1,3,2,0.021698508597910404,0.1636080456227287,0.10695693951628008,0.08324629962444305
42,nonclassical_mono__microglia_mhc2,cellot,0.043688804771163894,0.07767680973306992,0.07513454919046185,1.176618632550527,0.0450988472750059,0.04084399860224322,0.1846950041988078,0.11447905749082565,1,1,3,2,-0.0023805113392459027,0.022554842385836382,0.1067574690573208,0.11447905749082565,1,1,3,2,0.09769281839116432,0.03837027627860108,0.18313384409751313,0.11447905749082565,1,1,3,2,0.04249972105026245,0.1426078058083469,0.10706773625318813,0.3358968153595924
42,pDC__astro,cellot,266.65269665112504,12.145045596980811,0.20552351588416334,685.569371421707,0.029844375459960486,665.9373235757455,25.810570750693323,0.08955562114715576,1,1,3,2,-0.026409925532484068,93.4228077853199,9.66063166985348,0.08955562114715576,1,1,3,2,0.10443999273152427,0.031257948210561,0.15492054731995122,0.08955562114715576,1,1,3,2,266.6518801663071,12.203200837732652,0.2323325670088995,684.920176179707
42,pDC__microglia_mhc2,cellot,3.3764779719003206,0.26191706070014287,0.067028713384585,186.12501171177618,0.06874526106020176,8.318727755352894,2.903077117717055,0.11447905749082565,1,1,3,2,-0.04886214265405546,2.8672916444024397,1.6752542086116187,0.11447905749082565,1,1,3,2,0.06192449258431252,0.017807098155743727,0.09014834877581517,0.11447905749082565,1,1,3,2,3.3755037989467382,0.3562559094385356,0.09774715365153082,185.2373599201441
43,cDC__astro,cellot,0.02193172972691311,0.04886728470980793,0.05133908276118615,0.7104063651381536,0.14788931497741706,0.01567829767957603,0.09574447910457948,0.08955562114715576,1,1,3,2,0.00851313627080378,0.025601780054976514,0.12593687867020686,0.08955562114715576,1,1,3,2,-0.10848863235573636,0.015101163889587623,0.06883956164833606,0.08955562114715576,1,1,3,2,0.02109675295650959,0.15358795349375515,0.10920965489424694,0.09690605700016022
43,cDC__microglia_mhc2,cellot,0.02704546141111817,0.05095731745034722,0.04792499700432971,0.9943728181718221,0.22545618759670386,0.019270237041190023,0.10202665478119116,0.11447905749082565,1,1,3,2,-0.01656814069548046,0.02887067925488247,0.13180036353376315,0.11447905749082565,1,1,3,2,0.06086455106932273,0.018184779789959523,0.09022445909234275,0.11447905749082565,1,1,3,2,0.025978866219520568,0.14203582966085698,0.08552576249304704,0.16365997940301896
43,classical_mono__astro,cellot,0.026487234664256565,0.05735826433363411,0.0582536287285091,0.760335574885028,-0.04867288147904978,0.03416490057069367,0.17529298279393896,0.08955562114715576,1,1,3,2,-0.050393848158093536,0.009778392151460015,0.04726658607740699,0.08955562114715576,1,1,3,2,-0.004320194385168256,0.02286368304846023,0.12413718842653097,0.08955562114715576,1,1,3,2,0.025676627084612845,0.14688608609297332,0.10608055506354752,0.15637848824262618
43,classical_mono__microglia_mhc2,cellot,0.02654899324096931,0.050702318835225635,0.0479364814492913,0.9554482601811973,0.20444660667373024,0.02327549517406859,0.10973944819903554,0.11447905749082565,1,1,3,2,0.008340133374906926,0.02196710366387561,0.09191432706893715,0.11447905749082565,1,1,3,2,0.01853624028115009,0.01750230663944278,0.0715280740323627,0.11447905749082565,1,1,3,2,0.025460622273385525,0.14085270780484058,0.08662231617763076,0.15051077902317048
43,nonclassical_mono__astro,cellot,0.023152450857062856,0.047479386427522335,0.04835997198847193,0.761302403521556,0.17531218498778148,0.012601842941071,0.10718743332904965,0.08955562114715576,1,1,3,2,-0.05406860714047548,0.012717845301022974,0.0653830919609712,0.08955562114715576,1,1,3,2,0.0975953911508069,0.011084314975916268,0.06334707070594967,0.08955562114715576,1,1,3,2,0.02231050655245781,0.14785283840481428,0.10343339397744526,0.11081325560808182
43,nonclassical_mono__microglia_mhc2,cellot,0.030408261631175083,0.05710021044955824,0.05429244013952812,0.9877312664773672,0.22299718076130218,0.029072330462609524,0.14663985760159812,0.11447905749082565,1,1,3,2,0.022909362882192655,0.02207235331668587,0.10750062424305602,0.11447905749082565,1,1,3,2,0.04378967602515889,0.02297689396087339,0.12300610274382026,0.11447905749082565,1,1,3,2,0.0292191781103611,0.15087286562179436,0.09490998889545751,0.14700943380594253
43,pDC__astro,cellot,0.05208540690997173,0.09041492261384797,0.09096358132729128,0.8459022686920544,0.09321336708878805,0.09864712288039945,0.30704177405332433,0.08955562114715576,1,1,3,2,0.06453959323507558,5.072561187545587,2.2583786641762207,0.08955562114715576,1,1,3,2,0.12395832525948422,0.028412401895706933,0.1452783633038934,0.08955562114715576,1,1,3,2,0.051265330798923966,0.19009954997369471,0.14519129879664328,0.19667518138885498
43,pDC__microglia_mhc2,cellot,0.07149431644124227,0.09679684091029343,0.0816676255111088,2.0038552873897513,0.1602319339638626,0.13579229626977599,0.3763475395588637,0.11447905749082565,1,1,3,2,-0.05081432769419392,6.714190367178375,2.5691142134734024,0.11447905749082565,1,1,3,2,0.05018967819244979,0.018117087408309914,0.08507148698681405,0.11447905749082565,1,1,3,2,0.07052021734416485,0.17635955237305068,0.11096361190428397,1.1162069380283355
44,cDC__astro,cellot,0.02307077771805384,0.04918677198469295,0.05127634757055879,0.7192143150375443,0.2006075301072247,0.01251615596964687,0.09928396067227718,0.08955562114715576,1,1,3,2,-0.02772059298819878,0.021809866814237144,0.10953208600266236,0.08955562114715576,1,1,3,2,-0.12198709196412251,0.017308402468123783,0.0780526458246519,0.08955562114715576,1,1,3,2,0.02223580051213503,0.15073099686292452,0.10829014163131637,0.10571399629116059
44,cDC__microglia_mhc2,cellot,0.02667192865040695,0.050333570493700165,0.04725352083781176,1.0079110545846277,0.21239714926223283,0.01997688385339866,0.1069356265122664,0.11447905749082565,1,1,3,2,0.014551996337152158,0.02534725211494929,0.12650642872873236,0.11447905749082565,1,1,3,2,0.10149131988714967,0.018863486893411212,0.09614646155746681,0.11447905749082565,1,1,3,2,0.025605333037674427,0.14025231145732706,0.08388762429238458,0.1771982118487358
44,classical_mono__astro,cellot,0.030256632782066563,0.06305495371409423,0.06445988323210199,0.8568598186454229,-0.061646080623864494,0.03583133145502151,0.17846945812757398,0.08955562114715576,1,1,3,2,0.0009828198702674117,0.011341692109619906,0.05696499470277768,0.08955562114715576,1,1,3,2,-0.044677829797076116,0.03445032568751734,0.15972468231749867,0.08955562114715576,1,1,3,2,0.02944602407515049,0.13667386490856875,0.10646898485899921,0.2529027298092842
44,classical_mono__microglia_mhc2,cellot,0.027472518574519635,0.05208084625547317,0.04932641397460471,0.9662618116866453,0.19913592711502848,0.025797213839499136,0.12334943393346912,0.11447905749082565,1,1,3,2,0.03626935456181619,0.021261592655434102,0.09541567910693348,0.11447905749082565,1,1,3,2,0.02920249975436755,0.017211225946431437,0.07285505192366687,0.11447905749082565,1,1,3,2,0.026384148001670837,0.13991585252453295,0.087527085135924,0.1613243281841278
44,nonclassical_mono__astro,cellot,0.023026379195605462,0.04798856950182502,0.049013692827000944,0.7394202885226357,0.18335550212525206,0.01304550229487449,0.09209837909299336,0.08955562114715576,1,1,3,2,0.02381979263185725,0.010641477204939926,0.05161779587523304,0.08955562114715576,1,1,3,2,0.11291159711957209,0.010524259845184679,0.05915217337142403,0.08955562114715576,1,1,3,2,0.022184435091912747,0.15831500508737945,0.1062571878249424,0.08893114030361175
44,nonclassical_mono__microglia_mhc2,cellot,0.029275029109643767,0.054975103156426744,0.05215466987287565,0.9986590602194798,0.23160463117975116,0.025871732206071314,0.13690065679130847,0.11447905749082565,1,1,3,2,0.052535316928019785,0.024492071735995317,0.1208976105416478,0.11447905749082565,1,1,3,2,0.08414383494457245,0.020115509279038258,0.10952022419942013,0.11447905749082565,1,1,3,2,0.028085945174098015,0.1435256567729594,0.0913860094280603,0.1579372242093086
44,pDC__astro,cellot,23.138706942331524,0.9603054840821855,0.2522263737409798,726.213925314735,0.071143477863495,57.860635191193225,7.61227343462347,0.08955562114715576,1,1,3,2,0.11119866738181962,3.591152436047634,1.9011619503995374,0.08955562114715576,1,1,3,2,0.15434260348314371,0.028108562153644177,0.15299711190787402,0.08955562114715576,1,1,3,2,23.137890523672105,1.0500292312688024,0.32002729618902914,725.5646734595299
44,pDC__microglia_mhc2,cellot,40.903272387110334,1.5322476785909824,0.23292806979397818,1804.710905530033,-0.0009263182421298902,101.98408142055725,10.107145692665261,0.11447905749082565,1,1,3,2,-0.028508027114771597,26.29292451916267,5.119910924664121,0.11447905749082565,1,1,3,2,0.07586324452587677,0.017026538814366606,0.08269703341049033,0.11447905749082565,1,1,3,2,40.90229580905289,1.615414611960155,0.27945602445055073,1803.82320728451
