"","Donor","broad_lineages","sublineage","gender","age_bin","Condition","Braak","state","nUMI","donor","condition"
"_______OJ26_CTACCCACATAACGGG-1","OJ26","Myeloid","Monocyte_Derived","F","age_bin4","Control",0,"BAM",1228,"OJ26","Control"
"_______OJ26_ACATCCCAGAAATTGC-1","OJ26","Myeloid","Monocyte_Derived","F","age_bin4","Control",0,"BAM",1522,"OJ26","Control"
"_______OJ26_TCACACCAGCCATATC-1","OJ26","Myeloid","Monocyte_Derived","F","age_bin4","Control",0,"BAM",1155,"OJ26","Control"
"_______OJ26_TCGACCTTCGGCCTTT-1","OJ26","Myeloid","Monocyte_Derived","F","age_bin4","Control",0,"BAM",1086,"OJ26","Control"
"_______OJ26_GAAGCCCAGATGTTCC-1","OJ26","Myeloid","Monocyte_Derived","F","age_bin4","Control",0,"BAM",952,"OJ26","Control"
"_______OJ26_ATTCCCGTCAGCAATC-1","OJ26","Myeloid","Monocyte_Derived","F","age_bin4","Control",0,"BAM",1081,"OJ26","Control"
"_______OJ26_CCGAACGCACGAAGAC-1","OJ26","Myeloid","Monocyte_Derived","F","age_bin4","Control",0,"BAM",726,"OJ26","Control"
"_______OJ26_GCACGGTCATCAGCTA-1","OJ26","Myeloid","Monocyte_Derived","F","age_bin4","Control",0,"BAM",877,"OJ26","Control"
"_______OJ26_GAGAAATCAAGCTGCC-1","OJ26","Myeloid","Monocyte_Derived","F","age_bin4","Control",0,"BAM",780,"OJ26","Control"
"_______OJ26_CTCCATGAGACCCTTA-1","OJ26","Myeloid","Monocyte_Derived","F","age_bin4","Control",0,"BAM",621,"OJ26","Control"
"_______OJ26_ATTCACTGTCTTACTT-1","OJ26","Myeloid","Monocyte_Derived","F","age_bin4","Control",0,"BAM",781,"OJ26","Control"
"_______OJ26_CCTAAGACACCACTGG-1","OJ26","Myeloid","Monocyte_Derived","F","age_bin4","Control",0,"BAM",874,"OJ26","Control"
"_______OJ26_AACAACCTCCACGAAT-1","OJ26","Myeloid","Monocyte_Derived","F","age_bin4","Control",0,"BAM",807,"OJ26","Control"
"_______OJ26_CCCGAAGAGTATGAAC-1","OJ26","Myeloid","Monocyte_Derived","F","age_bin4","Control",0,"BAM",618,"OJ26","Control"
"_______OJ26_TGGGAGAAGTATGTAG-1","OJ26","Myeloid","Monocyte_Derived","F","age_bin4","Control",0,"BAM",786,"OJ26","Control"
"_______OJ26_CAGCAGCTCCGTAATG-1","OJ26","Myeloid","Monocyte_Derived","F","age_bin4","Control",0,"BAM",515,"OJ26","Control"
"_______OJ26_GACATCAAGCCTGCCA-1","OJ26","Myeloid","Monocyte_Derived","F","age_bin4","Control",0,"BAM",745,"OJ26","Control"
"_______OJ26_AGGTGTTCAAATACAG-1","OJ26","Myeloid","Monocyte_Derived","F","age_bin4","Control",0,"BAM",946,"OJ26","Control"
"_______OJ26_CCACTTGTCCAATCCC-1","OJ26","Myeloid","Monocyte_Derived","F","age_bin4","Control",0,"BAM",772,"OJ26","Control"
"_______OJ26_CATCCCACAACTGCTA-1","OJ26","Myeloid","Monocyte_Derived","F","age_bin4","Control",0,"BAM",715,"OJ26","Control"
"_______OJ26_TACGGGCAGTAAGAGG-1","OJ26","Myeloid","Monocyte_Derived","F","age_bin4","Control",0,"BAM",660,"OJ26","Control"
"_______OJ26_AATGGCTAGGCCTAGA-1","OJ26","Myeloid","Monocyte_Derived","F","age_bin4","Control",0,"BAM",698,"OJ26","Control"
"_______OJ26_CTTAGGAAGTCCCTAA-1","OJ26","Myeloid","Monocyte_Derived","F","age_bin4","Control",0,"BAM",650,"OJ26","Control"
"_______OJ26_ATGCCTCCAATCCTTT-1","OJ26","Myeloid","Monocyte_Derived","F","age_bin4","Control",0,"BAM",621,"OJ26","Control"
"_______OJ26_GTGATGTTCCCAGGCA-1","OJ26","Myeloid","Monocyte_Derived","F","age_bin4","Control",0,"BAM",510,"OJ26","Control"
"_______OJ26_GTAGCTAAGTCCGCGT-1","OJ26","Myeloid","Monocyte_Derived","F","age_bin4","Control",0,"BAM",568,"OJ26","Control"
"_______OJ26_GGGACTCGTCGAAGCA-1","OJ26","Myeloid","Monocyte_Derived","F","age_bin4","Control",0,"BAM",578,"OJ26","Control"
"_______OJ26_TCTACATAGTCACAGG-1","OJ26","Myeloid","Monocyte_Derived","F","age_bin4","Control",0,"BAM",655,"OJ26","Control"
"_______OJ26_TCTTCCTAGGGATCTG-1","OJ26","Myeloid","Monocyte_Derived","F","age_bin4","Control",0,"BAM",685,"OJ26","Control"
"_______OJ26_GAAGCGAAGAAACCCG-1","OJ26","Myeloid","Monocyte_Derived","F","age_bin4","Control",0,"BAM",612,"OJ26","Control"
"________CTCAACCAGACGGTCA-1","OJ1","Endothelial",NA,"M","age_bin4","Control",0,"Endothelial",8566,"OJ1","Control"
"________GATGTTGAGGACACTG-1","OJ1","Endothelial",NA,"M","age_bin4","Control",0,"Endothelial",6891,"OJ1","Control"
"________TCATTTGAGGAAAGGT-1","OJ1","Endothelial",NA,"M","age_bin4","Control",0,"Endothelial",6581,"OJ1","Control"
"________CACCAAAAGTAGAGTT-1","OJ1","Endothelial",NA,"M","age_bin4","Control",0,"Endothelial",5237,"OJ1","Control"
"________GTACAGTGTTATCCAG-1","OJ1","Endothelial",NA,"M","age_bin4","Control",0,"Endothelial",4950,"OJ1","Control"
"________TGTTCTACATCGTGGC-1","OJ1","Endothelial",NA,"M","age_bin4","Control",0,"Endothelial",4606,"OJ1","Control"
"________AGCCAATCAGAGTCAG-1","OJ1","Endothelial",NA,"M","age_bin4","Control",0,"Endothelial",4850,"OJ1","Control"
"________TCATGCCCACAGCCTG-1","OJ1","Endothelial",NA,"M","age_bin4","Control",0,"Endothelial",3934,"OJ1","Control"
"________GGGTCTGTCGACCAAT-1","OJ1","Endothelial",NA,"M","age_bin4","Control",0,"Endothelial",3604,"OJ1","Control"
"________GTATTTCTCCACATAG-1","OJ1","Endothelial",NA,"M","age_bin4","Control",0,"Endothelial",3502,"OJ1","Control"
"________TCACGGGGTAACATAG-1","OJ1","Endothelial",NA,"M","age_bin4","Control",0,"Endothelial",3554,"OJ1","Control"
"________AGCGCTGGTAACTGCT-1","OJ1","Endothelial",NA,"M","age_bin4","Control",0,"Endothelial",3442,"OJ1","Control"
"________ATACTTCCACTATGTG-1","OJ1","Endothelial",NA,"M","age_bin4","Control",0,"Endothelial",3447,"OJ1","Control"
"________AGTAACCGTCACTCAA-1","OJ1","Endothelial",NA,"M","age_bin4","Control",0,"Endothelial",2556,"OJ1","Control"
"________GCATTAGAGGTTAGTA-1","OJ1","Endothelial",NA,"M","age_bin4","Control",0,"Endothelial",2961,"OJ1","Control"
"________TGCGGCAGTTTCACAG-1","OJ1","Endothelial",NA,"M","age_bin4","Control",0,"Endothelial",2921,"OJ1","Control"
"________CGCAGGTTCTAGTGAC-1","OJ1","Endothelial",NA,"M","age_bin4","Control",0,"Endothelial",2861,"OJ1","Control"
"________CATCGTCGTCCTCATC-1","OJ1","Endothelial",NA,"M","age_bin4","Control",0,"Endothelial",2494,"OJ1","Control"
"________AATGAAGAGTAGTCAA-1","OJ1","Endothelial",NA,"M","age_bin4","Control",0,"Endothelial",1994,"OJ1","Control"
"________CATCGGGTCGTAGCTA-1","OJ1","Endothelial",NA,"M","age_bin4","Control",0,"Endothelial",1957,"OJ1","Control"
"________TGAACGTGTTGGGATG-1","OJ1","Endothelial",NA,"M","age_bin4","Control",0,"Endothelial",1833,"OJ1","Control"
"________AGACCATTCCTTCTAA-1","OJ1","Endothelial",NA,"M","age_bin4","Control",0,"Endothelial",1771,"OJ1","Control"
"________ACTGCAAAGCTACTAC-1","OJ1","Endothelial",NA,"M","age_bin4","Control",0,"Endothelial",1646,"OJ1","Control"
"________TCCTCTTAGGCGTTAG-1","OJ1","Endothelial",NA,"M","age_bin4","Control",0,"Endothelial",1552,"OJ1","Control"
"________TGTAAGCTCTGGACTA-1","OJ1","Endothelial",NA,"M","age_bin4","Control",0,"Endothelial",1448,"OJ1","Control"
"________TGAGCATTCAAACGTC-1","OJ1","Endothelial",NA,"M","age_bin4","Control",0,"Endothelial",1516,"OJ1","Control"
"________CATCCCACAAGGCAAC-1","OJ1","Endothelial",NA,"M","age_bin4","Control",0,"Endothelial",1550,"OJ1","Control"
"________AGATGCTGTTGCATGT-1","OJ1","Endothelial",NA,"M","age_bin4","Control",0,"Endothelial",1388,"OJ1","Control"
"________TGAATCGTCAAATAGG-1","OJ1","Endothelial",NA,"M","age_bin4","Control",0,"Endothelial",1264,"OJ1","Control"
"________TTCTAGTCAGGACTAG-1","OJ1","Endothelial",NA,"M","age_bin4","Control",0,"Endothelial",1271,"OJ1","Control"
"__OJ10_GTGTTCCTCAGAATAG-1","OJ10","OPC",NA,"M","age_bin2","Control",0,"OPC",758,"OJ10","Control"
"__OJ10_GTAATGCCACACCAGC-1","OJ10","OPC",NA,"M","age_bin2","Control",0,"OPC",676,"OJ10","Control"
"__OJ10_AATCGACCATAATGCC-1","OJ10","OPC",NA,"M","age_bin2","Control",0,"OPC",573,"OJ10","Control"
"__OJ10_CTCCCTCAGAGCTTTC-1","OJ10","OPC",NA,"M","age_bin2","Control",0,"OPC",671,"OJ10","Control"
"__OJ10_AGGGCCTAGTGGCAGT-1","OJ10","OPC",NA,"M","age_bin2","Control",0,"OPC",620,"OJ10","Control"
"__OJ10_TTAGTCTCACTATCCC-1","OJ10","OPC",NA,"M","age_bin2","Control",0,"OPC",685,"OJ10","Control"
"__OJ10_CATTCCGTCGAACACT-1","OJ10","OPC",NA,"M","age_bin2","Control",0,"OPC",639,"OJ10","Control"
"__OJ10_ATAGACCTCTCCACTG-1","OJ10","OPC",NA,"M","age_bin2","Control",0,"OPC",690,"OJ10","Control"
"__OJ10_TGGTACAAGTTACGAA-1","OJ10","OPC",NA,"M","age_bin2","Control",0,"OPC",592,"OJ10","Control"
"__OJ10_GCCAACGCAATGAACA-1","OJ10","OPC",NA,"M","age_bin2","Control",0,"OPC",666,"OJ10","Control"
"__OJ10_AGCCAGCAGCAGGCAT-1","OJ10","OPC",NA,"M","age_bin2","Control",0,"OPC",541,"OJ10","Control"
"__OJ10_CGCAGGTAGTGATAAC-1","OJ10","OPC",NA,"M","age_bin2","Control",0,"OPC",675,"OJ10","Control"
"__OJ10_GACTGATAGCTGACCC-1","OJ10","OPC",NA,"M","age_bin2","Control",0,"OPC",543,"OJ10","Control"
"__OJ10_ACCAACACACTGGACC-1","OJ10","OPC",NA,"M","age_bin2","Control",0,"OPC",546,"OJ10","Control"
"__OJ10_TGCTGAAGTTACCCTC-1","OJ10","OPC",NA,"M","age_bin2","Control",0,"OPC",583,"OJ10","Control"
"__OJ10_CTACTATTCTGTCCCA-1","OJ10","OPC",NA,"M","age_bin2","Control",0,"OPC",512,"OJ10","Control"
"__OJ10_GCGGATCCAGCGACCT-1","OJ10","OPC",NA,"M","age_bin2","Control",0,"OPC",565,"OJ10","Control"
"__OJ10_CAAGACTCAATTTCTC-1","OJ10","OPC",NA,"M","age_bin2","Control",0,"OPC",588,"OJ10","Control"
"__OJ10_CCTCAACTCCGAGCTG-1","OJ10","OPC",NA,"M","age_bin2","Control",0,"OPC",522,"OJ10","Control"
"__OJ10_GCCATGGGTTGCGAAG-1","OJ10","OPC",NA,"M","age_bin2","Control",0,"OPC",562,"OJ10","Control"
"__OJ10_ACGTCCTGTCGGCCTA-1","OJ10","OPC",NA,"M","age_bin2","Control",0,"OPC",533,"OJ10","Control"
"__OJ10_ACGGGTCCATTCTCCG-1","OJ10","OPC",NA,"M","age_bin2","Control",0,"OPC",501,"OJ10","Control"
"__OJ10_CCTGCATGTCTCACGG-1","OJ10","OPC",NA,"M","age_bin2","Control",0,"OPC",535,"OJ10","Control"
"__OJ10_AGAACAACATGGACAG-1","OJ10","OPC",NA,"M","age_bin2","Control",0,"OPC",509,"OJ10","Control"
"__OJ10_TTCTAACAGAACTGAT-1","OJ10","OPC",NA,"M","age_bin2","Control",0,"OPC",580,"OJ10","Control"
"__OJ10_AACAACCTCAATCCGA-1","OJ10","OPC",NA,"M","age_bin2","Control",0,"OPC",550,"OJ10","Control"
"__OJ10_CAAAGAATCGAAGTGG-1","OJ10","OPC",NA,"M","age_bin2","Control",0,"OPC",538,"OJ10","Control"
"__OJ10_CCCTTAGTCCATTTGT-1","OJ10","OPC",NA,"M","age_bin2","Control",0,"OPC",642,"OJ10","Control"
"__OJ10_AAGTGAAGTCAACATC-1","OJ10","OPC",NA,"M","age_bin2","Control",0,"OPC",503,"OJ10","Control"
"__OJ10_GCGTGCATCTGTCGTC-1","OJ10","OPC",NA,"M","age_bin2","Control",0,"OPC",518,"OJ10","Control"
"___GCTACCTGTGTAGGAC-1","OJ1","Oligo",NA,"M","age_bin4","Control",0,"Oligo",502,"OJ1","Control"
"___AACCACATCATGTCAG-1","OJ1","Oligo",NA,"M","age_bin4","Control",0,"Oligo",838,"OJ1","Control"
"___AGAACCTCACTCCTTG-1","OJ1","Oligo",NA,"M","age_bin4","Control",0,"Oligo",642,"OJ1","Control"
"___AATGCCATCCTGGTCT-1","OJ1","Oligo",NA,"M","age_bin4","Control",0,"Oligo",811,"OJ1","Control"
"___ATGCGATTCGGCATCG-1","OJ1","Oligo",NA,"M","age_bin4","Control",0,"Oligo",638,"OJ1","Control"
"___ATGCCTCCAGGAACCA-1","OJ1","Oligo",NA,"M","age_bin4","Control",0,"Oligo",597,"OJ1","Control"
"___CTGAATGTCTGATTCT-1","OJ1","Oligo",NA,"M","age_bin4","Control",0,"Oligo",1294,"OJ1","Control"
"___GTGCAGCCAGAGGCTA-1","OJ1","Oligo",NA,"M","age_bin4","Control",0,"Oligo",778,"OJ1","Control"
"___TTAGGCATCTTCCACG-1","OJ1","Oligo",NA,"M","age_bin4","Control",0,"Oligo",1083,"OJ1","Control"
"___GATGACTGTGGCATCC-1","OJ1","Oligo",NA,"M","age_bin4","Control",0,"Oligo",536,"OJ1","Control"
"___GTTGCTCTCTATGTGG-1","OJ1","Oligo",NA,"M","age_bin4","Control",0,"Oligo",652,"OJ1","Control"
"___GAGTTTGAGGATACAT-1","OJ1","Oligo",NA,"M","age_bin4","Control",0,"Oligo",510,"OJ1","Control"
"___CGTTGGGAGGGCAATC-1","OJ1","Oligo",NA,"M","age_bin4","Control",0,"Oligo",684,"OJ1","Control"
"___TGCGACGTCAAACCTG-1","OJ1","Oligo",NA,"M","age_bin4","Control",0,"Oligo",974,"OJ1","Control"
"___ATTTCTGGTGGGTATG-1","OJ1","Oligo",NA,"M","age_bin4","Control",0,"Oligo",795,"OJ1","Control"
"___CAGTGCGTCTATTCGT-1","OJ1","Oligo",NA,"M","age_bin4","Control",0,"Oligo",1087,"OJ1","Control"
"___AGGGTCCGTGGATACG-1","OJ1","Oligo",NA,"M","age_bin4","Control",0,"Oligo",690,"OJ1","Control"
"___TCTCACGTCCCTCTTT-1","OJ1","Oligo",NA,"M","age_bin4","Control",0,"Oligo",732,"OJ1","Control"
"___CAGATTGCAAGATCCT-1","OJ1","Oligo",NA,"M","age_bin4","Control",0,"Oligo",1992,"OJ1","Control"
"___CCTAACCCAGCTGTTA-1","OJ1","Oligo",NA,"M","age_bin4","Control",0,"Oligo",659,"OJ1","Control"
"___TATTCCATCCATCACC-1","OJ1","Oligo",NA,"M","age_bin4","Control",0,"Oligo",876,"OJ1","Control"
"___TTCTCTCTCGAGTACT-1","OJ1","Oligo",NA,"M","age_bin4","Control",0,"Oligo",710,"OJ1","Control"
"___GAGTTTGGTCCAAATC-1","OJ1","Oligo",NA,"M","age_bin4","Control",0,"Oligo",693,"OJ1","Control"
"___TATGTTCCACGGCCAT-1","OJ1","Oligo",NA,"M","age_bin4","Control",0,"Oligo",929,"OJ1","Control"
"___GCGGAAATCAACTACG-1","OJ1","Oligo",NA,"M","age_bin4","Control",0,"Oligo",2413,"OJ1","Control"
"___CACTAAGTCCCTCGTA-1","OJ1","Oligo",NA,"M","age_bin4","Control",0,"Oligo",1139,"OJ1","Control"
"___CTTCCTTCATAAGCGG-1","OJ1","Oligo",NA,"M","age_bin4","Control",0,"Oligo",738,"OJ1","Control"
"___GGTAACTTCTTCACGC-1","OJ1","Oligo",NA,"M","age_bin4","Control",0,"Oligo",886,"OJ1","Control"
"___CTCAAGATCAGATTGC-1","OJ1","Oligo",NA,"M","age_bin4","Control",0,"Oligo",501,"OJ1","Control"
"___CAGTTAGGTTGCATCA-1","OJ1","Oligo",NA,"M","age_bin4","Control",0,"Oligo",560,"OJ1","Control"
"________TGATTTCCACAGAAGC-1","OJ1","Tcells",NA,"M","age_bin4","Control",0,"Tcells",2661,"OJ1","Control"
"________TATGTTCTCGCTAATG-1","OJ1","Tcells",NA,"M","age_bin4","Control",0,"Tcells",1771,"OJ1","Control"
"________AAGCATCAGGTCCGAA-1","OJ1","Tcells",NA,"M","age_bin4","Control",0,"Tcells",1604,"OJ1","Control"
"________ACTTATCGTAGAATGT-1","OJ1","Tcells",NA,"M","age_bin4","Control",0,"Tcells",1169,"OJ1","Control"
"________ACCATTTCAGGTCCGT-1","OJ1","Tcells",NA,"M","age_bin4","Control",0,"Tcells",1530,"OJ1","Control"
"________GTCTACCTCAGTGTTG-1","OJ1","Tcells",NA,"M","age_bin4","Control",0,"Tcells",521,"OJ1","Control"
"________CGCAGGTAGTGATTCC-1","OJ1","Tcells",NA,"M","age_bin4","Control",0,"Tcells",656,"OJ1","Control"
"________ATGCCTCCATCGGCCA-1","OJ1","Tcells",NA,"M","age_bin4","Control",0,"Tcells",760,"OJ1","Control"
"________TATTTCGAGCTCATAC-1","OJ1","Tcells",NA,"M","age_bin4","Control",0,"Tcells",662,"OJ1","Control"
"________TGTAGACAGGCAGCTA-1","OJ1","Tcells",NA,"M","age_bin4","Control",0,"Tcells",626,"OJ1","Control"
"________CATACAGGTAAGTAGT-1","OJ1","Tcells",NA,"M","age_bin4","Control",0,"Tcells",791,"OJ1","Control"
"________GTCATTTAGGAAACGA-1","OJ1","Tcells",NA,"M","age_bin4","Control",0,"Tcells",513,"OJ1","Control"
"________GCAGGCTCATCGAACT-1","OJ1","Tcells",NA,"M","age_bin4","Control",0,"Tcells",1095,"OJ1","Control"
"________TACCGGGCACAAATAG-1","OJ1","Tcells",NA,"M","age_bin4","Control",0,"Tcells",737,"OJ1","Control"
"________TGGAACTCACTTGGGC-1","OJ1","Tcells",NA,"M","age_bin4","Control",0,"Tcells",594,"OJ1","Control"
"________ATCACTTTCTCCGATC-1","OJ1","Tcells",NA,"M","age_bin4","Control",0,"Tcells",814,"OJ1","Control"
"________CTGTATTAGTTCCATG-1","OJ1","Tcells",NA,"M","age_bin4","Control",0,"Tcells",543,"OJ1","Control"
"________AGAGAATGTGGTTTGT-1","OJ1","Tcells",NA,"M","age_bin4","Control",0,"Tcells",523,"OJ1","Control"
"_______OJ18_ACAGCCGTCACGAACT-1","OJ18","Tcells",NA,"M","age_bin4","PD",5,"Tcells",1603,"OJ18","PD"
"_______OJ18_TATTGCTGTGCAGATG-1","OJ18","Tcells",NA,"M","age_bin4","PD",5,"Tcells",1138,"OJ18","PD"
"_______OJ18_GTTGCGGGTGTTAACC-1","OJ18","Tcells",NA,"M","age_bin4","PD",5,"Tcells",982,"OJ18","PD"
"_______OJ18_CTAACCCAGCACCCAC-1","OJ18","Tcells",NA,"M","age_bin4","PD",5,"Tcells",1002,"OJ18","PD"
"_______OJ18_TCATGCCGTTCGTAAC-1","OJ18","Tcells",NA,"M","age_bin4","PD",5,"Tcells",856,"OJ18","PD"
"_______OJ18_GTAGAAAAGATGGTCG-1","OJ18","Tcells",NA,"M","age_bin4","PD",5,"Tcells",642,"OJ18","PD"
"_______OJ18_CACAGGCTCATGCATG-1","OJ18","Tcells",NA,"M","age_bin4","PD",5,"Tcells",683,"OJ18","PD"
"_______OJ18_TTGGGCGGTGGCCCAT-1","OJ18","Tcells",NA,"M","age_bin4","PD",5,"Tcells",752,"OJ18","PD"
"_______OJ18_TCAGCAATCCATAGGT-1","OJ18","Tcells",NA,"M","age_bin4","PD",5,"Tcells",881,"OJ18","PD"
"_______OJ18_AAGCGTTTCCTGTAAG-1","OJ18","Tcells",NA,"M","age_bin4","PD",5,"Tcells",528,"OJ18","PD"
"_______OJ18_TAGCACATCCGTTGAA-1","OJ18","Tcells",NA,"M","age_bin4","PD",5,"Tcells",574,"OJ18","PD"
"_______OJ18_AATCACGTCCAGTGCG-1","OJ18","Tcells",NA,"M","age_bin4","PD",5,"Tcells",575,"OJ18","PD"
"____OJ26_GATCCCTTCTCGAACA-1","OJ26","Astrocyte","Fibrous","F","age_bin4","Control",0,"astro_fibrous",1332,"OJ26","Control"
"____OJ26_AGAACAATCACTGCTC-1","OJ26","Astrocyte","Fibrous","F","age_bin4","Control",0,"astro_fibrous",1166,"OJ26","Control"
"____OJ26_AGGATAAAGGTCTGGA-1","OJ26","Astrocyte","Fibrous","F","age_bin4","Control",0,"astro_fibrous",1612,"OJ26","Control"
"____OJ26_CCTAAGAAGAAGGGAT-1","OJ26","Astrocyte","Fibrous","F","age_bin4","Control",0,"astro_fibrous",1468,"OJ26","Control"
"____OJ26_CCTTCAGCACGCGCTA-1","OJ26","Astrocyte","Fibrous","F","age_bin4","Control",0,"astro_fibrous",1375,"OJ26","Control"
"____OJ26_TACCTGCTCACCCTGT-1","OJ26","Astrocyte","Fibrous","F","age_bin4","Control",0,"astro_fibrous",1459,"OJ26","Control"
"____OJ26_GCATTAGCACCTCTGT-1","OJ26","Astrocyte","Fibrous","F","age_bin4","Control",0,"astro_fibrous",1278,"OJ26","Control"
"____OJ26_GAAGGACTCACAATGC-1","OJ26","Astrocyte","Fibrous","F","age_bin4","Control",0,"astro_fibrous",1335,"OJ26","Control"
"____OJ26_ATCACTTGTACGAAAT-1","OJ26","Astrocyte","Fibrous","F","age_bin4","Control",0,"astro_fibrous",1403,"OJ26","Control"
"____OJ26_CTCCCTCAGCTAAACA-1","OJ26","Astrocyte","Fibrous","F","age_bin4","Control",0,"astro_fibrous",1385,"OJ26","Control"
"____OJ26_GATGGAGCAACGCATT-1","OJ26","Astrocyte","Fibrous","F","age_bin4","Control",0,"astro_fibrous",1267,"OJ26","Control"
"____OJ26_CTACCCAGTAGGAGTC-1","OJ26","Astrocyte","Fibrous","F","age_bin4","Control",0,"astro_fibrous",632,"OJ26","Control"
"____OJ26_CTACCCAAGACATCCT-1","OJ26","Astrocyte","Fibrous","F","age_bin4","Control",0,"astro_fibrous",1387,"OJ26","Control"
"____OJ26_TTCTAACCACTATCGA-1","OJ26","Astrocyte","Fibrous","F","age_bin4","Control",0,"astro_fibrous",1260,"OJ26","Control"
"____OJ26_GATTCGACACCATAAC-1","OJ26","Astrocyte","Fibrous","F","age_bin4","Control",0,"astro_fibrous",1041,"OJ26","Control"
"____OJ26_TCCGATCTCCTTCACG-1","OJ26","Astrocyte","Fibrous","F","age_bin4","Control",0,"astro_fibrous",1150,"OJ26","Control"
"____OJ26_ATAGGCTCAAGCCTGC-1","OJ26","Astrocyte","Fibrous","F","age_bin4","Control",0,"astro_fibrous",671,"OJ26","Control"
"____OJ26_GTTGTGATCAAGAAAC-1","OJ26","Astrocyte","Fibrous","F","age_bin4","Control",0,"astro_fibrous",734,"OJ26","Control"
"____OJ26_TCTGCCATCCCACAGG-1","OJ26","Astrocyte","Fibrous","F","age_bin4","Control",0,"astro_fibrous",1248,"OJ26","Control"
"____OJ26_ATGTCCCCAAACTCGT-1","OJ26","Astrocyte","Fibrous","F","age_bin4","Control",0,"astro_fibrous",1241,"OJ26","Control"
"____OJ26_TTCTAGTTCGGAGCAA-1","OJ26","Astrocyte","Fibrous","F","age_bin4","Control",0,"astro_fibrous",879,"OJ26","Control"
"____OJ26_ATTGGGTAGATACAGT-1","OJ26","Astrocyte","Fibrous","F","age_bin4","Control",0,"astro_fibrous",1214,"OJ26","Control"
"____OJ26_TTTATGCTCTTGGTCC-1","OJ26","Astrocyte","Fibrous","F","age_bin4","Control",0,"astro_fibrous",1071,"OJ26","Control"
"____OJ26_CGAGGCTTCTACGCAA-1","OJ26","Astrocyte","Fibrous","F","age_bin4","Control",0,"astro_fibrous",1016,"OJ26","Control"
"____OJ26_GATTTCTGTACATTGC-1","OJ26","Astrocyte","Fibrous","F","age_bin4","Control",0,"astro_fibrous",1262,"OJ26","Control"
"____OJ26_CATAGACCAAACACCT-1","OJ26","Astrocyte","Fibrous","F","age_bin4","Control",0,"astro_fibrous",1223,"OJ26","Control"
"____OJ26_ATTCTACGTGTCCCTT-1","OJ26","Astrocyte","Fibrous","F","age_bin4","Control",0,"astro_fibrous",918,"OJ26","Control"
"____OJ26_TATTGGGTCGATGCTA-1","OJ26","Astrocyte","Fibrous","F","age_bin4","Control",0,"astro_fibrous",1128,"OJ26","Control"
"____OJ26_TACGGTAAGAACCGCA-1","OJ26","Astrocyte","Fibrous","F","age_bin4","Control",0,"astro_fibrous",1137,"OJ26","Control"
"____OJ26_GCTCAAATCCACAGCG-1","OJ26","Astrocyte","Fibrous","F","age_bin4","Control",0,"astro_fibrous",1095,"OJ26","Control"
"_____TTGGATGGTCACTCAA-1","OJ1","Astrocyte","Protoplasmic","M","age_bin4","Control",0,"astro_protoplasmic",1435,"OJ1","Control"
"_____AGACCCGAGATTAGCA-1","OJ1","Astrocyte","Protoplasmic","M","age_bin4","Control",0,"astro_protoplasmic",1282,"OJ1","Control"
"_____CTCCGATTCGCACGAC-1","OJ1","Astrocyte","Protoplasmic","M","age_bin4","Control",0,"astro_protoplasmic",1402,"OJ1","Control"
"_____AACACACGTACCGGAA-1","OJ1","Astrocyte","Protoplasmic","M","age_bin4","Control",0,"astro_protoplasmic",974,"OJ1","Control"
"_____GGGCCATTCCCTCATG-1","OJ1","Astrocyte","Protoplasmic","M","age_bin4","Control",0,"astro_protoplasmic",686,"OJ1","Control"
"_____TGGTGATTCCGCAACG-1","OJ1","Astrocyte","Protoplasmic","M","age_bin4","Control",0,"astro_protoplasmic",873,"OJ1","Control"
"_____CAGCCAGGTGCAGGAT-1","OJ1","Astrocyte","Protoplasmic","M","age_bin4","Control",0,"astro_protoplasmic",974,"OJ1","Control"
"_____CAGATCACACGACCTG-1","OJ1","Astrocyte","Protoplasmic","M","age_bin4","Control",0,"astro_protoplasmic",1155,"OJ1","Control"
"_____AGAGCAGCAACCTAAC-1","OJ1","Astrocyte","Protoplasmic","M","age_bin4","Control",0,"astro_protoplasmic",841,"OJ1","Control"
"_____GCTCAAAGTACCCAGC-1","OJ1","Astrocyte","Protoplasmic","M","age_bin4","Control",0,"astro_protoplasmic",804,"OJ1","Control"
"_____CATCCGTAGTAGACAT-1","OJ1","Astrocyte","Protoplasmic","M","age_bin4","Control",0,"astro_protoplasmic",903,"OJ1","Control"
"_____TTAATCCAGGGCAGGA-1","OJ1","Astrocyte","Protoplasmic","M","age_bin4","Control",0,"astro_protoplasmic",817,"OJ1","Control"
"_____AACCACACATTGACTG-1","OJ1","Astrocyte","Protoplasmic","M","age_bin4","Control",0,"astro_protoplasmic",679,"OJ1","Control"
"_____CACGTTCCAGGTGTGA-1","OJ1","Astrocyte","Protoplasmic","M","age_bin4","Control",0,"astro_protoplasmic",772,"OJ1","Control"
"_____GATCCCTCAGAGGCTA-1","OJ1","Astrocyte","Protoplasmic","M","age_bin4","Control",0,"astro_protoplasmic",725,"OJ1","Control"
"_____CTACATTCACTGTCCT-1","OJ1","Astrocyte","Protoplasmic","M","age_bin4","Control",0,"astro_protoplasmic",912,"OJ1","Control"
"_____TGCATGACATACCGTA-1","OJ1","Astrocyte","Protoplasmic","M","age_bin4","Control",0,"astro_protoplasmic",843,"OJ1","Control"
"_____CCCGGAATCGAACCTA-1","OJ1","Astrocyte","Protoplasmic","M","age_bin4","Control",0,"astro_protoplasmic",600,"OJ1","Control"
"_____GCAACCGGTATTTCCT-1","OJ1","Astrocyte","Protoplasmic","M","age_bin4","Control",0,"astro_protoplasmic",652,"OJ1","Control"
"_____GTGCAGCCAACGGCCT-1","OJ1","Astrocyte","Protoplasmic","M","age_bin4","Control",0,"astro_protoplasmic",735,"OJ1","Control"
"_____AATTTCCTCTATTTCG-1","OJ1","Astrocyte","Protoplasmic","M","age_bin4","Control",0,"astro_protoplasmic",718,"OJ1","Control"
"_____CGACAGCGTTCAAGTC-1","OJ1","Astrocyte","Protoplasmic","M","age_bin4","Control",0,"astro_protoplasmic",691,"OJ1","Control"
"_____AAGCATCCACCACATA-1","OJ1","Astrocyte","Protoplasmic","M","age_bin4","Control",0,"astro_protoplasmic",594,"OJ1","Control"
"_____GCACGTGCATACTTTC-1","OJ1","Astrocyte","Protoplasmic","M","age_bin4","Control",0,"astro_protoplasmic",819,"OJ1","Control"
"_____TGTCCACCATCCGCGA-1","OJ1","Astrocyte","Protoplasmic","M","age_bin4","Control",0,"astro_protoplasmic",615,"OJ1","Control"
"_____CATTGCCCACAGTACT-1","OJ1","Astrocyte","Protoplasmic","M","age_bin4","Control",0,"astro_protoplasmic",543,"OJ1","Control"
"_____GCGTTTCAGGCATCGA-1","OJ1","Astrocyte","Protoplasmic","M","age_bin4","Control",0,"astro_protoplasmic",695,"OJ1","Control"
"_____TGATTCTCAGGAGGAG-1","OJ1","Astrocyte","Protoplasmic","M","age_bin4","Control",0,"astro_protoplasmic",760,"OJ1","Control"
"_____TCGGTCTAGTAACCTC-1","OJ1","Astrocyte","Protoplasmic","M","age_bin4","Control",0,"astro_protoplasmic",936,"OJ1","Control"
"_____AACAGGGCAACGCATT-1","OJ1","Astrocyte","Protoplasmic","M","age_bin4","Control",0,"astro_protoplasmic",654,"OJ1","Control"
"________GTTAGACAGAGGACTC-1","OJ1","Myeloid","Baseline","M","age_bin4","Control",0,"microglia_homeostatic",3868,"OJ1","Control"
"________CTCAACCTCACACCGG-1","OJ1","Myeloid","Baseline","M","age_bin4","Control",0,"microglia_homeostatic",2730,"OJ1","Control"
"________AAAGGATGTGGGTCAA-1","OJ1","Myeloid","Baseline","M","age_bin4","Control",0,"microglia_homeostatic",2192,"OJ1","Control"
"________ATATCCTCACAAGCAG-1","OJ1","Myeloid","Baseline","M","age_bin4","Control",0,"microglia_homeostatic",1530,"OJ1","Control"
"________TAACTTCCAATTCACG-1","OJ1","Myeloid","Baseline","M","age_bin4","Control",0,"microglia_homeostatic",2201,"OJ1","Control"
"________AACCTTTGTGGGACAT-1","OJ1","Myeloid","Baseline","M","age_bin4","Control",0,"microglia_homeostatic",1703,"OJ1","Control"
"________TATGTTCAGAGGATCC-1","OJ1","Myeloid","Baseline","M","age_bin4","Control",0,"microglia_homeostatic",1907,"OJ1","Control"
"________TGTAACGGTATGGAGC-1","OJ1","Myeloid","Baseline","M","age_bin4","Control",0,"microglia_homeostatic",1385,"OJ1","Control"
"________TATACCTTCTACCTTA-1","OJ1","Myeloid","Baseline","M","age_bin4","Control",0,"microglia_homeostatic",1811,"OJ1","Control"
"________AGGCTGCAGAAATTGC-1","OJ1","Myeloid","Baseline","M","age_bin4","Control",0,"microglia_homeostatic",1596,"OJ1","Control"
"________GATTTCTTCTTCTGGC-1","OJ1","Myeloid","Baseline","M","age_bin4","Control",0,"microglia_homeostatic",1821,"OJ1","Control"
"________CCTGTTGAGCACTTTG-1","OJ1","Myeloid","Baseline","M","age_bin4","Control",0,"microglia_homeostatic",1636,"OJ1","Control"
"________ACAAGCTCAGGTATGG-1","OJ1","Myeloid","Baseline","M","age_bin4","Control",0,"microglia_homeostatic",738,"OJ1","Control"
"________TCACGCTGTTAAACCC-1","OJ1","Myeloid","Baseline","M","age_bin4","Control",0,"microglia_homeostatic",1654,"OJ1","Control"
"________ATACCTTGTAGCGCTC-1","OJ1","Myeloid","Baseline","M","age_bin4","Control",0,"microglia_homeostatic",872,"OJ1","Control"
"________CCATAAGTCTCAGAAC-1","OJ1","Myeloid","Baseline","M","age_bin4","Control",0,"microglia_homeostatic",1299,"OJ1","Control"
"________CACTAAGTCCATCGTC-1","OJ1","Myeloid","Baseline","M","age_bin4","Control",0,"microglia_homeostatic",1497,"OJ1","Control"
"________TTGCATTTCTGTGCGG-1","OJ1","Myeloid","Baseline","M","age_bin4","Control",0,"microglia_homeostatic",1559,"OJ1","Control"
"________AGGATCTTCGGAACTT-1","OJ1","Myeloid","Baseline","M","age_bin4","Control",0,"microglia_homeostatic",1426,"OJ1","Control"
"________GCCATGGCACTTGAGT-1","OJ1","Myeloid","Baseline","M","age_bin4","Control",0,"microglia_homeostatic",1134,"OJ1","Control"
"________GAAGTAACACCGTACG-1","OJ1","Myeloid","Baseline","M","age_bin4","Control",0,"microglia_homeostatic",1343,"OJ1","Control"
"________TGACGCGCAGCGTGCT-1","OJ1","Myeloid","Baseline","M","age_bin4","Control",0,"microglia_homeostatic",707,"OJ1","Control"
"________CCGGTAGGTCAGTCCG-1","OJ1","Myeloid","Baseline","M","age_bin4","Control",0,"microglia_homeostatic",983,"OJ1","Control"
"________GCCATGGCATCCGATA-1","OJ1","Myeloid","Baseline","M","age_bin4","Control",0,"microglia_homeostatic",1187,"OJ1","Control"
"________TCACATTGTTTCCCAC-1","OJ1","Myeloid","Baseline","M","age_bin4","Control",0,"microglia_homeostatic",1532,"OJ1","Control"
"________CTCCCAATCTTCTGTA-1","OJ1","Myeloid","Baseline","M","age_bin4","Control",0,"microglia_homeostatic",948,"OJ1","Control"
"________AGAAATGAGGCCCACT-1","OJ1","Myeloid","Baseline","M","age_bin4","Control",0,"microglia_homeostatic",1166,"OJ1","Control"
"________CGAGTGCGTTGGGATG-1","OJ1","Myeloid","Baseline","M","age_bin4","Control",0,"microglia_homeostatic",1338,"OJ1","Control"
"________GCAGGCTTCAAGTGGG-1","OJ1","Myeloid","Baseline","M","age_bin4","Control",0,"microglia_homeostatic",1482,"OJ1","Control"
"________TCAATTCAGCAATAGT-1","OJ1","Myeloid","Baseline","M","age_bin4","Control",0,"microglia_homeostatic",934,"OJ1","Control"
"________AACGTCAAGTCGCGAA-1","OJ1","Myeloid","Activated","M","age_bin4","Control",0,"microglia_mhc2",972,"OJ1","Control"
"________ATACCTTAGTGCAGGT-1","OJ1","Myeloid","Activated","M","age_bin4","Control",0,"microglia_mhc2",1082,"OJ1","Control"
"________AACCACATCATCGCCT-1","OJ1","Myeloid","Activated","M","age_bin4","Control",0,"microglia_mhc2",1312,"OJ1","Control"
"________GGTCTGGTCATTTGGG-1","OJ1","Myeloid","Activated","M","age_bin4","Control",0,"microglia_mhc2",931,"OJ1","Control"
"________TTGCTGCAGAATTGCA-1","OJ1","Myeloid","Activated","M","age_bin4","Control",0,"microglia_mhc2",1337,"OJ1","Control"
"________AGAACCTCAGTTTCAG-1","OJ1","Myeloid","Activated","M","age_bin4","Control",0,"microglia_mhc2",941,"OJ1","Control"
"________ATCGGATCATCGGTTA-1","OJ1","Myeloid","Activated","M","age_bin4","Control",0,"microglia_mhc2",901,"OJ1","Control"
"________GGATCTATCGTCACCT-1","OJ1","Myeloid","Activated","M","age_bin4","Control",0,"microglia_mhc2",1162,"OJ1","Control"
"________CTCATCGAGGCCATAG-1","OJ1","Myeloid","Activated","M","age_bin4","Control",0,"microglia_mhc2",1234,"OJ1","Control"
"________CGTAATGCATGCTGCG-1","OJ1","Myeloid","Activated","M","age_bin4","Control",0,"microglia_mhc2",852,"OJ1","Control"
"________ACTATGGCATAGTCAC-1","OJ1","Myeloid","Activated","M","age_bin4","Control",0,"microglia_mhc2",1244,"OJ1","Control"
"________TCAGCAAAGTCAGCCC-1","OJ1","Myeloid","Activated","M","age_bin4","Control",0,"microglia_mhc2",1048,"OJ1","Control"
"________TGACAGTTCCTTTAGT-1","OJ1","Myeloid","Activated","M","age_bin4","Control",0,"microglia_mhc2",703,"OJ1","Control"
"________ACTTATCTCCCGTGTT-1","OJ1","Myeloid","Activated","M","age_bin4","Control",0,"microglia_mhc2",656,"OJ1","Control"
"________CTGAGGCGTCTGTGCG-1","OJ1","Myeloid","Activated","M","age_bin4","Control",0,"microglia_mhc2",736,"OJ1","Control"
"________CTGAGGCGTAACACGG-1","OJ1","Myeloid","Activated","M","age_bin4","Control",0,"microglia_mhc2",624,"OJ1","Control"
"________AACAAAGTCATCCCGT-1","OJ1","Myeloid","Activated","M","age_bin4","Control",0,"microglia_mhc2",711,"OJ1","Control"
"________CATCAAGTCCATTTGT-1","OJ1","Myeloid","Activated","M","age_bin4","Control",0,"microglia_mhc2",1108,"OJ1","Control"
"________TAACACGCACTTCAAG-1","OJ1","Myeloid","Activated","M","age_bin4","Control",0,"microglia_mhc2",501,"OJ1","Control"
"________GTAGTACTCTCAATCT-1","OJ1","Myeloid","Activated","M","age_bin4","Control",0,"microglia_mhc2",845,"OJ1","Control"
"________TACCTGCTCCACAGGC-1","OJ1","Myeloid","Activated","M","age_bin4","Control",0,"microglia_mhc2",604,"OJ1","Control"
"________TTCGATTCAGGCATTT-1","OJ1","Myeloid","Activated","M","age_bin4","Control",0,"microglia_mhc2",843,"OJ1","Control"
"________GAGAAATAGCGGATCA-1","OJ1","Myeloid","Activated","M","age_bin4","Control",0,"microglia_mhc2",732,"OJ1","Control"
"________AAGTGAACAGAAATCA-1","OJ1","Myeloid","Activated","M","age_bin4","Control",0,"microglia_mhc2",617,"OJ1","Control"
"________GGCAGTCCAACGCCCA-1","OJ1","Myeloid","Activated","M","age_bin4","Control",0,"microglia_mhc2",767,"OJ1","Control"
"________TTCCGGTTCCATCCGT-1","OJ1","Myeloid","Activated","M","age_bin4","Control",0,"microglia_mhc2",637,"OJ1","Control"
"________TCATATCCAACAGCTT-1","OJ1","Myeloid","Activated","M","age_bin4","Control",0,"microglia_mhc2",779,"OJ1","Control"
"________CTTCGGTGTTGGCCGT-1","OJ1","Myeloid","Activated","M","age_bin4","Control",0,"microglia_mhc2",798,"OJ1","Control"
"________TAACGACCAATAACGA-1","OJ1","Myeloid","Activated","M","age_bin4","Control",0,"microglia_mhc2",620,"OJ1","Control"
"________GGAGCAAGTCTTCTAT-1","OJ1","Myeloid","Activated","M","age_bin4","Control",0,"microglia_mhc2",542,"OJ1","Control"
"________CGCCATTAGCTGGAGT-1","OJ1","Neuron","GABEergic","M","age_bin4","Control",0,"neuron_GABAergic",8288,"OJ1","Control"
"________CTCGAGGTCGAAGCAG-1","OJ1","Neuron","GABEergic","M","age_bin4","Control",0,"neuron_GABAergic",8020,"OJ1","Control"
"________GGTCTGGCAGAATTCC-1","OJ1","Neuron","GABEergic","M","age_bin4","Control",0,"neuron_GABAergic",5748,"OJ1","Control"
"________AAGACTCCACCAAAGG-1","OJ1","Neuron","GABEergic","M","age_bin4","Control",0,"neuron_GABAergic",4659,"OJ1","Control"
"________ATTGTTCAGGCTAGCA-1","OJ1","Neuron","GABEergic","M","age_bin4","Control",0,"neuron_GABAergic",3987,"OJ1","Control"
"________AGACCATAGCGTTAGG-1","OJ1","Neuron","GABEergic","M","age_bin4","Control",0,"neuron_GABAergic",3434,"OJ1","Control"
"________AAAGTCCGTGTTCGAT-1","OJ1","Neuron","GABEergic","M","age_bin4","Control",0,"neuron_GABAergic",3311,"OJ1","Control"
"________AGTAACCCACCGCTGA-1","OJ1","Neuron","GABEergic","M","age_bin4","Control",0,"neuron_GABAergic",3174,"OJ1","Control"
"________TGGAGAGAGGGAACAA-1","OJ1","Neuron","GABEergic","M","age_bin4","Control",0,"neuron_GABAergic",2969,"OJ1","Control"
"________CACAACAAGGGTTTCT-1","OJ1","Neuron","GABEergic","M","age_bin4","Control",0,"neuron_GABAergic",2993,"OJ1","Control"
"________CACCAAAGTATTCTCT-1","OJ1","Neuron","GABEergic","M","age_bin4","Control",0,"neuron_GABAergic",2662,"OJ1","Control"
"________GGAAGTGCAGTCAGTT-1","OJ1","Neuron","GABEergic","M","age_bin4","Control",0,"neuron_GABAergic",2471,"OJ1","Control"
"________TCATATCCACATTGTG-1","OJ1","Neuron","GABEergic","M","age_bin4","Control",0,"neuron_GABAergic",2222,"OJ1","Control"
"________TTGGGATAGAATCCCT-1","OJ1","Neuron","GABEergic","M","age_bin4","Control",0,"neuron_GABAergic",2414,"OJ1","Control"
"________CCGCAAGAGAGAATCT-1","OJ1","Neuron","GABEergic","M","age_bin4","Control",0,"neuron_GABAergic",2241,"OJ1","Control"
"________TTGCCTGGTGTCTCCT-1","OJ1","Neuron","GABEergic","M","age_bin4","Control",0,"neuron_GABAergic",2269,"OJ1","Control"
"________TCGCTCATCGGTGCAC-1","OJ1","Neuron","GABEergic","M","age_bin4","Control",0,"neuron_GABAergic",2200,"OJ1","Control"
"________TGTGTGACATACCGTA-1","OJ1","Neuron","GABEergic","M","age_bin4","Control",0,"neuron_GABAergic",1873,"OJ1","Control"
"________CTCCCTCCAGAACTCT-1","OJ1","Neuron","GABEergic","M","age_bin4","Control",0,"neuron_GABAergic",1879,"OJ1","Control"
"________CAGCCAGGTGAGGATC-1","OJ1","Neuron","GABEergic","M","age_bin4","Control",0,"neuron_GABAergic",1843,"OJ1","Control"
"________AGTTCGACAAAGGGTC-1","OJ1","Neuron","GABEergic","M","age_bin4","Control",0,"neuron_GABAergic",1888,"OJ1","Control"
"________CGTTAGATCGAGCCTG-1","OJ1","Neuron","GABEergic","M","age_bin4","Control",0,"neuron_GABAergic",1755,"OJ1","Control"
"________CCACACTGTATGGAGC-1","OJ1","Neuron","GABEergic","M","age_bin4","Control",0,"neuron_GABAergic",1722,"OJ1","Control"
"________AACCATGCATCGCTGG-1","OJ1","Neuron","GABEergic","M","age_bin4","Control",0,"neuron_GABAergic",1569,"OJ1","Control"
"________AAACGCTTCCTACACC-1","OJ1","Neuron","GABEergic","M","age_bin4","Control",0,"neuron_GABAergic",1636,"OJ1","Control"
"________GTGGTTACATTGACTG-1","OJ1","Neuron","GABEergic","M","age_bin4","Control",0,"neuron_GABAergic",1564,"OJ1","Control"
"________GCCGTGATCAGCGCAC-1","OJ1","Neuron","GABEergic","M","age_bin4","Control",0,"neuron_GABAergic",1550,"OJ1","Control"
"________TTGGGTACAACGTTAC-1","OJ1","Neuron","GABEergic","M","age_bin4","Control",0,"neuron_GABAergic",1549,"OJ1","Control"
"________TATATCCTCGTTCAGA-1","OJ1","Neuron","GABEergic","M","age_bin4","Control",0,"neuron_GABAergic",1431,"OJ1","Control"
"________GGGTGTCTCTTGCAGA-1","OJ1","Neuron","GABEergic","M","age_bin4","Control",0,"neuron_GABAergic",1566,"OJ1","Control"
"________AAAGGGCTCAAGCCCG-1","OJ1","Neuron","MEG3_Interneurons","M","age_bin4","Control",0,"neuron_MEG3",2877,"OJ1","Control"
"________TGTTGGACACCTCTGT-1","OJ1","Neuron","MEG3_Interneurons","M","age_bin4","Control",0,"neuron_MEG3",1817,"OJ1","Control"
"________GGAGGTATCCTTGAAG-1","OJ1","Neuron","MEG3_Interneurons","M","age_bin4","Control",0,"neuron_MEG3",2091,"OJ1","Control"
"________ATGGATCCACCAAATC-1","OJ1","Neuron","MEG3_Interneurons","M","age_bin4","Control",0,"neuron_MEG3",3802,"OJ1","Control"
"________GTTACCCGTACGCTTA-1","OJ1","Neuron","MEG3_Interneurons","M","age_bin4","Control",0,"neuron_MEG3",2455,"OJ1","Control"
"________AGGGTCCTCCCTTCCC-1","OJ1","Neuron","MEG3_Interneurons","M","age_bin4","Control",0,"neuron_MEG3",3033,"OJ1","Control"
"________CTCCTCCTCCTGGTCT-1","OJ1","Neuron","MEG3_Interneurons","M","age_bin4","Control",0,"neuron_MEG3",2620,"OJ1","Control"
"________CCAAGCGAGCATGGGT-1","OJ1","Neuron","MEG3_Interneurons","M","age_bin4","Control",0,"neuron_MEG3",2594,"OJ1","Control"
"________TTCACGCGTCCATCTC-1","OJ1","Neuron","MEG3_Interneurons","M","age_bin4","Control",0,"neuron_MEG3",1392,"OJ1","Control"
"________CATACTTTCGAATCCA-1","OJ1","Neuron","MEG3_Interneurons","M","age_bin4","Control",0,"neuron_MEG3",12906,"OJ1","Control"
"________ATAGAGATCGGCATTA-1","OJ1","Neuron","MEG3_Interneurons","M","age_bin4","Control",0,"neuron_MEG3",2018,"OJ1","Control"
"________ACTATTCAGACAAGCC-1","OJ1","Neuron","MEG3_Interneurons","M","age_bin4","Control",0,"neuron_MEG3",6846,"OJ1","Control"
"________TACGGTACAAGGTCTT-1","OJ1","Neuron","MEG3_Interneurons","M","age_bin4","Control",0,"neuron_MEG3",2569,"OJ1","Control"
"________TCAGTGATCAGCTTGA-1","OJ1","Neuron","MEG3_Interneurons","M","age_bin4","Control",0,"neuron_MEG3",1922,"OJ1","Control"
"________TGGATCACACTCGATA-1","OJ1","Neuron","MEG3_Interneurons","M","age_bin4","Control",0,"neuron_MEG3",3556,"OJ1","Control"
"________AACTTCTTCTCTTCAA-1","OJ1","Neuron","MEG3_Interneurons","M","age_bin4","Control",0,"neuron_MEG3",3553,"OJ1","Control"
"________CGAATTGTCGCAGTCG-1","OJ1","Neuron","MEG3_Interneurons","M","age_bin4","Control",0,"neuron_MEG3",5628,"OJ1","Control"
"________AGGCCACAGACCTCAT-1","OJ1","Neuron","MEG3_Interneurons","M","age_bin4","Control",0,"neuron_MEG3",2353,"OJ1","Control"
"________TCTACATGTTCGGGTC-1","OJ1","Neuron","MEG3_Interneurons","M","age_bin4","Control",0,"neuron_MEG3",3566,"OJ1","Control"
"________CTCCCTCAGCTTCATG-1","OJ1","Neuron","MEG3_Interneurons","M","age_bin4","Control",0,"neuron_MEG3",5433,"OJ1","Control"
"________GCCAGTGGTAGAGGAA-1","OJ1","Neuron","MEG3_Interneurons","M","age_bin4","Control",0,"neuron_MEG3",1926,"OJ1","Control"
"________TTCACGCCAGAACTAA-1","OJ1","Neuron","MEG3_Interneurons","M","age_bin4","Control",0,"neuron_MEG3",6630,"OJ1","Control"
"________CAGCACGAGGGTCAAC-1","OJ1","Neuron","MEG3_Interneurons","M","age_bin4","Control",0,"neuron_MEG3",877,"OJ1","Control"
"________TGGGCGTAGGTATAGT-1","OJ1","Neuron","MEG3_Interneurons","M","age_bin4","Control",0,"neuron_MEG3",3176,"OJ1","Control"
"________ATCCGTCCAGCGGTCT-1","OJ1","Neuron","MEG3_Interneurons","M","age_bin4","Control",0,"neuron_MEG3",2378,"OJ1","Control"
"________ATTACCTGTGCCTAAT-1","OJ1","Neuron","MEG3_Interneurons","M","age_bin4","Control",0,"neuron_MEG3",4390,"OJ1","Control"
"________ATCTTCAAGACCCGCT-1","OJ1","Neuron","MEG3_Interneurons","M","age_bin4","Control",0,"neuron_MEG3",2333,"OJ1","Control"
"________GAACGTTAGTGCAAAT-1","OJ1","Neuron","MEG3_Interneurons","M","age_bin4","Control",0,"neuron_MEG3",2050,"OJ1","Control"
"________TTCCACGGTACGACTT-1","OJ1","Neuron","MEG3_Interneurons","M","age_bin4","Control",0,"neuron_MEG3",2719,"OJ1","Control"
"________GTTAGTGCAACTACGT-1","OJ1","Neuron","MEG3_Interneurons","M","age_bin4","Control",0,"neuron_MEG3",1860,"OJ1","Control"
"________AATCGTGGTTGCTTGA-1","OJ1","Neuron","Dopaminergic","M","age_bin4","Control",0,"neuron_dopaminergic",1896,"OJ1","Control"
"________TTCCACGCACCAGCTG-1","OJ1","Neuron","Dopaminergic","M","age_bin4","Control",0,"neuron_dopaminergic",1108,"OJ1","Control"
"________ACGGTTAGTGGATCGA-1","OJ1","Neuron","Dopaminergic","M","age_bin4","Control",0,"neuron_dopaminergic",1048,"OJ1","Control"
"________AAACGCTTCAAGTAAG-1","OJ1","Neuron","Dopaminergic","M","age_bin4","Control",0,"neuron_dopaminergic",1376,"OJ1","Control"
"________CTCAACCAGACTCATC-1","OJ1","Neuron","Dopaminergic","M","age_bin4","Control",0,"neuron_dopaminergic",1784,"OJ1","Control"
"________CCTAAGAGTGACACAG-1","OJ1","Neuron","Dopaminergic","M","age_bin4","Control",0,"neuron_dopaminergic",1776,"OJ1","Control"
"________CTTCAATCACCCAACG-1","OJ1","Neuron","Dopaminergic","M","age_bin4","Control",0,"neuron_dopaminergic",553,"OJ1","Control"
"________ACAAAGAAGGATCATA-1","OJ1","Neuron","Dopaminergic","M","age_bin4","Control",0,"neuron_dopaminergic",1816,"OJ1","Control"
"________AACACACAGCGAGTCA-1","OJ1","Neuron","Dopaminergic","M","age_bin4","Control",0,"neuron_dopaminergic",744,"OJ1","Control"
"________AGGTCTAAGGGTCAAC-1","OJ1","Neuron","Dopaminergic","M","age_bin4","Control",0,"neuron_dopaminergic",4871,"OJ1","Control"
"________GGGTAGATCCAGTGTA-1","OJ1","Neuron","Dopaminergic","M","age_bin4","Control",0,"neuron_dopaminergic",938,"OJ1","Control"
"________GTTCCGTTCGAGTGAG-1","OJ1","Neuron","Dopaminergic","M","age_bin4","Control",0,"neuron_dopaminergic",580,"OJ1","Control"
"________TGGAGGAAGCCGTTGC-1","OJ1","Neuron","Dopaminergic","M","age_bin4","Control",0,"neuron_dopaminergic",2844,"OJ1","Control"
"________AGTGTTGGTCAAGCCC-1","OJ1","Neuron","Dopaminergic","M","age_bin4","Control",0,"neuron_dopaminergic",965,"OJ1","Control"
"________TGAATCGTCGTGCTCT-1","OJ1","Neuron","Dopaminergic","M","age_bin4","Control",0,"neuron_dopaminergic",809,"OJ1","Control"
"________AACAAGATCTCCCTAG-1","OJ1","Neuron","Dopaminergic","M","age_bin4","Control",0,"neuron_dopaminergic",623,"OJ1","Control"
"________CATCGTCGTCGCTTGG-1","OJ1","Neuron","Dopaminergic","M","age_bin4","Control",0,"neuron_dopaminergic",2305,"OJ1","Control"
"________CACACAATCGGTGTAT-1","OJ1","Neuron","Dopaminergic","M","age_bin4","Control",0,"neuron_dopaminergic",1565,"OJ1","Control"
"________GGGCTACCAACTTGCA-1","OJ1","Neuron","Dopaminergic","M","age_bin4","Control",0,"neuron_dopaminergic",2614,"OJ1","Control"
"________TTACGCCGTGAACGGT-1","OJ1","Neuron","Dopaminergic","M","age_bin4","Control",0,"neuron_dopaminergic",1972,"OJ1","Control"
"________CCTCAGTCACTCCCTA-1","OJ1","Neuron","Dopaminergic","M","age_bin4","Control",0,"neuron_dopaminergic",1123,"OJ1","Control"
"________TCTGTCGGTACAGTTC-1","OJ1","Neuron","Dopaminergic","M","age_bin4","Control",0,"neuron_dopaminergic",2134,"OJ1","Control"
"________TGGCGTGTCCGAGTGC-1","OJ1","Neuron","Dopaminergic","M","age_bin4","Control",0,"neuron_dopaminergic",946,"OJ1","Control"
"________GTTCGCTAGCCTTTCC-1","OJ1","Neuron","Dopaminergic","M","age_bin4","Control",0,"neuron_dopaminergic",894,"OJ1","Control"
"________ATGCCTCGTGAGTCAG-1","OJ1","Neuron","Dopaminergic","M","age_bin4","Control",0,"neuron_dopaminergic",1779,"OJ1","Control"
"________GACATCACACCCTAGG-1","OJ1","Neuron","Dopaminergic","M","age_bin4","Control",0,"neuron_dopaminergic",979,"OJ1","Control"
"________TTTACCATCATTCTTG-1","OJ1","Neuron","Dopaminergic","M","age_bin4","Control",0,"neuron_dopaminergic",889,"OJ1","Control"
"________TCAGGTAAGTTACTCG-1","OJ1","Neuron","Dopaminergic","M","age_bin4","Control",0,"neuron_dopaminergic",1811,"OJ1","Control"
"________TACGTCCTCATGCATG-1","OJ1","Neuron","Dopaminergic","M","age_bin4","Control",0,"neuron_dopaminergic",770,"OJ1","Control"
"________GGTCACGTCTCTCGAC-1","OJ1","Neuron","Dopaminergic","M","age_bin4","Control",0,"neuron_dopaminergic",857,"OJ1","Control"
