抗原,基因,代表血细胞状态,代表脑细胞状态,临床药物示例,曾获批且库中未标撤回的药物示例,随机程序q,同细胞脑疾病q,程序遗传q_非门槛,丰度调节假说_不等于药物效应,蛋白预测rho_非门槛,种子同向比例_非门槛,支持程序数,血细胞状态,脑细胞状态
CD184,CXCR4,classical_mono,astro,MAVORIXAFOR;PLERIXAFOR;BALIXAFORTIDE;MOTIXAFORTIDE;BURIXAFOR;CTCE-9908,MAVORIXAFOR;PLERIXAFOR,0.00042204193984,7.533046902421794e-05,0.9408764799882716,decrease,0.0176001679875861,0.6,4,cDC;classical_mono;pDC,astro
CD38,CD38,cDC,astro,DARATUMUMAB;ISATUXIMAB;FELZARTAMAB;MEZAGITAMAB,DARATUMUMAB;ISATUXIMAB,0.00042204193984,7.533046902421794e-05,0.0526883785714285,decrease,0.250151420270521,0.8,24,cDC;classical_mono;nonclassical_mono;pDC,astro;microglia_mhc2
CD11a/CD18,ITGAL;ITGB2,cDC,astro,LIFITEGRAST;ODULIMOMAB;ERLIZUMAB;MLNM-2201;ROVELIZUMAB;MLN-01,LIFITEGRAST,0.00042204193984,0.0001052883853396,0.1365148454332552,increase,0.0690142051057614,0.8,7,cDC;classical_mono;nonclassical_mono;pDC,astro;microglia_mhc2
CD195,CCR5,nonclassical_mono,astro,MARAVIROC;APLAVIROC HYDROCHLORIDE;CENICRIVIROC;LERONLIMAB;VICRIVIROC MALEATE;AZD5672,MARAVIROC,0.00042204193984,0.0001052883853396,0.5269492384981491,increase,0.1090468222371319,1.0,5,cDC;classical_mono;nonclassical_mono,astro;microglia_mhc2
CD2,CD2,cDC,astro,ALEFACEPT;SIPLIZUMAB,ALEFACEPT,0.00042204193984,0.0001052883853396,0.3984691890080429,decrease,0.1108907840577732,1.0,8,cDC;pDC,astro;microglia_mhc2
CD26,DPP4,pDC,astro,ALOGLIPTIN BENZOATE;ANAGLIPTIN;EVOGLIPTIN;GOSOGLIPTIN;LINAGLIPTIN;OMARIGLIPTIN,ALOGLIPTIN BENZOATE;ANAGLIPTIN;EVOGLIPTIN;GOSOGLIPTIN;LINAGLIPTIN;OMARIGLIPTIN,0.00042204193984,0.0001052883853396,0.3912598631698973,increase,0.1002968407268036,0.8,1,pDC,astro
CD294,PTGDR2,nonclassical_mono,microglia_mhc2,RAMATROBAN;FEVIPIPRANT;SETIPIPRANT;TIMAPIPRANT;ADC3680;ARRY-502,RAMATROBAN,0.00042204193984,0.0001112453826704,0.4002536170212766,increase,0.0990364914937406,0.6,13,cDC;classical_mono;nonclassical_mono;pDC,astro;microglia_mhc2
CD30,TNFRSF8,cDC,microglia_mhc2,BRENTUXIMAB VEDOTIN;SGN-30;IRATUMUMAB;HEFI-1,BRENTUXIMAB VEDOTIN,0.00042204193984,0.0001119795795689,0.2518702218430034,increase,0.0395966300966939,0.6,16,cDC;classical_mono;nonclassical_mono;pDC,astro;microglia_mhc2
CD124,IL4R,cDC,astro,DUPILUMAB,DUPILUMAB,0.00042204193984,0.0001139465291844,0.1607522908587257,increase,0.0641355222486664,0.8,15,cDC;classical_mono;nonclassical_mono;pDC,astro;microglia_mhc2
CD126,IL6R,pDC,astro,SARILUMAB;SATRALIZUMAB;TOCILIZUMAB;LEVILIMAB;VOBARILIZUMAB,SARILUMAB;SATRALIZUMAB;TOCILIZUMAB,0.00042204193984,0.0001139465291844,0.6846838409341959,increase,0.1429072325280961,1.0,15,cDC;classical_mono;nonclassical_mono;pDC,astro;microglia_mhc2
CD319,SLAMF7,pDC,microglia_mhc2,ELOTUZUMAB;AZINTUXIZUMAB VEDOTIN,ELOTUZUMAB,0.00042204193984,0.0001139465291844,0.3529575313807531,increase,0.0400838865181816,1.0,7,cDC;classical_mono;nonclassical_mono;pDC,astro;microglia_mhc2
CD4,CD4,pDC,microglia_mhc2,IBALIZUMAB;SEMZUVOLIMAB;ZANOLIMUMAB;CEDELIZUMAB;CLENOLIXIMAB;KELIXIMAB,IBALIZUMAB,0.00042204193984,0.0001614916721116,0.3820335741444867,increase,0.3571283365683078,0.8,6,cDC;classical_mono;nonclassical_mono;pDC,astro;microglia_mhc2
CD80,CD80,classical_mono,microglia_mhc2,ABATACEPT;BELATACEPT;GALIXIMAB,ABATACEPT;BELATACEPT,0.00042204193984,0.0001769936357611,0.3768198905908096,increase,0.0379711821528401,0.6,12,cDC;classical_mono;nonclassical_mono;pDC,astro;microglia_mhc2
CD122,IL2RB,classical_mono,astro,ALDESLEUKIN;DENILEUKIN DIFTITOX;HUMIK-BETA-1;MIK-BETA-1,ALDESLEUKIN;DENILEUKIN DIFTITOX,0.00042204193984,0.0001844549511698,0.2770313530166881,decrease,0.0187722627249284,0.8,2,classical_mono;pDC,astro
CD135,FLT3,classical_mono,microglia_mhc2,FEDRATINIB;FEDRATINIB HYDROCHLORIDE;GILTERITINIB;GILTERITINIB FUMARATE;MIDOSTAURIN;PACRITINIB,FEDRATINIB;FEDRATINIB HYDROCHLORIDE;GILTERITINIB;GILTERITINIB FUMARATE;MIDOSTAURIN;PACRITINIB,0.00042204193984,0.0001844549511698,0.3589659809264305,increase,0.0380631792664393,0.8,4,cDC;classical_mono;nonclassical_mono;pDC,microglia_mhc2
CD142,F3,pDC,astro,TISOTUMAB VEDOTIN,TISOTUMAB VEDOTIN,0.00042204193984,0.0001877149522905,0.2373723057630736,increase,0.0696159446065287,0.8,4,cDC;classical_mono;nonclassical_mono;pDC,astro
CD123,IL3RA,cDC,microglia_mhc2,TAGRAXOFUSP;FLOTETUZUMAB;TALACOTUZUMAB;CSL-360;PIVEKIMAB SUNIRINE,TAGRAXOFUSP,0.00042204193984,0.0003580595747265,0.1782178400646203,increase,0.1549803560598379,0.6,6,cDC;classical_mono;nonclassical_mono;pDC,astro;microglia_mhc2
CD117,KIT,classical_mono,microglia_mhc2,AVAPRITINIB;DASATINIB ANHYDROUS;IMATINIB MESYLATE;MIDOSTAURIN;PAZOPANIB HYDROCHLORIDE;PEXIDARTINIB,AVAPRITINIB;DASATINIB ANHYDROUS;IMATINIB MESYLATE;MIDOSTAURIN;PAZOPANIB HYDROCHLORIDE;PEXIDARTINIB,0.00042204193984,0.0006466613318752,0.4935334749034749,decrease,0.0194154322165236,0.6,8,cDC;classical_mono;nonclassical_mono;pDC,astro;microglia_mhc2
CD279,PDCD1,cDC,astro,CEMIPLIMAB;DOSTARLIMAB;NIVOLUMAB;PEMBROLIZUMAB;RETIFANLIMAB;TISLELIZUMAB,CEMIPLIMAB;DOSTARLIMAB;NIVOLUMAB;PEMBROLIZUMAB;RETIFANLIMAB;TISLELIZUMAB,0.00042204193984,0.0009498788646227,0.5149364959568733,decrease,0.0439360978495694,0.8,12,cDC;classical_mono;nonclassical_mono;pDC,astro;microglia_mhc2
CD49d,ITGA4,pDC,astro,NATALIZUMAB;UCB-1184197,NATALIZUMAB,0.00042204193984,0.0009498788646227,0.3377802272727273,decrease,0.2979388847705994,1.0,2,cDC;pDC,astro
CD119,IFNGR1,nonclassical_mono,astro,INTERFERON GAMMA-1B,INTERFERON GAMMA-1B,0.00042204193984,0.0010709141491079,0.3488271317382531,decrease,0.2038199484685577,0.6,6,cDC;classical_mono;nonclassical_mono;pDC,astro;microglia_mhc2
CD86,CD86,nonclassical_mono,microglia_mhc2,ABATACEPT;BELATACEPT,ABATACEPT;BELATACEPT,0.00042204193984,0.0015739295108167,0.3640130010520778,increase,0.2409828240597878,0.6,6,cDC;classical_mono;nonclassical_mono;pDC,astro;microglia_mhc2
CD79b,CD79B,cDC,microglia_mhc2,POLATUZUMAB VEDOTIN,POLATUZUMAB VEDOTIN,0.00042204193984,0.0017762245179785,0.4949696423330888,decrease,0.1064803824294133,0.6,2,cDC;pDC,microglia_mhc2
CD22,CD22,cDC,microglia_mhc2,INOTUZUMAB OZOGAMICIN;MOXETUMOMAB PASUDOTOX;BECTUMOMAB;EPRATUZUMAB;EPRATUZUMAB 90Y;INOTUZUMAB,INOTUZUMAB OZOGAMICIN;MOXETUMOMAB PASUDOTOX,0.00042204193984,0.0030347121600505,0.1884834539325842,decrease,0.5737049941489504,0.6,3,cDC;pDC,astro;microglia_mhc2
CD115,CSF1R,classical_mono,microglia_mhc2,AXATILIMAB;PAZOPANIB HYDROCHLORIDE;PEXIDARTINIB;PEXIDARTINIB HYDROCHLORIDE;QUIZARTINIB;SUNITINIB,AXATILIMAB;PAZOPANIB HYDROCHLORIDE;PEXIDARTINIB;PEXIDARTINIB HYDROCHLORIDE;QUIZARTINIB;SUNITINIB,0.0012009875136928,0.003154548630801,0.4607031883502586,decrease,0.0499443029143789,0.6,2,classical_mono;nonclassical_mono,microglia_mhc2
CD274,CD274,nonclassical_mono,astro,ATEZOLIZUMAB;AVELUMAB;COSIBELIMAB;DURVALUMAB;SUGEMALIMAB;ADEBRELIMAB,ATEZOLIZUMAB;AVELUMAB;COSIBELIMAB;DURVALUMAB;SUGEMALIMAB,0.0019637598147132,0.014715455202671,0.0196243994117647,increase,0.093066596532755,0.6,3,nonclassical_mono;pDC,astro;microglia_mhc2
CD194,CCR4,pDC,astro,MOGAMULIZUMAB,MOGAMULIZUMAB,0.002709633313586,0.0002161513220001,0.345561356975381,increase,0.1364536099605793,0.8,1,pDC,astro
CD14,CD14,cDC,astro,IC14;VB-201,,0.00042204193984,7.533046902421794e-05,0.3542291400832177,decrease,0.375733880029481,0.8,8,cDC;classical_mono;nonclassical_mono;pDC,astro;microglia_mhc2
CD47,CD47,classical_mono,astro,MAGROLIMAB;EVORPACEPT,,0.00042204193984,7.533046902421794e-05,0.1365234,decrease,0.1831789463916458,0.8,8,cDC;classical_mono;nonclassical_mono;pDC,astro;microglia_mhc2
CD64,FCGR1A,classical_mono,astro,MDX-210;MDX-447,,0.00042204193984,7.533046902421794e-05,0.4870245038874491,decrease,0.3359129935744138,0.8,7,cDC;classical_mono;nonclassical_mono,astro;microglia_mhc2
CD73,NT5E,nonclassical_mono,astro,OLECLUMAB,,0.00042204193984,7.533046902421794e-05,0.1932879646719538,decrease,0.2026670362477369,0.8,10,cDC;classical_mono;nonclassical_mono;pDC,astro;microglia_mhc2
CD192,CCR2,classical_mono,astro,CENICRIVIROC;AZD2423;BMS-741672;BMS-813160;ILACIRNON;JNJ-41443532,,0.00042204193984,0.0001052883853396,0.0681348666666666,increase,0.2097379659566952,0.6,21,cDC;classical_mono;nonclassical_mono;pDC,astro;microglia_mhc2
CD273,PDCD1LG2,cDC,astro,RHIGM12B7,,0.00042204193984,0.0001052883853396,0.0723886615384615,increase,0.0539276343227421,0.8,7,cDC;classical_mono;nonclassical_mono;pDC,astro;microglia_mhc2
MERTK,MERTK,cDC,microglia_mhc2,NINGETINIB,,0.00042204193984,0.0001052883853396,0.2295968908673176,decrease,0.0401671514334363,0.8,7,cDC;classical_mono;nonclassical_mono;pDC,astro;microglia_mhc2
CD105,ENG,classical_mono,astro,CAROTUXIMAB,,0.00042204193984,0.0001112453826704,0.1431053039215686,increase,0.1090249093505114,0.6,4,cDC;classical_mono;nonclassical_mono;pDC,astro
CD284,TLR4,pDC,astro,RESATORVID,,0.00042204193984,0.0001112453826704,0.2459061864406779,decrease,-0.0485312859934251,0.6,7,cDC;classical_mono;nonclassical_mono;pDC,astro;microglia_mhc2
CD29,ITGB1,cDC,astro,ATN-161,,0.00042204193984,0.0001112453826704,0.7407806527777778,decrease,0.1818479944327473,1.0,3,cDC;pDC,astro;microglia_mhc2
CD134,TNFRSF4,cDC,astro,IVUXOLIMAB;ROCATINLIMAB;GSK-3174998;MEDI-6469;TELAZORLIMAB,,0.00042204193984,0.0001206216111746,0.1283304896907216,increase,0.0854540831593355,0.8,10,cDC;classical_mono;nonclassical_mono;pDC,astro;microglia_mhc2
CD366,HAVCR2,cDC,microglia_mhc2,SABATOLIMAB;COBOLIMAB;LOMVASTOMIG,,0.00042204193984,0.0001303814082859,0.238446398944591,increase,0.1721293944719404,0.4,2,cDC;nonclassical_mono,microglia_mhc2
CD357,TNFRSF18,classical_mono,astro,RAGIFILIMAB;TRX-518,,0.00042204193984,0.0001317125194172,0.1927525509761388,increase,0.0201355803462735,1.0,4,cDC;classical_mono;nonclassical_mono,astro;microglia_mhc2
CD40,CD40,classical_mono,microglia_mhc2,BLESELUMAB;CD40 LIGAND;CDX-1140;DACETUZUMAB;GILORALIMAB;ISCALIMAB,,0.00042204193984,0.0001415970760435,0.2010294395604395,increase,0.1067897122868986,1.0,7,cDC;classical_mono;nonclassical_mono;pDC,astro;microglia_mhc2
CD85g,LILRA4,pDC,microglia_mhc2,DAXDILIMAB,,0.00042204193984,0.0001543997117218,0.4169130481952848,increase,0.2666307512132028,0.8,2,pDC,astro;microglia_mhc2
CD71,TFRC,nonclassical_mono,microglia_mhc2,A27.15,,0.00042204193984,0.0001575760040077,0.1212552551020408,decrease,0.2434957588177754,0.8,6,cDC;classical_mono;nonclassical_mono;pDC,astro;microglia_mhc2
CD18,ITGB2,pDC,astro,ERLIZUMAB;MLNM-2201;MLN-01,,0.00042204193984,0.0001634932876187,0.6075260296296295,decrease,0.0660547964596981,0.8,11,cDC;classical_mono;nonclassical_mono;pDC,astro;microglia_mhc2
CD199,CCR9,nonclassical_mono,astro,VERCIRNON;MLN3126,,0.00042204193984,0.0001714669449172,0.4219295962732918,decrease,0.1373363193689694,0.8,6,cDC;classical_mono;nonclassical_mono;pDC,astro;microglia_mhc2
HLA-DR,HLA-DRA;HLA-DRB1;HLA-DRB3;HLA-DRB4;HLA-DRB5,pDC,astro,PLOVAMER ACETATE,,0.00042204193984,0.0001868373756856,0.5886564815124644,decrease,0.1999746105405138,0.4,7,cDC;classical_mono;nonclassical_mono;pDC,astro
CD54,ICAM1,cDC,astro,BI-505;ENLIMOMAB;ENLIMOMAB PEGOL,,0.00042204193984,0.0001868396296509,0.4152591891891892,increase,0.4983423151528641,0.4,6,cDC;classical_mono;nonclassical_mono;pDC,astro;microglia_mhc2
CD243,ABCB1,nonclassical_mono,microglia_mhc2,ENCEQUIDAR;TARIQUIDAR;VALSPODAR;ZOSUQUIDAR;BIRICODAR,,0.00042204193984,0.0001898129188346,0.5581888056888279,decrease,0.0296960061125124,0.6,2,classical_mono;nonclassical_mono,microglia_mhc2
CD178,FASLG,classical_mono,microglia_mhc2,ASUNERCEPT,,0.00042204193984,0.0002972268915364,0.829123445026178,increase,0.0241548514022528,0.4,3,classical_mono;pDC,astro;microglia_mhc2
CD303,CLEC4C,cDC,microglia_mhc2,LITIFILIMAB,,0.00042204193984,0.0003580595747265,0.3704709906730526,decrease,0.101479542458742,0.6,3,cDC;pDC,astro;microglia_mhc2
Notch-1,NOTCH1,pDC,microglia_mhc2,BRONTICTUZUMAB,,0.00042204193984,0.0005044445240006,0.4745785171892708,increase,0.0959081237313182,0.8,10,cDC;classical_mono;nonclassical_mono;pDC,astro;microglia_mhc2
CD200,CD200,cDC,microglia_mhc2,SAMALIZUMAB,,0.00042204193984,0.0005892352887551,0.6396646926560984,decrease,0.1928962072858834,0.8,4,cDC;classical_mono;nonclassical_mono,astro;microglia_mhc2
CD45,PTPRC,cDC,astro,BC8 131I;AHN-12,,0.00042204193984,0.0008708011357653,0.1312213880597015,increase,0.1395459473758377,1.0,1,cDC,astro
CD137,TNFRSF9,pDC,astro,UTOMILUMAB;URELUMAB,,0.00042204193984,0.0010458802374382,0.3123679232995658,decrease,-0.0078361878456913,0.6,2,nonclassical_mono;pDC,astro
CD304,NRP1,classical_mono,microglia_mhc2,VESENCUMAB,,0.00042204193984,0.0017078090866055,0.3116307457257184,decrease,0.2528328233792205,1.0,6,cDC;classical_mono;nonclassical_mono;pDC,astro;microglia_mhc2
CD205,LY75,nonclassical_mono,astro,RASDEGAFUSP ALFA,,0.00042204193984,0.0017471412903867,0.581004837350413,decrease,0.1162479215296815,0.8,5,cDC;classical_mono;nonclassical_mono;pDC,astro;microglia_mhc2
CD252,TNFSF4,classical_mono,astro,AMLITELIMAB;OXELUMAB,,0.00042204193984,0.0021063992029532,0.3761196639883126,decrease,0.0359166803846525,0.6,4,cDC;classical_mono;nonclassical_mono;pDC,astro
CD275,ICOSLG,cDC,astro,AMG-557,,0.00042204193984,0.0024654830941603,0.0791540469101123,increase,0.161710513549342,0.8,5,cDC;classical_mono;nonclassical_mono;pDC,astro;microglia_mhc2
Integrin-7,ITGB7,classical_mono,astro,ETROLIZUMAB,,0.00042204193984,0.003640753518799,0.4374575711422845,decrease,0.4164669587672723,1.0,5,cDC;classical_mono;nonclassical_mono;pDC,astro;microglia_mhc2
CD158b,KIR2DL2;KIR2DL3;KIR2DS2,classical_mono,astro,IPH-2101;LIRILUMAB,,0.00042204193984,0.0067304624805429,0.3258870588235294,decrease,0.002107369752283,0.6,2,classical_mono;pDC,astro
Notch-2,NOTCH2,classical_mono,astro,TAREXTUMAB,,0.00042204193984,0.0476899428616201,0.2530212491517208,increase,0.0298908892156807,0.8,1,classical_mono,astro
CD56,NCAM1,cDC,astro,LORVOTUZUMAB MERTANSINE;ONCOLYSIN S,,0.0193800862469015,0.0029670070343639,0.2693451657754011,increase,0.1444873322917635,1.0,1,cDC,astro
