population,retained_runs,n_programs,total_programs
all_programs,0,1805,6849
all_programs,1,668,6849
all_programs,2,472,6849
all_programs,3,584,6849
all_programs,4,745,6849
all_programs,5,2575,6849
full_FDR_programs,0,0,3950
full_FDR_programs,1,21,3950
full_FDR_programs,2,133,3950
full_FDR_programs,3,482,3950
full_FDR_programs,4,739,3950
full_FDR_programs,5,2575,3950
priority_programs,0,0,16
priority_programs,1,0,16
priority_programs,2,0,16
priority_programs,3,4,16
priority_programs,4,2,16
priority_programs,5,10,16
