"","BAM","Endothelial","OPC","Oligo","Tcells","astro_fibrous","astro_protoplasmic","microglia_homeostatic","microglia_mhc2","neuron_GABAergic","neuron_MEG3","neuron_dopaminergic"
"GFAP",6.1581334182465e-05,0.000111858258322903,0.00019647261706104,2.17727745422063e-06,0.000422875400218311,0.0024025704155397,0.00195964670234758,0.000501843265982888,9.76521744011845e-05,5.20034967117767e-05,3.52234988241654e-06,9.21740016356111e-05
"AQP4",2.26227259446927e-05,3.33114824344945e-05,0.000173267466412062,8.48176420695505e-07,0.000298584772804245,0.00214309555180085,0.00206030854144687,0.000419188829647684,2.63376863476203e-05,5.4044846077573e-05,1.21181985350218e-05,6.45119542970166e-05
"SLC1A3",0.0020883912319195,0.000184297587823698,0.000394045809040008,9.6261446596188e-05,0.000508553687277994,0.00110931994429241,0.00137431013231604,0.00199918919505025,0.0028249141985294,9.68613208770558e-05,3.5276892266367e-05,2.18471622877982e-05
"ALDH1L1",8.54387792148685e-06,6.27516448204137e-06,0.000118513302323494,6.44136186530754e-07,5.11249923639161e-05,0.0002602666347053,0.000294994553312738,6.43882016734859e-05,3.63751809008113e-06,8.4606305002684e-06,7.25131388925745e-06,1.28170689227314e-06
"P2RY12",2.21265436400543e-05,7.79877749005326e-06,4.30699305417807e-06,8.7388731378635e-07,3.59532884635663e-05,1.6617451315022e-07,4.65182225380252e-06,8.0380204231527e-05,9.81412302738869e-05,0,0,3.09717382888115e-07
"CX3CR1",2.43789802629952e-05,7.13355748437283e-06,2.51388415862757e-06,1.03911450562787e-06,4.42952407866894e-05,1.00820533546822e-06,1.47589276753508e-06,0.000168374951304167,0.000301002705415254,4.27038360855956e-06,7.01728861399728e-07,2.35216972975814e-06
"TMEM119",7.79285483216279e-06,3.89551274577138e-06,8.71323116828877e-06,2.99490865528601e-07,1.16905556905962e-05,1.88083532949143e-06,1.15849310415415e-06,5.47350300079343e-05,0.000105612585936966,1.2333345666679e-06,1.94988788144682e-06,9.31650116334257e-07
"SALL1",3.56630997571432e-05,4.8918607687053e-06,4.07087441789401e-05,0.000112803493765543,4.00476252292208e-05,4.50966011553793e-05,4.04052640455672e-05,5.34907449836561e-05,5.23128041641948e-05,4.66335506893141e-06,4.97791892701964e-06,4.7982733191216e-07
"P2RY13",7.31379106086464e-05,1.09793916836682e-05,4.41086787926409e-06,0,2.34459615593219e-05,3.22520899209925e-06,8.75536686225428e-06,0.000154523710877818,0.000266554845750682,5.14893121884836e-06,1.68407019542868e-06,4.01872368441025e-06
"GPR34",0.000306274866554754,1.44444917655022e-05,7.99175499841401e-06,1.68410770171793e-06,5.88649075429546e-05,4.02590356961524e-06,6.33498059154938e-06,0.000318072763283816,0.000668768472646192,1.179147947693e-06,1.04098656226243e-06,4.80959095208117e-06
"HLA-DRA",0.000316452765167535,5.42560877091238e-05,2.07035033310018e-05,0,0.000196476313580869,6.00256827250578e-06,2.04009380161142e-06,0.000515837127613183,0.00127485710415308,9.61933055925313e-06,7.50741943142465e-06,2.15895724372715e-05
"HLA-DRB1",0.000235802707929676,0.00013887036967193,8.18958306828291e-06,1.39573275876102e-06,0.000154959174602456,1.12048727485073e-05,3.43333428476132e-06,0.000350150677332958,0.000661665467014093,6.97971478671034e-06,1.30989813598519e-06,3.60863404335493e-06
"CD74",0.000740203310243756,0.000150563291181149,1.70357630493018e-05,1.04113746005263e-06,0.000275891325005037,1.45256766668199e-05,8.23675366038721e-07,0.000860583236905686,0.0018593995235177,2.93896434026577e-05,8.51355760887892e-06,1.75246106556318e-05
"HLA-DPA1",0.000178067549985549,8.60248833493022e-05,6.81143481575619e-06,1.63500966473948e-06,7.17184472724356e-05,3.17003894058908e-06,8.20008200082001e-07,0.00025208934744072,0.000658604812121317,4.23212863069389e-06,3.78968686638739e-06,1.68699978657362e-05
"HLA-DPB1",0.00011998394557303,8.28862125742316e-05,1.02066548751245e-05,0,0.000112519139390786,1.06726891680956e-05,0,0.000200976103670527,0.000472893556308335,9.83046155362467e-06,6.29440538985997e-06,1.29598922741282e-05
"C3",0.000192287759031818,2.8141571188167e-05,3.71222282232607e-05,1.73254108643829e-06,0.000222540841550084,0.00017956925825659,0.00011872011742989,0.000651044285983474,0.00110062958132005,5.56019325734466e-06,7.69061245164057e-06,6.20450725206353e-06
"SPP1",0.000892234937989833,0.000211742194595158,0.00013069482942909,0.00239232135687527,0.000855103936771683,5.60989355477517e-05,1.64162861143963e-05,0.00237726561747781,0.00493624771231751,0.000104493042943844,5.70267883492054e-05,0.000269341258561788
"MRC1",0.00220306069529565,1.05915714700114e-05,0,0,7.11990761634621e-06,6.50694290808293e-07,4.02620907252016e-07,2.32624030247623e-05,3.48908783619872e-05,0,1.35115174324575e-06,0
"CD163",0.00430902724465834,2.8032682467641e-05,4.78981183386183e-06,1.83389333863173e-06,3.10371814882636e-05,5.63083740090832e-06,2.32355426398199e-06,0.000461766396066561,0.000704755697950952,1.1463026009606e-06,2.43761803922329e-06,1.72156664163437e-06
"CD3D",0,1.2653187158714e-06,7.62771851888013e-07,0,0.000124505536659944,1.24007626307606e-06,0,7.53295668549906e-07,6.14250614250614e-07,0,0,0
"CD3E",0,7.17393622765527e-07,6.32137326135097e-07,1.33487740868615e-06,0.000278218520256178,0,0,1.46879112615153e-06,1.93546389198563e-06,0,0,2.09289077910437e-07
"AIF1",0.000112739547592017,1.2251390934026e-05,2.48239902804946e-06,1.07017684672392e-07,3.59456535405647e-05,3.95946540005799e-06,7.66283524904215e-07,0.000141050931860881,0.000451131682442184,0,0,2.46175055081669e-06
"TYROBP",0.000258980559535087,2.25352029257234e-05,8.11637517634521e-06,0,0.000151024110082286,2.11577371921762e-06,0,0.00019015455603121,0.000449663264419522,1.19977444240483e-06,2.36896185806004e-06,4.54168247628038e-06
"LYZ",5.98047316067138e-05,1.42873423951325e-05,1.95075254885017e-06,0,3.05642154165903e-06,0,0,2.69129624023568e-05,0.000205342991219798,0,2.67845185482791e-08,1.6011146793934e-07
"LST1",8.47748458713448e-05,8.29676973955619e-06,4.82933489342531e-06,6.34014899350135e-07,3.55243276647912e-05,2.58596471073934e-06,2.27781732122801e-06,0.000108692905178983,0.00024461307816664,5.84249638737142e-06,7.65579074714401e-07,0
"C1QA",0.000961404765903166,3.5720323390264e-05,1.21903765856227e-05,5.85565802957107e-07,0.000130922269436831,7.93639643772544e-06,0,0.000297772757766936,0.0007285656462328,9.92386524473481e-06,9.7250317331261e-07,4.22907695790885e-06
"C1QB",0.00147744273798549,6.26369078144604e-05,1.85504799297605e-05,9.56729723853012e-07,0.000217393618072733,1.37824238479853e-05,1.3672748923024e-06,0.000741111690464208,0.00148440670140598,1.92243959203264e-05,5.43843551884873e-06,2.24626963880689e-05
"C1QC",0.000917543358219947,3.28259132716723e-05,1.26646697899077e-05,8.81916224388206e-07,6.13534719877672e-05,9.89490045660725e-06,7.79308612862755e-07,0.000371562207613426,0.000737919684475307,7.37750810581676e-06,6.51956665517639e-08,1.55948594613103e-06
