"gsm","title","author_donor","source_url","donor_id","spatial_overlap","unresolved_id","role"
"GSM8021016","T-4462, snRNA","OJ1","ftp://ftp.ncbi.nlm.nih.gov/geo/samples/GSM8021nnn/GSM8021016/suppl/GSM8021016_OJ1_nigra.txt.gz","T-4462",FALSE,FALSE,"reference"
"GSM8021017","T-3998, snRNA","OJ10","ftp://ftp.ncbi.nlm.nih.gov/geo/samples/GSM8021nnn/GSM8021017/suppl/GSM8021017_OJ10_nigra.txt.gz","T-3998",FALSE,FALSE,"reference"
"GSM8021018","T-4857, snRNA","OJ11","ftp://ftp.ncbi.nlm.nih.gov/geo/samples/GSM8021nnn/GSM8021018/suppl/GSM8021018_OJ11_nigra.txt.gz","T-4857",FALSE,FALSE,"QC_holdout"
"GSM8021019","T-4815, snRNA","OJ12","ftp://ftp.ncbi.nlm.nih.gov/geo/samples/GSM8021nnn/GSM8021019/suppl/GSM8021019_OJ12_nigra.txt.gz","T-4815",FALSE,FALSE,"reference"
"GSM8021020","T-4235, snRNA","OJ13","ftp://ftp.ncbi.nlm.nih.gov/geo/samples/GSM8021nnn/GSM8021020/suppl/GSM8021020_OJ13_nigra.txt.gz","T-4235",FALSE,FALSE,"QC_holdout"
"GSM8021021","T-4515, snRNA","OJ14","ftp://ftp.ncbi.nlm.nih.gov/geo/samples/GSM8021nnn/GSM8021021/suppl/GSM8021021_OJ14_nigra.txt.gz","T-4515",TRUE,FALSE,"excluded_spatial_overlap"
"GSM8021022","T-0081, snRNA","OJ15","ftp://ftp.ncbi.nlm.nih.gov/geo/samples/GSM8021nnn/GSM8021022/suppl/GSM8021022_OJ15_nigra.txt.gz","T-0081",TRUE,FALSE,"excluded_spatial_overlap"
"GSM8021023","T-4934, snRNA","OJ18","ftp://ftp.ncbi.nlm.nih.gov/geo/samples/GSM8021nnn/GSM8021023/suppl/GSM8021023_OJ18_nigra.txt.gz","T-4934",FALSE,FALSE,"reference"
"GSM8021024","T-2791, snRNA","OJ2","ftp://ftp.ncbi.nlm.nih.gov/geo/samples/GSM8021nnn/GSM8021024/suppl/GSM8021024_OJ2_nigra.txt.gz","T-2791",TRUE,FALSE,"excluded_spatial_overlap"
"GSM8021025","T-5498, snRNA","OJ20","ftp://ftp.ncbi.nlm.nih.gov/geo/samples/GSM8021nnn/GSM8021025/suppl/GSM8021025_OJ20_nigra.txt.gz","T-5498",TRUE,FALSE,"excluded_spatial_overlap"
"GSM8021026","T-4938, snRNA","OJ21","ftp://ftp.ncbi.nlm.nih.gov/geo/samples/GSM8021nnn/GSM8021026/suppl/GSM8021026_OJ21_nigra.txt.gz","T-4938",FALSE,FALSE,"reference"
"GSM8021027","T-2007, snRNA","OJ22","ftp://ftp.ncbi.nlm.nih.gov/geo/samples/GSM8021nnn/GSM8021027/suppl/GSM8021027_OJ22_nigra.txt.gz","T-2007",FALSE,FALSE,"QC_holdout"
"GSM8021028","T-4839, snRNA","OJ23","ftp://ftp.ncbi.nlm.nih.gov/geo/samples/GSM8021nnn/GSM8021028/suppl/GSM8021028_OJ23_nigra.txt.gz","T-4839",TRUE,FALSE,"excluded_spatial_overlap"
"GSM8021029","T-4116, snRNA","OJ24","ftp://ftp.ncbi.nlm.nih.gov/geo/samples/GSM8021nnn/GSM8021029/suppl/GSM8021029_OJ24_nigra.txt.gz","T-4116",FALSE,FALSE,"absent_from_author_object"
"GSM8021030","T-5359, snRNA","OJ25","ftp://ftp.ncbi.nlm.nih.gov/geo/samples/GSM8021nnn/GSM8021030/suppl/GSM8021030_OJ25_nigra.txt.gz","T-5359",TRUE,FALSE,"excluded_spatial_overlap"
"GSM8021031","T-5547, snRNA","OJ26","ftp://ftp.ncbi.nlm.nih.gov/geo/samples/GSM8021nnn/GSM8021031/suppl/GSM8021031_OJ26_nigra.txt.gz","T-5547",FALSE,FALSE,"reference"
"GSM8021032","T-5227, snRNA","OJ27","ftp://ftp.ncbi.nlm.nih.gov/geo/samples/GSM8021nnn/GSM8021032/suppl/GSM8021032_OJ27_nigra.txt.gz","T-5227",FALSE,FALSE,"reference"
"GSM8021033","T-5133, snRNA","OJ28","ftp://ftp.ncbi.nlm.nih.gov/geo/samples/GSM8021nnn/GSM8021033/suppl/GSM8021033_OJ28_nigra.txt.gz","T-5133",FALSE,FALSE,"reference"
"GSM8021034","T-4424, snRNA","OJ3","ftp://ftp.ncbi.nlm.nih.gov/geo/samples/GSM8021nnn/GSM8021034/suppl/GSM8021034_OJ3_nigra.txt.gz","T-4424",TRUE,FALSE,"excluded_spatial_overlap"
"GSM8021035","T-3799, snRNA","OJ4","ftp://ftp.ncbi.nlm.nih.gov/geo/samples/GSM8021nnn/GSM8021035/suppl/GSM8021035_OJ4_nigra.txt.gz","T-3799",TRUE,FALSE,"excluded_spatial_overlap"
"GSM8021036","OJ5, snRNA","OJ5","ftp://ftp.ncbi.nlm.nih.gov/geo/samples/GSM8021nnn/GSM8021036/suppl/GSM8021036_OJ5_nigra.txt.gz","OJ5",FALSE,TRUE,"excluded_unresolved_identity"
"GSM8021037","T-5385, snRNA","OJ6","ftp://ftp.ncbi.nlm.nih.gov/geo/samples/GSM8021nnn/GSM8021037/suppl/GSM8021037_OJ6_nigra.txt.gz","T-5385",FALSE,FALSE,"reference"
"GSM8021038","T-5259, snRNA","OJ7","ftp://ftp.ncbi.nlm.nih.gov/geo/samples/GSM8021nnn/GSM8021038/suppl/GSM8021038_OJ7_nigra.txt.gz","T-5259",FALSE,FALSE,"reference"
"GSM8021039","T-4530, snRNA","OJ9","ftp://ftp.ncbi.nlm.nih.gov/geo/samples/GSM8021nnn/GSM8021039/suppl/GSM8021039_OJ9_nigra.txt.gz","T-4530",FALSE,FALSE,"QC_holdout"
