"donor","state","n"
"OJ1","BAM",0
"OJ10","BAM",8
"OJ11","BAM",16
"OJ12","BAM",0
"OJ13","BAM",10
"OJ14","BAM",2
"OJ15","BAM",0
"OJ18","BAM",7
"OJ2","BAM",11
"OJ20","BAM",79
"OJ21","BAM",0
"OJ22","BAM",0
"OJ23","BAM",3
"OJ25","BAM",59
"OJ26","BAM",45
"OJ27","BAM",47
"OJ28","BAM",56
"OJ3","BAM",12
"OJ4","BAM",33
"OJ5","BAM",36
"OJ6","BAM",11
"OJ7","BAM",71
"OJ9","BAM",5
"OJ1","Endothelial",57
"OJ10","Endothelial",509
"OJ11","Endothelial",110
"OJ12","Endothelial",284
"OJ13","Endothelial",487
"OJ14","Endothelial",730
"OJ15","Endothelial",0
"OJ18","Endothelial",775
"OJ2","Endothelial",47
"OJ20","Endothelial",95
"OJ21","Endothelial",0
"OJ22","Endothelial",227
"OJ23","Endothelial",115
"OJ25","Endothelial",98
"OJ26","Endothelial",224
"OJ27","Endothelial",179
"OJ28","Endothelial",201
"OJ3","Endothelial",49
"OJ4","Endothelial",303
"OJ5","Endothelial",203
"OJ6","Endothelial",281
"OJ7","Endothelial",107
"OJ9","Endothelial",45
"OJ1","OPC",0
"OJ10","OPC",39
"OJ11","OPC",438
"OJ12","OPC",118
"OJ13","OPC",397
"OJ14","OPC",333
"OJ15","OPC",0
"OJ18","OPC",212
"OJ2","OPC",647
"OJ20","OPC",596
"OJ21","OPC",0
"OJ22","OPC",0
"OJ23","OPC",719
"OJ25","OPC",516
"OJ26","OPC",1052
"OJ27","OPC",668
"OJ28","OPC",1388
"OJ3","OPC",354
"OJ4","OPC",661
"OJ5","OPC",1078
"OJ6","OPC",460
"OJ7","OPC",992
"OJ9","OPC",355
"OJ1","Oligo",4243
"OJ10","Oligo",2397
"OJ11","Oligo",5441
"OJ12","Oligo",1280
"OJ13","Oligo",3906
"OJ14","Oligo",6064
"OJ15","Oligo",0
"OJ18","Oligo",3644
"OJ2","Oligo",7095
"OJ20","Oligo",9163
"OJ21","Oligo",0
"OJ22","Oligo",54
"OJ23","Oligo",10782
"OJ25","Oligo",5079
"OJ26","Oligo",3483
"OJ27","Oligo",5996
"OJ28","Oligo",4415
"OJ3","Oligo",4901
"OJ4","Oligo",8211
"OJ5","Oligo",3837
"OJ6","Oligo",3125
"OJ7","Oligo",7576
"OJ9","Oligo",3905
"OJ1","Tcells",18
"OJ10","Tcells",5
"OJ11","Tcells",7
"OJ12","Tcells",5
"OJ13","Tcells",37
"OJ14","Tcells",68
"OJ15","Tcells",0
"OJ18","Tcells",26
"OJ2","Tcells",20
"OJ20","Tcells",42
"OJ21","Tcells",0
"OJ22","Tcells",0
"OJ23","Tcells",108
"OJ25","Tcells",49
"OJ26","Tcells",41
"OJ27","Tcells",31
"OJ28","Tcells",49
"OJ3","Tcells",23
"OJ4","Tcells",32
"OJ5","Tcells",71
"OJ6","Tcells",36
"OJ7","Tcells",69
"OJ9","Tcells",23
"OJ1","VascSmMs",1
"OJ10","VascSmMs",5
"OJ11","VascSmMs",0
"OJ12","VascSmMs",2
"OJ13","VascSmMs",6
"OJ14","VascSmMs",1
"OJ15","VascSmMs",0
"OJ18","VascSmMs",8
"OJ2","VascSmMs",5
"OJ20","VascSmMs",7
"OJ21","VascSmMs",0
"OJ22","VascSmMs",2
"OJ23","VascSmMs",3
"OJ25","VascSmMs",12
"OJ26","VascSmMs",3
"OJ27","VascSmMs",20
"OJ28","VascSmMs",1
"OJ3","VascSmMs",2
"OJ4","VascSmMs",94
"OJ5","VascSmMs",1
"OJ6","VascSmMs",3
"OJ7","VascSmMs",0
"OJ9","VascSmMs",2
"OJ1","astro_fibrous",4
"OJ10","astro_fibrous",0
"OJ11","astro_fibrous",134
"OJ12","astro_fibrous",0
"OJ13","astro_fibrous",25
"OJ14","astro_fibrous",2
"OJ15","astro_fibrous",0
"OJ18","astro_fibrous",4
"OJ2","astro_fibrous",129
"OJ20","astro_fibrous",193
"OJ21","astro_fibrous",0
"OJ22","astro_fibrous",16
"OJ23","astro_fibrous",55
"OJ25","astro_fibrous",207
"OJ26","astro_fibrous",154
"OJ27","astro_fibrous",378
"OJ28","astro_fibrous",172
"OJ3","astro_fibrous",83
"OJ4","astro_fibrous",152
"OJ5","astro_fibrous",49
"OJ6","astro_fibrous",227
"OJ7","astro_fibrous",624
"OJ9","astro_fibrous",1
"OJ1","astro_protoplasmic",99
"OJ10","astro_protoplasmic",207
"OJ11","astro_protoplasmic",1450
"OJ12","astro_protoplasmic",116
"OJ13","astro_protoplasmic",749
"OJ14","astro_protoplasmic",1230
"OJ15","astro_protoplasmic",0
"OJ18","astro_protoplasmic",465
"OJ2","astro_protoplasmic",1085
"OJ20","astro_protoplasmic",1371
"OJ21","astro_protoplasmic",0
"OJ22","astro_protoplasmic",3
"OJ23","astro_protoplasmic",1198
"OJ25","astro_protoplasmic",1140
"OJ26","astro_protoplasmic",1831
"OJ27","astro_protoplasmic",2004
"OJ28","astro_protoplasmic",1515
"OJ3","astro_protoplasmic",457
"OJ4","astro_protoplasmic",1152
"OJ5","astro_protoplasmic",863
"OJ6","astro_protoplasmic",988
"OJ7","astro_protoplasmic",2439
"OJ9","astro_protoplasmic",364
"OJ1","microglia_homeostatic",128
"OJ10","microglia_homeostatic",42
"OJ11","microglia_homeostatic",484
"OJ12","microglia_homeostatic",31
"OJ13","microglia_homeostatic",108
"OJ14","microglia_homeostatic",59
"OJ15","microglia_homeostatic",0
"OJ18","microglia_homeostatic",269
"OJ2","microglia_homeostatic",112
"OJ20","microglia_homeostatic",164
"OJ21","microglia_homeostatic",0
"OJ22","microglia_homeostatic",12
"OJ23","microglia_homeostatic",65
"OJ25","microglia_homeostatic",338
"OJ26","microglia_homeostatic",907
"OJ27","microglia_homeostatic",72
"OJ28","microglia_homeostatic",605
"OJ3","microglia_homeostatic",36
"OJ4","microglia_homeostatic",453
"OJ5","microglia_homeostatic",78
"OJ6","microglia_homeostatic",170
"OJ7","microglia_homeostatic",193
"OJ9","microglia_homeostatic",127
"OJ1","microglia_mhc2",47
"OJ10","microglia_mhc2",58
"OJ11","microglia_mhc2",187
"OJ12","microglia_mhc2",1
"OJ13","microglia_mhc2",19
"OJ14","microglia_mhc2",10
"OJ15","microglia_mhc2",0
"OJ18","microglia_mhc2",108
"OJ2","microglia_mhc2",659
"OJ20","microglia_mhc2",902
"OJ21","microglia_mhc2",0
"OJ22","microglia_mhc2",2
"OJ23","microglia_mhc2",44
"OJ25","microglia_mhc2",1370
"OJ26","microglia_mhc2",884
"OJ27","microglia_mhc2",1087
"OJ28","microglia_mhc2",2596
"OJ3","microglia_mhc2",942
"OJ4","microglia_mhc2",711
"OJ5","microglia_mhc2",121
"OJ6","microglia_mhc2",547
"OJ7","microglia_mhc2",2598
"OJ9","microglia_mhc2",47
"OJ1","neuron_GABAergic",50
"OJ10","neuron_GABAergic",6
"OJ11","neuron_GABAergic",21
"OJ12","neuron_GABAergic",49
"OJ13","neuron_GABAergic",3
"OJ14","neuron_GABAergic",33
"OJ15","neuron_GABAergic",109
"OJ18","neuron_GABAergic",191
"OJ2","neuron_GABAergic",62
"OJ20","neuron_GABAergic",26
"OJ21","neuron_GABAergic",968
"OJ22","neuron_GABAergic",81
"OJ23","neuron_GABAergic",35
"OJ25","neuron_GABAergic",25
"OJ26","neuron_GABAergic",90
"OJ27","neuron_GABAergic",41
"OJ28","neuron_GABAergic",121
"OJ3","neuron_GABAergic",7
"OJ4","neuron_GABAergic",17
"OJ5","neuron_GABAergic",7
"OJ6","neuron_GABAergic",11
"OJ7","neuron_GABAergic",27
"OJ9","neuron_GABAergic",51
"OJ1","neuron_MEG3",1308
"OJ10","neuron_MEG3",65
"OJ11","neuron_MEG3",693
"OJ12","neuron_MEG3",1822
"OJ13","neuron_MEG3",29
"OJ14","neuron_MEG3",243
"OJ15","neuron_MEG3",2399
"OJ18","neuron_MEG3",462
"OJ2","neuron_MEG3",640
"OJ20","neuron_MEG3",562
"OJ21","neuron_MEG3",1021
"OJ22","neuron_MEG3",755
"OJ23","neuron_MEG3",608
"OJ25","neuron_MEG3",601
"OJ26","neuron_MEG3",1195
"OJ27","neuron_MEG3",386
"OJ28","neuron_MEG3",759
"OJ3","neuron_MEG3",73
"OJ4","neuron_MEG3",161
"OJ5","neuron_MEG3",318
"OJ6","neuron_MEG3",63
"OJ7","neuron_MEG3",454
"OJ9","neuron_MEG3",298
"OJ1","neuron_dopaminergic",924
"OJ10","neuron_dopaminergic",2
"OJ11","neuron_dopaminergic",124
"OJ12","neuron_dopaminergic",778
"OJ13","neuron_dopaminergic",2
"OJ14","neuron_dopaminergic",22
"OJ15","neuron_dopaminergic",1510
"OJ18","neuron_dopaminergic",44
"OJ2","neuron_dopaminergic",1377
"OJ20","neuron_dopaminergic",185
"OJ21","neuron_dopaminergic",1688
"OJ22","neuron_dopaminergic",287
"OJ23","neuron_dopaminergic",1936
"OJ25","neuron_dopaminergic",1945
"OJ26","neuron_dopaminergic",4138
"OJ27","neuron_dopaminergic",115
"OJ28","neuron_dopaminergic",1057
"OJ3","neuron_dopaminergic",111
"OJ4","neuron_dopaminergic",90
"OJ5","neuron_dopaminergic",75
"OJ6","neuron_dopaminergic",59
"OJ7","neuron_dopaminergic",142
"OJ9","neuron_dopaminergic",213
