"gene","state","log2FC"
"SIGLEC1","BAM",6.26923605411716
"MRC1","BAM",5.94040291223972
"CD209","BAM",5.74831623996727
"LILRB5","BAM",5.49495956408065
"F13A1","BAM",5.28208043859715
"LYVE1","BAM",4.93710002070733
"IL2RA","BAM",4.75986152472989
"CR1","BAM",4.34086227764417
"NEURL2","BAM",4.09127053821276
"MARCO","BAM",3.71784888245609
"MS4A4E","BAM",3.48734203939294
"STAB1","BAM",3.09548002876501
"TMEM236","BAM",3.06282154588914
"PLTP","BAM",2.9526058399185
"FOLR2","BAM",2.87638264112366
"LGMN","BAM",2.63609084987794
"CD36","BAM",2.6135067062146
"CD163","BAM",2.61045621244617
"ADGRG6","BAM",2.59506231495746
"THBS1","BAM",2.57706570246002
"PLEKHG5","BAM",2.55497625127997
"FUCA1","BAM",2.51166977033246
"CD200R1","BAM",2.49492098913068
"CD163L1","BAM",2.48814220152029
"DAB2","BAM",2.44737511021841
"FAM20A","BAM",2.37446500327981
"MS4A4A","BAM",2.33703239704698
"AC104695.4","BAM",2.26502840211454
"TGFBI","BAM",2.24255418136397
"FCGR2B","BAM",2.16688275101239
"MAN1A1","BAM",2.16402675114999
"DIRC3","BAM",2.1388098224149
"KMO","BAM",2.12596391794553
"ARHGAP18","BAM",2.10405908941173
"VMP1","BAM",2.05229241997074
"IL12RB2","BAM",2.02114001948255
"RCN3","BAM",1.98862141463458
"GEMIN7","BAM",1.9638115574171
"RFT1","BAM",1.92958203783784
"NCF4","BAM",1.91417612748305
"CLDN5","Endothelial",6.64260092357705
"ADGRL4","Endothelial",6.60188757627705
"IL33R","Endothelial",6.59866306644425
"ADGRF5","Endothelial",6.56545611384758
"VWF","Endothelial",6.53529185501318
"TGM2","Endothelial",6.51576682089119
"SOX18","Endothelial",6.50000814574341
"ABCG2","Endothelial",6.44667630084445
"ESAM","Endothelial",6.40681596210502
"RGS5","Endothelial",6.20109675154399
"CAVIN2","Endothelial",6.12326291736075
"LRRC32","Endothelial",6.10439222374974
"EDN1","Endothelial",5.95262299985404
"IFI27","Endothelial",5.94649880833263
"HIGD1B","Endothelial",5.93518365920407
"CD34","Endothelial",5.90405928356815
"GJA4","Endothelial",5.89133270937198
"COXFA4L2","Endothelial",5.88107938696294
"CDH5","Endothelial",5.85805383773445
"ICAM2","Endothelial",5.825910936822
"MYCT1","Endothelial",5.80470069716864
"TBX3","Endothelial",5.68778604575039
"MECOM","Endothelial",5.6626073268083
"PCK1","Endothelial",5.65356737523459
"SLC38A5","Endothelial",5.63712939806601
"FLT1","Endothelial",5.61278920182541
"SLCO4A1","Endothelial",5.47518723983383
"TIE1","Endothelial",5.39689216101973
"FOXC1","Endothelial",5.37650111063833
"NOSTRIN","Endothelial",5.34088553763101
"FOXF1","Endothelial",5.31163591136756
"SRARP","Endothelial",5.27714110871026
"GPR4","Endothelial",5.27502356356564
"TM4SF18","Endothelial",5.20428946958715
"PLAC9","Endothelial",5.18659582657499
"DLL4","Endothelial",5.12211266178402
"ECSCR","Endothelial",5.06075336997228
"GNG11","Endothelial",5.01987716823069
"CYYR1","Endothelial",5.01621694270192
"PCAT19","Endothelial",4.98094706935314
"COL9A1","OPC",5.47861365141303
"MEGF11","OPC",5.0026754792951
"PDGFRA","OPC",4.87774303151591
"BEST3","OPC",4.51424839530202
"NEU4","OPC",4.37858637758793
"KCNF1","OPC",4.04805537781669
"B3GNT7","OPC",3.95035005149765
"FERMT1","OPC",3.93851771389142
"SMOC1","OPC",3.92442551052647
"KCNMB2","OPC",3.87531294359864
"ASCL1","OPC",3.86206204921048
"GPR17","OPC",3.79711352744644
"VIPR2","OPC",3.72596364132277
"TNR","OPC",3.70428542356757
"CACNG4","OPC",3.61592028141286
"ATP2C2","OPC",3.56799059716486
"PLPP4","OPC",3.46955797207162
"VCAN","OPC",3.26793092205207
"C1QL2","OPC",3.22671710329256
"GALR1","OPC",3.17926762799527
"EMILIN3","OPC",3.16036238731729
"COL20A1","OPC",3.1195335839389
"AMZ1","OPC",3.06129431374558
"HS3ST1","OPC",3.03234666867928
"PLAAT1","OPC",2.94272948129253
"PLEKHH2","OPC",2.91545068855175
"PHLDA1","OPC",2.82472812143849
"BCAN","OPC",2.75545624679677
"KLRC3","OPC",2.7061747818063
"CHST9","OPC",2.65303341293128
"C1QL1","OPC",2.64766193831264
"ITGA8","OPC",2.61692721272477
"SNX22","OPC",2.52238252197745
"LRRN1","OPC",2.50382294367039
"CSPG4","OPC",2.41231395865791
"BRINP3","OPC",2.39790910115879
"TNK2","OPC",2.30847344070361
"WSCD1","OPC",2.29925653837755
"AC009041.2","OPC",2.27580068494391
"SEMA5A","OPC",2.25629859422567
"NKX6-2","Oligo",4.75594209383751
"LHPP","Oligo",4.58455614391421
"MOBP","Oligo",4.48033284914432
"TMEM125","Oligo",4.40572340230031
"CAPN3","Oligo",4.16587969785054
"TYMSOS","Oligo",4.08608832562859
"MOG","Oligo",4.06972287907644
"CNTN2","Oligo",4.06288978375478
"TMEM98","Oligo",4.00337276523176
"CARNS1","Oligo",3.98507220436272
"TP53TG5","Oligo",3.94976268341362
"SEPTIN4","Oligo",3.93679724537434
"MAL","Oligo",3.90883060775154
"LPAR1","Oligo",3.85524211743036
"HSPA2","Oligo",3.84922138137971
"CERCAM","Oligo",3.83305572510813
"TMEM144","Oligo",3.77824714143916
"ENPP2","Oligo",3.77129872246615
"MAG","Oligo",3.73069819253128
"ANLN","Oligo",3.68836626605801
"GPR62","Oligo",3.64498458751686
"LDB3","Oligo",3.58380586725723
"FOLH1","Oligo",3.54499557480282
"GREM1","Oligo",3.54337552177941
"SCD","Oligo",3.5320036031188
"PIEZO2","Oligo",3.51078946251239
"CDK18","Oligo",3.47606292294786
"CNDP1","Oligo",3.44532517746474
"CTNNA3","Oligo",3.44410389568905
"CLDND1","Oligo",3.4412073671784
"LARP6","Oligo",3.43741469820554
"LRP2","Oligo",3.3546009915604
"APLP1","Oligo",3.34942203949448
"RAB40B","Oligo",3.33926144491285
"CD22","Oligo",3.339176864441
"CLDN11","Oligo",3.32672196592977
"TF","Oligo",3.31263385383981
"ABCA2","Oligo",3.30342790345766
"ERMN","Oligo",3.30083429967147
"HAPLN2","Oligo",3.29509617067302
"IL7R","Tcells",7.77928785248287
"CD2","Tcells",7.32550854623022
"CD3G","Tcells",6.96217067643659
"CCL5","Tcells",6.78807238737156
"LCK","Tcells",6.71334163135705
"CD3E","Tcells",6.57166231610809
"IKZF3","Tcells",6.57107491777999
"CST7","Tcells",6.48893540947602
"PRF1","Tcells",6.42923158889448
"GZMA","Tcells",6.26313174004986
"SLAMF6","Tcells",6.20304237064075
"LINC00861","Tcells",6.149365355255
"PYHIN1","Tcells",6.07064184595281
"THEMIS","Tcells",6.04839856593958
"ITK","Tcells",6.04224727100278
"SKAP1","Tcells",5.86313299943674
"CD3D","Tcells",5.79189315712584
"TC2N","Tcells",5.75202546868269
"TRBC1","Tcells",5.71346012611054
"EOMES","Tcells",5.71205595225984
"GZMB","Tcells",5.68873924993222
"CD8A","Tcells",5.56136026368887
"NKG7","Tcells",5.32985238133742
"TRBC2","Tcells",5.32601813982659
"GZMH","Tcells",5.32005984380207
"CTSW","Tcells",5.31547646911343
"KLRC1","Tcells",5.29244508195571
"GZMK","Tcells",5.28438488049754
"GRAP2","Tcells",5.22302048881859
"LINC00944","Tcells",5.19680859979296
"GPR174","Tcells",5.17029508838018
"P2RY10","Tcells",5.14969083655541
"CD52","Tcells",5.12194588588629
"CXCR6","Tcells",5.08183177175489
"FGFBP2","Tcells",5.07292164836961
"SIT1","Tcells",5.05813289462528
"CD96","Tcells",5.03983256925526
"DPP4","Tcells",5.02688905752074
"LAG3","Tcells",4.87242566491998
"TRAC","Tcells",4.86912512565226
"ENHO","astro_fibrous",2.3918394500267
"NUPR1","astro_fibrous",2.03682089013541
"CST3","astro_fibrous",1.87146394705347
"ECRG4","astro_fibrous",1.70552607046633
"ACBD7","astro_fibrous",1.46347290771494
"METRN","astro_fibrous",1.3731785660184
"DBI","astro_fibrous",1.35838833915583
"COPS9","astro_fibrous",1.28739983452027
"MT1F","astro_fibrous",1.28726515592621
"MT1G","astro_fibrous",1.2321117116355
"FXYD1","astro_fibrous",1.17556482750214
"PPP1R1B","astro_fibrous",1.16820682336898
"RIDA","astro_fibrous",1.08943116232203
"MT1H","astro_fibrous",1.06063801880003
"PRDX6","astro_fibrous",1.04102112122708
"MT3","astro_fibrous",0.994551906609376
"SNHG6","astro_fibrous",0.983140985841331
"HSPB8","astro_fibrous",0.972252779247733
"CDK2AP1","astro_fibrous",0.967100384427184
"PMP2","astro_fibrous",0.943467351044515
"CLU","astro_fibrous",0.925985572472559
"SEC11C","astro_fibrous",0.893792014903612
"SH3BGR","astro_fibrous",0.824192383063035
"S100A1","astro_fibrous",0.8209294160525
"TUBB2B","astro_fibrous",0.798379844181307
"PC","astro_fibrous",0.790276037925048
"GFPT2","astro_fibrous",0.788853054308029
"UQCRB","astro_fibrous",0.73468847836656
"SESN2","astro_fibrous",0.713588483167736
"PEBP4","astro_fibrous",0.677847928514866
"AK1","astro_fibrous",0.634043366850915
"SLC25A33","astro_fibrous",0.595940989315489
"DDIT3","astro_fibrous",0.594158425386579
"PMM1","astro_fibrous",0.592525309140503
"FOS","astro_fibrous",0.58776112451257
"IER5L","astro_fibrous",0.574447239765106
"APLNR","astro_fibrous",0.532247087332718
"OXTR","astro_fibrous",0.518749634506089
"GADD45A","astro_fibrous",0.496174226113513
"DCXR","astro_fibrous",0.483533538336826
"SNHG25","astro_protoplasmic",1.37983136998931
"STUM","astro_protoplasmic",1.34612141270212
"ITPRID1","astro_protoplasmic",1.29315908002513
"PNPLA7","astro_protoplasmic",1.27417469515596
"LCNL1","astro_protoplasmic",1.2724921867075
"AIFM3","astro_protoplasmic",1.23847611335149
"PRODH","astro_protoplasmic",1.19912665870327
"CD38","astro_protoplasmic",1.1797492897572
"ANO8","astro_protoplasmic",1.11839375729072
"CFAP70","astro_protoplasmic",1.1081993855276
"MROH7","astro_protoplasmic",1.09898265081134
"DNAH7","astro_protoplasmic",1.09109904987105
"DIO2","astro_protoplasmic",1.07679586102515
"GLI3","astro_protoplasmic",1.07649571428938
"VAC14-AS1","astro_protoplasmic",1.06899937906404
"LINC00299","astro_protoplasmic",1.053157086566
"ACOT11","astro_protoplasmic",1.04673800324115
"AQP4-AS1","astro_protoplasmic",1.02610636135234
"OBI1-AS1","astro_protoplasmic",1.01139595158487
"IQCA1","astro_protoplasmic",0.999963768950802
"CCDC80","astro_protoplasmic",0.989600767257768
"PRLHR","astro_protoplasmic",0.969646227973905
"FRMPD2","astro_protoplasmic",0.959988014644216
"SORCS2","astro_protoplasmic",0.958355419623705
"TSPAN6","astro_protoplasmic",0.950441485220947
"CCNL2","astro_protoplasmic",0.944836163800609
"SLCO1C1","astro_protoplasmic",0.926159516680901
"LFNG","astro_protoplasmic",0.904277064959416
"LINC00173","astro_protoplasmic",0.900811145882783
"TNIK","astro_protoplasmic",0.893679007740588
"SNX7","astro_protoplasmic",0.892542361607571
"AC002451.1","astro_protoplasmic",0.888212336251718
"IL17RC","astro_protoplasmic",0.886861676589643
"EOLA2-DT","astro_protoplasmic",0.880475587271982
"ADHFE1","astro_protoplasmic",0.878997329250691
"GPC5","astro_protoplasmic",0.865018348539458
"ARFGAP1","astro_protoplasmic",0.854067879025491
"MACF1","astro_protoplasmic",0.833998841810929
"GASK1A","astro_protoplasmic",0.829148916771163
"FSTL3","astro_protoplasmic",0.826124189338964
"EXOSC9","microglia_homeostatic",0.639952595951006
"ZNF100","microglia_homeostatic",0.468916062897819
"XRCC4","microglia_homeostatic",0.458942389619434
"GPATCH11","microglia_homeostatic",0.449927527025561
"MPPE1","microglia_homeostatic",0.389308767886237
"DHTKD1","microglia_homeostatic",0.38645350408652
"FAM13A-AS1","microglia_homeostatic",0.346809946681959
"TK2","microglia_homeostatic",0.324905660868462
"CCNG1","microglia_homeostatic",0.313171115906463
"PRIMPOL","microglia_homeostatic",0.311519645402308
"UBAP2L","microglia_homeostatic",0.309995424275556
"RAB12","microglia_homeostatic",0.308512551330833
"MRPS30","microglia_homeostatic",0.302762823689443
"ARMH3","microglia_homeostatic",0.287873929161028
"RBM33","microglia_homeostatic",0.282483572986985
"ANKRD22","microglia_homeostatic",0.278528391851523
"TMEM9B-AS1","microglia_homeostatic",0.275511175105321
"ZC3H18","microglia_homeostatic",0.253191849493011
"TTC7A","microglia_homeostatic",0.248002037693594
"CRLS1","microglia_homeostatic",0.237899764981609
"LETMD1","microglia_homeostatic",0.225507942889632
"RGS12","microglia_homeostatic",0.222301036726498
"VTI1A","microglia_homeostatic",0.215571036297459
"POFUT4","microglia_homeostatic",0.207142839997414
"ZKSCAN8","microglia_homeostatic",0.206990166296228
"S100PBP","microglia_homeostatic",0.19140648794427
"DHX8","microglia_homeostatic",0.188865546738162
"FBXO30","microglia_homeostatic",0.174119169480518
"GNL3L","microglia_homeostatic",0.165086896358346
"RAB2B","microglia_homeostatic",0.153922794931675
"GNPAT","microglia_homeostatic",0.153423868548026
"ZNF561-AS1","microglia_homeostatic",0.153368018483681
"UBE2A","microglia_homeostatic",0.152025795835726
"AK2","microglia_homeostatic",0.144797429744015
"BAG5","microglia_homeostatic",0.144335866545552
"HEATR5B","microglia_homeostatic",0.144289124087333
"AP3S2","microglia_homeostatic",0.142547946593093
"CLCN5","microglia_homeostatic",0.142171358931586
"LRRC4","microglia_homeostatic",0.14068739991968
"SMAD2","microglia_homeostatic",0.139787888332667
"CCL3","microglia_mhc2",2.14579051562938
"CCL3L1","microglia_mhc2",1.84474706812775
"APOC1","microglia_mhc2",1.77103866762775
"LYZ","microglia_mhc2",1.76278893714209
"IL1B","microglia_mhc2",1.70095450232812
"AIF1","microglia_mhc2",1.67033472016015
"LILRA2","microglia_mhc2",1.43878283235625
"HLA-DPA1","microglia_mhc2",1.38195513841055
"CCDC26","microglia_mhc2",1.36342252207549
"HAMP","microglia_mhc2",1.35781742654624
"SLC16A3","microglia_mhc2",1.30934202949531
"HLA-DRA","microglia_mhc2",1.30368513988348
"OLFML3","microglia_mhc2",1.28150119642112
"CAPG","microglia_mhc2",1.27660854979122
"BCL2A1","microglia_mhc2",1.27404141943424
"PRRG4","microglia_mhc2",1.26409903185774
"HLA-DMA","microglia_mhc2",1.25304171167887
"GPNMB","microglia_mhc2",1.24527787188447
"TREM2","microglia_mhc2",1.24287180530941
"HLA-DPB1","microglia_mhc2",1.23037843029923
"CEBPA","microglia_mhc2",1.22889144521675
"HLA-DQA1","microglia_mhc2",1.220514132038
"CALHM6","microglia_mhc2",1.21399756456799
"PILRA","microglia_mhc2",1.20044415811864
"SCIN","microglia_mhc2",1.19869402093948
"IFI30","microglia_mhc2",1.19507182393752
"FAM177B","microglia_mhc2",1.18625631813044
"ALOX15B","microglia_mhc2",1.16724559835583
"LST1","microglia_mhc2",1.16291716520749
"CD300A","microglia_mhc2",1.14069458768886
"PIK3AP1","microglia_mhc2",1.13396522729201
"APOC2","microglia_mhc2",1.13385629096786
"SIGLEC8","microglia_mhc2",1.12726215284985
"DNASE2","microglia_mhc2",1.12725030441118
"TLR3","microglia_mhc2",1.11346788900489
"RGS1","microglia_mhc2",1.11081514509081
"CD74","microglia_mhc2",1.11055038950067
"FPR1","microglia_mhc2",1.10882968692651
"TSPO","microglia_mhc2",1.09657140759248
"RGS18","microglia_mhc2",1.09247465212966
"DMBX1","neuron_GABAergic",5.90764513323622
"SOX14","neuron_GABAergic",5.02019045382087
"CASR","neuron_GABAergic",4.35633927894029
"LINC01210","neuron_GABAergic",4.17672832576244
"KIT","neuron_GABAergic",4.12315466658967
"NPPC","neuron_GABAergic",4.0870541285588
"CPLX3","neuron_GABAergic",4.00985638784235
"SHISA8","neuron_GABAergic",3.92220108538249
"PRSS12","neuron_GABAergic",3.80230216393371
"GREM2","neuron_GABAergic",3.76676227198677
"SYNPR","neuron_GABAergic",3.63001688790411
"OTX2-AS1","neuron_GABAergic",3.44125468785813
"KCNAB3","neuron_GABAergic",3.37007178218143
"ARHGEF33","neuron_GABAergic",3.35386544365196
"SPHKAP","neuron_GABAergic",3.34366754525833
"HPCA","neuron_GABAergic",3.31635979219699
"IGF1","neuron_GABAergic",3.29307151196026
"OTX2","neuron_GABAergic",3.1626887661331
"KCNIP2","neuron_GABAergic",3.159542404614
"GRIP2","neuron_GABAergic",3.13338262222344
"NELL1","neuron_GABAergic",3.03459470687084
"GULP1","neuron_GABAergic",3.00660024449723
"RASD2","neuron_GABAergic",2.94297155941531
"GRIK1","neuron_GABAergic",2.92211917181149
"TMEM215","neuron_GABAergic",2.90552295206691
"ZMAT4","neuron_GABAergic",2.88555174774015
"PCBP3","neuron_GABAergic",2.87607718007158
"TSPAN18","neuron_GABAergic",2.81091471342271
"GAD1","neuron_GABAergic",2.7791031222314
"VASH2","neuron_GABAergic",2.77533703363552
"CHRM2","neuron_GABAergic",2.73882741654606
"KCNK3","neuron_GABAergic",2.65220219324222
"MEIS2","neuron_GABAergic",2.64195521873983
"GATA3","neuron_GABAergic",2.63756838552943
"LAMB1","neuron_GABAergic",2.63699796246578
"IGSF3","neuron_GABAergic",2.55326763837243
"SYNDIG1L","neuron_GABAergic",2.54337457937978
"GUCY1A1","neuron_GABAergic",2.53196822434996
"GALNT14","neuron_GABAergic",2.51772453971442
"SBK1","neuron_GABAergic",2.4701727840406
"MIR137HG","neuron_MEG3",3.76425646345176
"ANKRD30B","neuron_MEG3",3.24858524235678
"VWA5B2","neuron_MEG3",2.82452813761705
"PLA2R1","neuron_MEG3",2.61808993127039
"RMST","neuron_MEG3",2.49719545064108
"ADGRV1","neuron_MEG3",2.16486798923613
"DNAH14","neuron_MEG3",2.15921581146221
"MIR4500HG","neuron_MEG3",2.06166823558182
"C4orf50","neuron_MEG3",1.99893150762231
"EPB41L4B","neuron_MEG3",1.89145535098096
"CNGB1","neuron_MEG3",1.8543620470331
"LINC01252","neuron_MEG3",1.82952466507731
"NQO2","neuron_MEG3",1.59207460748827
"MEG9","neuron_MEG3",1.58300373353306
"MEG8","neuron_MEG3",1.45248910082181
"ABCA9","neuron_MEG3",1.44003832942259
"GABRG3","neuron_MEG3",1.43437519920186
"CDH18","neuron_MEG3",1.36643882534767
"RNF207","neuron_MEG3",1.35808557366499
"COL7A1","neuron_MEG3",1.32761857576971
"MEG3","neuron_MEG3",1.31147034480156
"LPCAT4","neuron_MEG3",1.29368086462072
"ST8SIA5","neuron_MEG3",1.27567607378077
"PDZD7","neuron_MEG3",1.27141765907296
"ANKS6","neuron_MEG3",1.18683830885882
"COL12A1","neuron_MEG3",1.17092687040021
"BICDL1","neuron_MEG3",1.16581542917438
"OPRM1","neuron_MEG3",1.1589437314914
"KCNT1","neuron_MEG3",1.14281277462705
"LRRC7","neuron_MEG3",1.07560501358552
"DCX","neuron_MEG3",1.07232367942557
"ZFP28","neuron_MEG3",1.06982408952888
"PCDH11X","neuron_MEG3",1.04636144302687
"SANBR","neuron_MEG3",0.994946565917595
"HCN3","neuron_MEG3",0.98064518502097
"MIPOL1","neuron_MEG3",0.969442752683005
"KIF9-AS1","neuron_MEG3",0.955380291151543
"HTR2C","neuron_MEG3",0.931792069862886
"XKR6","neuron_MEG3",0.892883089778811
"CLVS1","neuron_MEG3",0.870960570563021
"CARTPT","neuron_dopaminergic",3.58677834896391
"PVALB","neuron_dopaminergic",3.27268069516852
"VIP","neuron_dopaminergic",3.11816775488619
"ALDH1A1","neuron_dopaminergic",2.97877003790999
"NEFH","neuron_dopaminergic",2.81511914176387
"NEFL","neuron_dopaminergic",2.79888504698914
"NEFM","neuron_dopaminergic",2.49850555245723
"TUBB3","neuron_dopaminergic",2.3335970435407
"GHITM","neuron_dopaminergic",2.32609997208554
"MAP1B","neuron_dopaminergic",2.30877760968895
"ATP6V1E1","neuron_dopaminergic",2.29869325897288
"TUBB2A","neuron_dopaminergic",2.29760634887108
"PEG10","neuron_dopaminergic",2.28555755781414
"MDH2","neuron_dopaminergic",2.2645860217348
"DDC","neuron_dopaminergic",2.21934216200381
"FUNDC1","neuron_dopaminergic",2.15137748577834
"STMN2","neuron_dopaminergic",2.14709994431077
"PRDX2","neuron_dopaminergic",2.13770428687554
"SNCG","neuron_dopaminergic",2.07503708438402
"SNCA","neuron_dopaminergic",2.07195167570579
"ACOT7","neuron_dopaminergic",2.06172011632829
"ATP6V0D1","neuron_dopaminergic",2.05489324060964
"MDH1","neuron_dopaminergic",2.04042164695912
"UCHL1","neuron_dopaminergic",2.03978589910135
"VAT1","neuron_dopaminergic",2.03503247891893
"PCMT1","neuron_dopaminergic",2.02604015278274
"DPCD","neuron_dopaminergic",2.02362817171899
"RGS4","neuron_dopaminergic",2.01803832504653
"HIGD1A","neuron_dopaminergic",2.00859589836472
"INA","neuron_dopaminergic",1.99230278246634
"PKM","neuron_dopaminergic",1.9872769226957
"MAP7D2","neuron_dopaminergic",1.98082326282307
"GAPDH","neuron_dopaminergic",1.97444317558444
"SLC6A3","neuron_dopaminergic",1.96390470420789
"SERPINI1","neuron_dopaminergic",1.96244828862613
"ATP6V1D","neuron_dopaminergic",1.95918809643138
"ENO1","neuron_dopaminergic",1.95069682514075
"SV2C","neuron_dopaminergic",1.94567052039361
"SNX10","neuron_dopaminergic",1.93370235692018
"NAP1L5","neuron_dopaminergic",1.92987866591737
