,,,mmd,mmd,mean_mse,mean_mse,variance_ratio,variance_ratio,condition_aware_rho,condition_aware_rho,condition_aware_delta_mse,condition_aware_delta_mse,fixed_control_rho,fixed_control_rho,fixed_PD_rho,fixed_PD_rho
,,,mean,std,mean,std,mean,std,mean,std,mean,std,mean,std,mean,std
readout,method,axis,,,,,,,,,,,,,,
raw_shared,conditional_icnn,cDC__astro,0.11751691871289728,0.008965768933203907,0.02397891897190776,0.0012533129515175103,0.0760594372275389,0.04800939371200289,0.1315121478652503,0.0901026902712764,0.008103603652367989,0.002001789525153507,-0.2025430833094072,0.10529580840610007,-0.22104263247794156,0.02531635424785114
raw_shared,conditional_icnn,cDC__microglia_mhc2,0.09348672187744589,0.0036164714641742438,0.02535449154675007,0.0016598344973755147,0.0646036404909359,0.00444253093455601,0.17788470886244023,0.011832375934339499,0.018540425846974056,0.0032389127542262774,-0.03971778637616315,0.1246955553314499,-0.024611263363668572,0.19966284425749695
raw_shared,conditional_icnn,classical_mono__astro,0.10997284112013467,0.0028637587832853165,0.024309335716275707,0.00024751048922841683,0.051607318429483316,0.017044462467972397,0.2420119830675438,0.01587304227663937,0.00662948548172911,0.0005583593565289479,-0.1139046664050043,0.05306118622359807,-0.2018544992457992,0.11233249538537339
raw_shared,conditional_icnn,classical_mono__microglia_mhc2,0.09368587997296611,0.001757113730465403,0.024853829863584708,0.0008291460914350687,0.06670964985258049,0.009976010162344453,0.17476194971724687,0.02200265115185856,0.018261146421233814,0.002169677042386841,0.009145926766020262,0.0772392013984183,-0.03035412446152445,0.17332012254572662
raw_shared,conditional_icnn,nonclassical_mono__astro,0.11854743642566445,0.007773158617266708,0.02564266261955102,0.003136129495272671,0.043005005171936415,0.024226990016258675,0.3154647157310329,0.052381068171184236,0.006352090431998174,0.00047754107662481923,-0.02201651089496755,0.06426844263171534,-0.036236946040414754,0.048432017036426876
raw_shared,conditional_icnn,nonclassical_mono__microglia_mhc2,0.09541149638585256,0.0024914854289601216,0.025831210892647505,0.0013902976106909904,0.06841819309112097,0.017572376811206047,0.19220231748988273,0.012899194272091028,0.018032815928260486,0.002499271020715009,0.03451831574509038,0.03546291783629866,0.08784544664664755,0.19686713442830062
raw_shared,conditional_icnn,pDC__astro,0.10157588150140841,0.010924742017916359,0.025747707372324336,0.005447513933225061,0.21013502652446428,0.01020352761441028,0.06701659185609335,0.2083922798704122,0.022495582544555266,0.016758252961531724,-0.05380951081817995,0.20603287593170252,-0.09071976564369977,0.0940281972754685
raw_shared,conditional_icnn,pDC__microglia_mhc2,0.08964113749000362,0.0006943897106260064,0.02293816578781439,0.0004019584253781766,0.06232716070695057,0.00030287660519486703,0.13901664242744147,0.09593194862226338,0.015879268137117226,0.0011396591670025493,-0.014795890627416977,0.12901917182254935,-0.046383501966402556,0.19134844961411615
raw_shared,conditional_mlp,cDC__astro,0.1233829612629165,0.006375748549803306,0.024544495209637616,0.0022347368464180023,0.039083911312950984,0.013456311584231703,0.27199252222990755,0.03137480678045313,0.006991902055839698,0.00046693783341379095,-0.059258171621859555,0.020441918940823693,-0.019918591642765802,0.045989400020883954
raw_shared,conditional_mlp,cDC__microglia_mhc2,0.09184551112498868,0.002590468690041715,0.024222638716714248,0.0009505443286067955,0.05824585445225239,0.021760463341772382,0.1340337208865794,0.06922510246262965,0.01829472091048956,0.00459718504607898,-0.07091999731364883,0.0967300215120241,-0.024502997387139538,0.1507825538864005
raw_shared,conditional_mlp,classical_mono__astro,0.10887060256753833,0.004517836277424182,0.023442497632155817,0.0014781122068485949,0.04858913024266561,0.01547104124757399,0.31010902672027013,0.09730969549964445,0.0067559718154370785,0.0007601045820187995,0.04931173338939326,0.18314754062818603,0.12421968461908443,0.1964258733997691
raw_shared,conditional_mlp,classical_mono__microglia_mhc2,0.09133647228172152,0.002364049929537897,0.02340343330676357,0.0008522169496274908,0.060534692783322595,0.021079858801666865,0.16317470348534877,0.05047801404539705,0.017617151451607544,0.0042858213828594815,-0.07265109042696721,0.06535282135076351,-0.043176729705827706,0.09132995693295899
raw_shared,conditional_mlp,nonclassical_mono__astro,0.11791164803097083,0.005394551513320454,0.0246419597727557,0.0018568422101841358,0.0351276078985797,0.013190781713788057,0.3210745728808275,0.113145206980598,0.006730102002620697,0.0007279301328380288,0.03617278707825921,0.1673622187393334,0.10298501840106272,0.2840026712954268
raw_shared,conditional_mlp,nonclassical_mono__microglia_mhc2,0.09315367730255057,0.0025457486780195667,0.02434994125117858,0.0007592018935998314,0.05983537104394701,0.026680381770272647,0.15089485978517173,0.0712976831000395,0.0181965921074152,0.004788353647476894,-0.07283468817557485,0.11038983411103644,0.0025316871463119672,0.19208452008452448
raw_shared,conditional_mlp,pDC__astro,0.09961289079687197,0.003714989253906743,0.019599661463871598,0.00019904786498148154,0.10689370696329409,0.04226326939652726,0.058891782181163276,0.04117819344144819,0.012742695398628712,0.007083472589731665,-0.16355821748504648,0.025485598299669038,-0.1528639837519662,0.014827072610770254
raw_shared,conditional_mlp,pDC__microglia_mhc2,0.08972261359621932,0.004389023378842649,0.023728783578715388,0.0018002391591167583,0.07631963025778532,0.01330879663653123,0.16317060267167602,0.01759129507060868,0.0155555484816432,0.002131998123555,-0.02227332616272422,0.08452945020295967,-0.05435555902633413,0.05227686301422925
raw_shared,ot_ridge,cDC__astro,0.32769259255735356,0.022452728493444776,0.11615601285464235,0.0127395342902265,0.027609926286256973,0.00897370667756013,-0.16201026878990266,0.02739871699334987,0.009217312869926294,0.00031573295986166996,0.044097350099123196,0.27083030303184097,-0.06016382265747286,0.2584362908909444
raw_shared,ot_ridge,cDC__microglia_mhc2,0.39867104085401456,0.034782889168473066,0.18348447274830604,0.02069817627533775,0.00010666141638972073,3.090906406022147e-05,0.3112383257705602,0.02547391716977117,0.012515425682067871,0.00013706835752475127,-0.1562723790122963,0.1481160079257864,-0.04723257878514451,0.05190688096053938
raw_shared,ot_ridge,classical_mono__astro,0.30747324876538673,0.020959453701939575,0.11627886920339532,0.011958575693433525,0.02846477249275065,0.006350090032679971,-0.14230682327338173,0.011949159341081301,0.00961163422713677,0.0005947862000017427,0.14944164814898306,0.14453961693443307,0.021958185699717872,0.2008117077685801
raw_shared,ot_ridge,classical_mono__microglia_mhc2,0.4007914896474926,0.034877141773114705,0.18323019726408854,0.020702850520070898,0.00012567015720479606,1.8296034118901842e-05,0.30632710657817525,0.026613329576637104,0.01251447635392348,0.00014486348260711737,-0.14848032184171908,0.14818813484411852,-0.05229162188155234,0.0900689973653179
raw_shared,ot_ridge,nonclassical_mono__astro,0.31480478491908515,0.019675004017784735,0.11429027654230595,0.010911582376369145,0.022306436595196526,0.005959220816312998,-0.06291776811148153,0.10298136509785809,0.008235242528220018,0.00022467099611816533,0.04711990340846308,0.2874042667764028,0.05547691846818344,0.24786242048378765
raw_shared,ot_ridge,nonclassical_mono__microglia_mhc2,0.4035679401073939,0.03474977223668112,0.18576696515083313,0.020758985214561466,0.0001269032082847035,2.182216753577216e-05,0.3010318012723143,0.030077397054262774,0.012522084017594656,0.00012822421047867512,-0.14271443040884063,0.16400656418843768,-0.043571728236658835,0.087286057605786
raw_shared,ot_ridge,pDC__astro,0.3146115887434866,0.019220202476591248,0.11623574938211174,0.010672635180557732,0.02602681174014126,0.005865181779020102,-0.15879497992973043,0.05103702290929926,0.00983007624745369,0.0012178606019758263,-0.13824014252859368,0.15120491027025704,0.040846712802016676,0.20370246280126442
raw_shared,ot_ridge,pDC__microglia_mhc2,0.3983977505909599,0.03508564869027027,0.18293997603985998,0.02088576152473846,0.0001236540305803323,2.9931695282708637e-05,0.28198403001854194,0.01570955031575342,0.012582024559378624,0.00010983837883504904,-0.06606728527008619,0.26990604981647254,-0.06784497646161765,0.12843350239340154
raw_shared,periscope,cDC__astro,0.1291139913591486,0.0021711474036102785,0.026649233367707997,0.0009994634716054974,0.03007782721478078,0.004855701673050327,0.2839941197366968,0.029023515644821526,0.007496128479639689,5.288478935784213e-05,-0.03748588731641897,0.03953172985016681,-0.03839315112142297,0.13163614654775727
raw_shared,periscope,cDC__microglia_mhc2,0.09724727642296278,0.0006991378701435607,0.02626933514450987,0.0004652650358698535,0.046724914366172425,0.002445802346487026,0.17420770546610218,0.011877755624466071,0.020358482996622723,0.0004507415415248965,-0.05053855722178366,0.08516567798085475,0.00011207772357246908,0.029840394459076065
raw_shared,periscope,classical_mono__astro,0.11305256147256433,0.0019773333385880356,0.02517788487279581,0.000584690219885588,0.04154312714106507,0.008645539220258708,0.3437081465153175,0.06671720716764462,0.007270346395671368,0.00010094703209774664,0.12923902557557831,0.10524821731274722,0.10288928440706807,0.07433971829656387
raw_shared,periscope,classical_mono__microglia_mhc2,0.09683837793605428,0.0009841872810779253,0.025610510259866714,0.0005601625505633425,0.05114499655448728,0.002935513713656784,0.18025348965310697,0.005052227376027202,0.020866406460603077,0.0008995023141458903,-0.003130157479012552,0.07627885369559242,-0.029750849555190733,0.017521952855656713
raw_shared,periscope,nonclassical_mono__astro,0.1210732008610353,0.0026822484162031045,0.026238306322031554,0.0007722245410502005,0.03590023579696814,0.010155463956644602,0.3312339179946453,0.05530067339333935,0.007323966672023137,9.852888357151834e-05,0.07773271798243679,0.11932018519643917,0.0696901145342541,0.015898512301214255
raw_shared,periscope,nonclassical_mono__microglia_mhc2,0.09832096538013667,0.0011596584909557479,0.02631223905417654,0.0006088798299424345,0.048724792380299836,0.002142528130458182,0.18002081444537166,0.0066697136600070515,0.02054288610816002,0.0007061458551388158,-0.013191143527907775,0.09416577691698917,-0.014639374239962748,0.03995576400477837
raw_shared,periscope,pDC__astro,0.11066943104598308,0.0048590543869331355,0.02320107232986225,0.001791346036690295,0.059935080197950207,0.012179380774716477,0.31584989936253827,0.05888461553227428,0.006700264289975166,0.0002294096596704245,-0.02674485612156499,0.13002899595492878,-0.02974540457837721,0.1066199580624868
raw_shared,periscope,pDC__microglia_mhc2,0.09377162320961259,0.0029911366589634885,0.024326128833409816,0.0010398697670089764,0.05014056702040964,0.009489080001665939,0.1895134087159477,0.01577644663853006,0.0173109732568264,0.0011048711963933743,-0.01963283197287418,0.06805992981782269,-8.292921991272515e-05,0.004058317394931895
raw_shared,shared_label_marginal,cDC__astro,0.2880747880136358,0.011814726286840008,0.1169659329785241,0.009192918560693084,0.21365676778886056,0.028670207365724062,0.19250100526506989,0.005850903436968437,0.008015454436341921,2.138465658693413e-05,,,,
raw_shared,shared_label_marginal,cDC__microglia_mhc2,0.4001723925494008,0.034268795677891754,0.1855447449617916,0.020680439772688908,0.009530975819668837,0.001597155956434409,0.3232725921413699,0.009536767506978645,0.012466445565223694,0.00017790819351141463,,,,
raw_shared,shared_label_marginal,classical_mono__astro,0.2712634340972792,0.010929027944203064,0.11841098177764149,0.009080776004618799,0.23837975785136223,0.03250222304236927,-0.013509111207374002,0.004796480900908314,0.009647270975013575,0.00021127397260733546,,,,
raw_shared,shared_label_marginal,classical_mono__microglia_mhc2,0.4020092261182449,0.03458687441323653,0.18515869975090027,0.020816448218119826,0.009571561098305715,0.0015308080571069952,0.2884652927888274,0.009596755194243679,0.012521754950284958,0.0001642898720177072,,,,
raw_shared,shared_label_marginal,nonclassical_mono__astro,0.2786974058223657,0.011487987298165669,0.11779373097750874,0.009238486897764592,0.22974865014354387,0.03043121162290548,-0.01352267277324129,0.0005193649824791997,0.00865341474612554,3.195891678352225e-05,,,,
raw_shared,shared_label_marginal,nonclassical_mono__microglia_mhc2,0.40613357607476325,0.035032791044497295,0.1885652413798703,0.02128967643918949,0.009880614260004627,0.001866047497128634,0.32404149431750795,0.028474707938351575,0.01242141549785932,0.00019661689769241128,,,,
raw_shared,shared_label_marginal,pDC__astro,0.2809842983061734,0.01191668319600779,0.12002288177609444,0.00946287300660199,0.22903869011335906,0.030507820784529398,-0.017757756557381366,0.010765732506991959,0.008762254379689693,5.186108196970274e-05,,,,
raw_shared,shared_label_marginal,pDC__microglia_mhc2,0.40092813790111487,0.035000943530199516,0.18550362313787142,0.021123725599950172,0.008611302486517362,0.0015591693132233312,0.32351503148342053,0.016884624151245923,0.012372365842262903,0.00022803173599118668,,,,
raw_shared,shared_label_mean,cDC__astro,0.3424009393713862,0.018395025825218583,0.11756318310896556,0.009396843957716478,5.783667875739997e-13,5.815124519082213e-14,-0.08008907210673466,0.00945343718733329,0.008344938978552818,8.339752995544059e-06,,,,
raw_shared,shared_label_mean,cDC__microglia_mhc2,0.4033638633696817,0.03512686995539678,0.1862285464174218,0.0209795425352121,1.4982991458248635e-12,1.854957523091719e-13,0.3297612069213942,0.015779829718053855,0.01243559488405784,0.0001902594604758838,,,,
raw_shared,shared_label_mean,classical_mono__astro,0.32107466329285317,0.017639069864403174,0.11781452285746734,0.009340452837029391,5.885756292067779e-13,7.222051012793584e-14,-0.04616013016318651,0.006671168446650256,0.008826187501351038,6.414230972378641e-05,,,,
raw_shared,shared_label_mean,classical_mono__microglia_mhc2,0.40570324112051104,0.035296405990646346,0.18609918157259622,0.021035311270381,1.4288532500316635e-12,1.7434578287927991e-13,0.3250112754082755,0.012162495820923361,0.01245283242315054,0.000198103930877663,,,,
raw_shared,shared_label_mean,nonclassical_mono__astro,0.3265294964892142,0.01782859279619856,0.11510078091588284,0.009225559219594746,5.861975988892659e-13,6.398116746691024e-14,-0.020811316830886693,0.007772652997109388,0.008141791447997093,2.5534055861159112e-05,,,,
raw_shared,shared_label_mean,nonclassical_mono__microglia_mhc2,0.4083916183996948,0.03514544064162938,0.1886039504574405,0.021079234213566212,1.4917783564187392e-12,1.8298592206785895e-13,0.32243235660480035,0.013566223111188097,0.012452698312699795,0.0001845525994837218,,,,
raw_shared,shared_label_mean,pDC__astro,0.32985075673959724,0.017910154871086343,0.11873494957884152,0.00936475273479047,5.969746497989346e-13,7.058904619925963e-14,-0.07450367513662448,0.013259781341910765,0.008372965268790722,9.155259740120589e-06,,,,
raw_shared,shared_label_mean,pDC__microglia_mhc2,0.4042031212410165,0.03510121624880563,0.18633998971846366,0.020989563759881376,1.4531233626199132e-12,2.001978037085208e-13,0.3237430840964824,0.013544701803535291,0.012463711202144623,0.0001903640148142046,,,,
validation_calibrated_shared,conditional_icnn,cDC__astro,0.04867357832571867,0.002554216719311461,0.023978918891921813,0.001253313141350348,0.8588349429909535,0.05530778341005297,0.1315123002718627,0.09010276862756396,0.008103603671690543,0.002001789219950622,-0.20254285069493805,0.10529620253276056,-0.22104296781803356,0.025316335051167448
validation_calibrated_shared,conditional_icnn,cDC__microglia_mhc2,0.044344374358267,0.0018983644093167956,0.02528410323369858,0.001227594817573617,1.1071809606597072,0.004113135323456301,0.17788482007106565,0.011832178063595235,0.01854042591683265,0.003238911839599386,-0.039717223614277576,0.124696217417432,-0.02461229132847928,0.19966265580342435
validation_calibrated_shared,conditional_icnn,classical_mono__astro,0.04719040266497171,0.0009078310022428395,0.024309335774588266,0.0002475104495904131,0.8230362722073034,0.02147330534682852,0.24201168234363338,0.015872587916213734,0.006629485125637023,0.0005583588165703744,-0.113904359760936,0.05306132839014797,-0.20185573058864445,0.1123323202928201
validation_calibrated_shared,conditional_icnn,classical_mono__microglia_mhc2,0.043642017822352115,0.0002767884671314404,0.024711676683349827,0.0001700162299705882,1.0804073930044333,0.005366248454472365,0.17476190134571903,0.02200287679232091,0.018261146549962956,0.0021696770793673856,0.009146425395801598,0.07723845308879859,-0.030353838842998943,0.1733205682220843
validation_calibrated_shared,conditional_icnn,nonclassical_mono__astro,0.04781876476581296,0.005051070080580326,0.025642662390445266,0.003136129361488057,0.893606854174022,0.034652892732809124,0.31546444486681685,0.052381169675010435,0.006352090440484066,0.0004775413788558799,-0.022016893064615656,0.06426681214235377,-0.03623674363049248,0.04843269919494805
validation_calibrated_shared,conditional_icnn,nonclassical_mono__microglia_mhc2,0.04413065870814845,0.0015571598878046436,0.02505553062293092,0.0009506450696942973,1.0964306985912373,0.01483287056071073,0.19220227638492246,0.012899386978142849,0.018032816219129454,0.0024992708476937876,0.03451849138779422,0.03546227283692565,0.0878456760430661,0.196866967495713
validation_calibrated_shared,conditional_icnn,pDC__astro,0.04467708611989099,0.010170566029957223,0.022437642105155434,0.005561033078388238,1.0072671038297505,0.013229979917442155,0.06701656484687435,0.20839195444665393,0.02249558339917972,0.016758254429669054,-0.05380909177174232,0.20603268906523092,-0.09071933648053591,0.09402872365920302
validation_calibrated_shared,conditional_icnn,pDC__microglia_mhc2,0.03952140199411049,0.00047797308390186665,0.022402856770693088,0.0002906577161219579,1.1048720536027712,0.006829464169937452,0.13901679702601508,0.09593151921235898,0.015879268857685105,0.0011396594190899955,-0.014796086581809512,0.129019678982443,-0.046383522089469144,0.1913485081821226
validation_calibrated_shared,conditional_mlp,cDC__astro,0.04939934098656564,0.003645523068888033,0.02454449453974746,0.0022347368195837066,0.8251214565017556,0.011541652865460331,0.2719924619049389,0.03137519457164031,0.006991902064065816,0.00046693758596933464,-0.05925879444705415,0.020440939419369045,-0.019918611011953618,0.04599073812917022
validation_calibrated_shared,conditional_mlp,cDC__microglia_mhc2,0.04259074455722462,0.0024507912855502613,0.024191241715309425,0.0015087511423339216,1.0967388676027665,0.02026408028783351,0.13403366339436035,0.06922496457192676,0.018294720785153033,0.0045971846513034416,-0.0709196498118199,0.09673042391900247,-0.024503215581277993,0.15078232461502616
validation_calibrated_shared,conditional_mlp,classical_mono__astro,0.04575481067453174,0.0022537389263497256,0.023442497429821716,0.0014781115836838483,0.8194289903540021,0.013318797995937087,0.3101095332698204,0.0973101826951868,0.0067559722552936645,0.0007601050560875904,0.04931239078890406,0.1831485864947091,0.12422005363861914,0.19642729341524579
validation_calibrated_shared,conditional_mlp,classical_mono__microglia_mhc2,0.041703921539792556,0.0018808838493667534,0.023516034524292434,0.0011678574327359398,1.0729540256284256,0.02621476757637996,0.16317440765702926,0.05047856459078263,0.017617151364894352,0.0042858202647718955,-0.07265140653691361,0.06535274285662657,-0.043177763805671676,0.09132916233819491
validation_calibrated_shared,conditional_mlp,nonclassical_mono__astro,0.04619002192708497,0.0026953865417330873,0.024641959682651444,0.001856842176601854,0.8857909309476715,0.0024129893557677264,0.3210741706893438,0.11314540267828781,0.006730101451589653,0.0007279305252723227,0.036172860427141455,0.16736295930727246,0.10298483318030614,0.28400270227706403
validation_calibrated_shared,conditional_mlp,nonclassical_mono__microglia_mhc2,0.04280765602543749,0.0018121180268682313,0.02424688567077744,0.0011127143123751129,1.087195903874204,0.028858359833589958,0.15089443521962717,0.07129812947130669,0.018196591961175314,0.0047883523707170665,-0.07283466748410515,0.11038931986475879,0.0025321321843453926,0.19208496377436166
validation_calibrated_shared,conditional_mlp,pDC__astro,0.040672990015901196,0.0008476336490567889,0.01927974674070967,0.001032137136191872,0.903832541698845,0.036715818518088125,0.05889207830557136,0.0411783559781116,0.012742695452729087,0.0070834723741721615,-0.16355851019172132,0.02548545239548933,-0.15286410413773058,0.014827198537743183
validation_calibrated_shared,conditional_mlp,pDC__microglia_mhc2,0.0412157303609248,0.0021348739616355475,0.023496761654146447,0.0013433262029526744,1.1187194518594457,0.009922270871991937,0.16317052804324655,0.017591104456568956,0.015555548135330374,0.0021319979875850754,-0.02227365974985676,0.08452894018634298,-0.05435506974436879,0.05227687059052976
validation_calibrated_shared,ot_ridge,cDC__astro,0.040108682175773853,0.0006585206405287448,0.016699683547400493,8.788952425452144e-05,0.8143263884495751,0.021338911202668672,-0.16201035029780886,0.02739902108390324,0.009217312606191363,0.00031573302249424237,0.04409834867356433,0.27083027157785444,-0.0601637475647532,0.2584368510769586
validation_calibrated_shared,ot_ridge,cDC__microglia_mhc2,0.03902166788036083,5.2433627984000905e-05,0.0218931342330492,4.7304741560225376e-05,1.039771676516897,0.002928882679321422,0.31123904825907867,0.025474148781563923,0.01251542497915443,0.00013706840966159892,-0.1562687242599636,0.14811164177297095,-0.04722838931508891,0.051925489476561386
validation_calibrated_shared,ot_ridge,classical_mono__astro,0.037879201618842305,0.00014958228388764196,0.016505439658463485,0.00016401287940647703,0.8015536146185148,0.010397687204817931,-0.1423066713682445,0.011948696887081618,0.009611634089384738,0.0005947860841141476,0.14944360093383727,0.1445367539328995,0.021958622072911316,0.2008106039792897
validation_calibrated_shared,ot_ridge,classical_mono__microglia_mhc2,0.039209236871332535,6.027049754232865e-05,0.02184832740493961,5.228363405389033e-05,1.01245509543679,0.004623505371588711,0.3063272304759543,0.026612839757433008,0.012514476340484878,0.00014486431971653642,-0.14847338041550454,0.1481953252182302,-0.052284632921788234,0.09007104510090466
validation_calibrated_shared,ot_ridge,nonclassical_mono__astro,0.03783490534265875,0.0004767832957234285,0.017199184714373313,9.221184250915947e-05,0.8730268879444512,0.01122812736201275,-0.06291765342691252,0.10298074707784169,0.00823524214764893,0.00022467064714900992,0.04712190427396038,0.2874027256666523,0.05547710818138076,0.24786406378699208
validation_calibrated_shared,ot_ridge,nonclassical_mono__microglia_mhc2,0.03973162629793965,3.2933267906145115e-05,0.0222279922544488,2.9290683044345794e-05,1.0300760633833332,0.003920498569730177,0.30103134200228027,0.030077762376727674,0.012522084115334531,0.000128224297265917,-0.14272779730443588,0.16403297860384355,-0.04358629431327543,0.08729953984571315
validation_calibrated_shared,ot_ridge,pDC__astro,0.04016960177814676,0.00021113192195075986,0.017538051986508537,0.000304052538255143,0.8232241669996343,0.01497035049018881,-0.15879470963643463,0.05103764506222098,0.009830076129541053,0.0012178611763904502,-0.13824094106477028,0.15120773193426196,0.040847137978142586,0.2037013561064492
validation_calibrated_shared,ot_ridge,pDC__microglia_mhc2,0.03878789126524302,1.8510909246219187e-05,0.02184198102039551,2.5896991566061946e-05,1.045362681010377,0.0038850712848879703,0.28198350666397065,0.015710826145585555,0.012582025219426711,0.00010983847818345135,-0.06609084248674311,0.2698693958740372,-0.067839002190054,0.12843931753280963
validation_calibrated_shared,periscope,cDC__astro,0.05205993682648027,0.0028867074574578083,0.025897832185213635,0.002202403919373071,0.8145734400345273,0.010465211057966065,0.28399430628326283,0.029023956760683353,0.007496128555304534,5.2885096367976925e-05,-0.03748596911083539,0.03953108256534598,-0.03839272796093517,0.1316367591247247
validation_calibrated_shared,periscope,cDC__microglia_mhc2,0.04521275147163715,8.933923612310381e-05,0.02577727807438331,7.089933886925476e-05,1.086967737110081,0.0009309581443846316,0.17420762010116983,0.011877516483607905,0.02035848218098866,0.00045074081417728796,-0.05053841001018039,0.08516615537749242,0.00011164640261656274,0.02983931679572876
validation_calibrated_shared,periscope,classical_mono__astro,0.04854471810850463,0.001259667044330397,0.025177884570435443,0.0005846905825478396,0.814023407285933,0.009023729719841441,0.34370829866036906,0.06671743864813583,0.007270346408287195,0.00010094719903724619,0.12923794558967025,0.10524767448947417,0.10288914777588391,0.07433986144084612
validation_calibrated_shared,periscope,classical_mono__microglia_mhc2,0.044522592939641635,0.0003343259327317258,0.025235336283400005,0.00022287595043805192,1.05946540938094,0.0037547241827678487,0.18025316385406565,0.00505221690349206,0.020866407326247966,0.0008995012048337869,-0.0031295696017662297,0.07627946902431346,-0.029750859594771643,0.0175233970433995
validation_calibrated_shared,periscope,nonclassical_mono__astro,0.04889416508679879,0.0012713625543448674,0.026238306506622153,0.0007722248941708922,0.887164522558709,0.019047896280035764,0.3312339076117496,0.055301045761819365,0.0073239666326393865,9.852904071994669e-05,0.07773285844745555,0.11931999678826509,0.06969056878647371,0.01590005872297639
validation_calibrated_shared,periscope,nonclassical_mono__microglia_mhc2,0.04564692827637362,0.0006184966801041318,0.025971388591340017,0.0003804105522946936,1.076839736723115,0.0016669074194743292,0.18002094652379733,0.006669400152257785,0.02054288696172947,0.000706144702303662,-0.013191429809918637,0.09416473210758984,-0.014639565462363434,0.03995694181845742
validation_calibrated_shared,periscope,pDC__astro,0.04816829900836051,0.009372483417131308,0.024198832990774907,0.006229711319349131,0.8557148706286931,0.004596410861551235,0.3158501641617473,0.058884861152865973,0.006700264145775047,0.00022940979954529962,-0.026745432474470105,0.13002905576705992,-0.02974491413206025,0.10662036150492459
validation_calibrated_shared,periscope,pDC__microglia_mhc2,0.04583462553484375,0.0053010432890093,0.026364666580740617,0.0033431074173170014,1.0953773009483159,0.004019095635322614,0.18951367353324663,0.01577591337196388,0.017310973774434933,0.0011048712787011074,-0.019633409732809,0.06805948341956272,-8.432371028828031e-05,0.004059446039269624
validation_calibrated_shared,shared_label_marginal,cDC__astro,0.03642677428245749,0.000216155537515752,0.016366885398280552,2.2878995169169622e-05,0.9953510181656241,0.03632917108420387,0.19250094711193652,0.005850727641730116,0.008015454318302176,2.1383674635938858e-05,,,,
validation_calibrated_shared,shared_label_marginal,cDC__microglia_mhc2,0.038943753938437145,0.00010460851668549727,0.021886247395283998,7.270284350169237e-05,1.0501946682084027,0.0018361050531963067,0.32327240108906236,0.00953703553302744,0.012466445697312803,0.00017790799703457363,,,,
validation_calibrated_shared,shared_label_marginal,classical_mono__astro,0.03500310721110928,0.0003957234271276663,0.016429455573860354,4.304816720911739e-05,1.0168649496658775,0.040804439174701335,-0.013508970061087344,0.0047960370190815544,0.00964727037022388,0.0002112740266527786,,,,
validation_calibrated_shared,shared_label_marginal,classical_mono__microglia_mhc2,0.03906129857646005,0.0001103472529105289,0.021803102779315135,7.820819955399619e-05,1.0212043919664135,0.003113304122367957,0.28846574317078816,0.00959719589653861,0.012521755404809801,0.00016428991317718082,,,,
validation_calibrated_shared,shared_label_marginal,nonclassical_mono__astro,0.03629005408874524,0.0005739582602528152,0.01709239593796962,1.0242159308962946e-05,1.0926971924781372,0.040647566786982586,-0.013522977241025148,0.0005188925816769378,0.008653415113475069,3.1958843475167066e-05,,,,
validation_calibrated_shared,shared_label_marginal,nonclassical_mono__microglia_mhc2,0.03961021698987454,6.099256197579211e-05,0.022200248332589923,4.686164059692948e-05,1.041273396992177,0.0023362243793403474,0.324042299191055,0.028474971444511627,0.012421415810920676,0.00019661616605449884,,,,
validation_calibrated_shared,shared_label_marginal,pDC__astro,0.03725194038157844,0.0004413277311197966,0.017474169249514213,1.9762744625833095e-05,1.038233673867098,0.04200790149619012,-0.01775748822920905,0.01076623892898118,0.00876225343453435,5.186013670146168e-05,,,,
validation_calibrated_shared,shared_label_marginal,pDC__microglia_mhc2,0.038732680101128646,5.829456539944852e-05,0.02183205699997566,3.717063243973125e-05,1.052868033031764,0.0028305767865078146,0.3235166835697942,0.016884227890024354,0.012372365371245794,0.00022803234121274223,,,,
validation_calibrated_shared,shared_label_mean,cDC__astro,0.041361566585329024,4.2370434115783376e-05,0.016419310499617545,3.645304085069109e-06,0.7831567208365993,0.007544302501915283,-0.08008824886110195,0.00945644850669519,0.00834493798886018,8.342618110075678e-06,,,,
validation_calibrated_shared,shared_label_mean,cDC__microglia_mhc2,0.03900242156882887,7.450269607571366e-05,0.02188035912044609,6.1007963668477916e-05,1.0397004678621098,0.003070678477458414,0.32976518052326964,0.015782498409142108,0.01243559882462573,0.00019026022781762974,,,,
validation_calibrated_shared,shared_label_mean,classical_mono__astro,0.03942809409328339,3.561384456062388e-05,0.016366297045101678,2.1174555493237272e-05,0.772624067046178,0.006004507237824416,-0.0461591117498363,0.006671468326896035,0.008826187229016798,6.414351924493261e-05,,,,
validation_calibrated_shared,shared_label_mean,classical_mono__microglia_mhc2,0.039196856686239415,8.023878615625175e-05,0.021839820522539074,6.848070884678725e-05,1.0123749416210195,0.00458479186615874,0.3250145168636244,0.012161682294889122,0.012452827443314779,0.00019809998430757664,,,,
validation_calibrated_shared,shared_label_mean,nonclassical_mono__astro,0.038907965122359306,1.71565138855914e-05,0.01704970325164783,1.180635271358817e-05,0.8498448912752261,0.008229975748861541,-0.02081040894297172,0.007776007844496124,0.00814179173644546,2.553369985358964e-05,,,,
validation_calibrated_shared,shared_label_mean,nonclassical_mono__microglia_mhc2,0.03971695874448566,4.743282798011671e-05,0.02221817572757792,4.389678866936246e-05,1.0300479234120115,0.004071420686605392,0.3224334935294751,0.013565804538345966,0.012452699222258659,0.00018455448298751426,,,,
validation_calibrated_shared,shared_label_mean,pDC__astro,0.04092739547366257,3.8429151821939204e-05,0.017249646696927662,2.7276142553342744e-06,0.7974989166930206,0.007094437682356854,-0.07450455891144854,0.01325979319224628,0.008372963319801318,9.153786908957209e-06,,,,
validation_calibrated_shared,shared_label_mean,pDC__microglia_mhc2,0.03876745552661038,3.486703665191976e-05,0.021828145965682107,3.372617424628245e-05,1.0452166394287394,0.0038258104371976715,0.32374640547004785,0.01354034779205922,0.012463714674828557,0.0001903622782381948,,,,
original_cellot,cellot,cDC__astro,0.1081303906367247,0.0011673668045667116,0.021684325610597868,0.0005703811175859036,0.10701199819644287,0.010813527978244957,0.17984823341144396,0.028086504515946607,0.0139633237073818,0.0015979910617892864,-0.03075151516069477,0.04086429597923431,-0.08559565028199252,0.051783338658599076
original_cellot,cellot,cDC__microglia_mhc2,0.0861231532300123,0.0025864936889812683,0.026038009300827933,0.0004650768325497732,0.16167975018421807,0.016597411587684914,0.20320977608101212,0.027994839508176016,0.0213495660573244,0.0030103371536467525,0.023574154981369066,0.04533258503108987,0.08046406013368777,0.02035121023985461
original_cellot,cellot,classical_mono__astro,0.10303116331958306,0.005621447461690856,0.025043814536184,0.0047503340917757165,0.16799146359165504,0.0797415317491336,0.05842543006205849,0.19684158577093794,0.026619300867120364,0.014536434489387,0.019575144571370936,0.08088393353414057,-0.002024763258811034,0.04384562121791837
original_cellot,cellot,classical_mono__microglia_mhc2,0.08772017798272487,0.0012060574828381375,0.025990931938091866,0.00047678185190272156,0.15060722182194386,0.01066921188558353,0.20539773635788694,0.006787622081193177,0.024708615615963866,0.0012956805126181012,0.0282759217251348,0.017377455510370315,0.024467137645542033,0.005432508531482808
original_cellot,cellot,nonclassical_mono__astro,0.1055491737728892,0.0018654238699258774,0.022064483414093634,0.00032315116872952214,0.09433023184537882,0.014554961616516067,0.20509328942832936,0.044797762315989594,0.013490615412592832,0.0011762876457782144,-0.0013529177579266656,0.04566846110988833,0.08116973633291961,0.0424115931130145
original_cellot,cellot,nonclassical_mono__microglia_mhc2,0.09778791152556864,0.008227452099718511,0.03326828144490717,0.008014715348186034,0.21361449112494788,0.1060404605136409,0.16656686065375237,0.10528217481886852,0.03192935201028977,0.007884423091793383,0.02435501247285503,0.02748671146067905,0.0752087075708937,0.02804004269744571
original_cellot,cellot,pDC__astro,0.2325170539981906,0.08741814469910984,96.6136786735927,147.70914169697403,470.2271749402086,407.5653282817698,0.0647336589408325,0.03216696894294124,241.29886976877847,368.8800214044747,0.049775869756768155,0.06998177431224799,0.12758043246280826,0.02514791592584513
original_cellot,cellot,pDC__microglia_mhc2,0.16272226333545511,0.10131015215783579,14.782773275114598,22.680450219723333,663.3922580475609,991.9234911156116,0.07601674495628537,0.08082490826544152,36.812866066892944,56.58803059133016,-0.04272831588274287,0.012353736362287199,0.06265866124175697,0.012853405610222962
original_cellot_observation_residual,cellot,cDC__astro,0.0512467450949581,0.00011016339990054674,0.0225193024483239,0.0005703813207353552,0.7205123091287629,0.01081352616809909,0.17984817740205783,0.028086906470553414,0.0139633240481062,0.0015979908976855586,-0.030751471803296602,0.04086443370951596,-0.08559569568525922,0.051783454914537994
original_cellot_observation_residual,cellot,cDC__microglia_mhc2,0.048201335307346105,0.001112039823233988,0.027104604889523733,0.00046507704387449886,0.9923925879254153,0.016597417158651293,0.2032094359421582,0.027995156933579853,0.021349566599939265,0.003010337048605351,0.023574287568327704,0.0453320302269574,0.08046435188505877,0.020350950611154356
original_cellot_observation_residual,cellot,classical_mono__astro,0.05633058071309897,0.009242116218208765,0.025854422453391965,0.004750334674829473,0.7719485499196792,0.0797415343588163,0.05842542471276916,0.1968417344630381,0.026619300161163265,0.014536433991968963,0.019575025535605164,0.08088379990673202,-0.0020248176714072336,0.04384578575479696
original_cellot_observation_residual,cellot,classical_mono__microglia_mhc2,0.048829740009754964,0.0007752016591440724,0.027079302750654465,0.0004767816790168116,0.9555447023037011,0.010669215239790739,0.20539776879138982,0.006787591409566793,0.0247086166658655,0.0012956809064155195,0.02827596286763383,0.017377477217821513,0.024467579795506234,0.005432848019416573
original_cellot_observation_residual,cellot,nonclassical_mono__astro,0.04878812493508377,0.0003709693544903886,0.022906427517828603,0.00032315135890602234,0.7448193809723493,0.01455496029002925,0.2050933741347959,0.04479770066067438,0.013490616003937765,0.0011762860391086667,-0.001353116187901166,0.04566832685440595,0.08116971626839206,0.042411456121325596
original_cellot_observation_residual,cellot,nonclassical_mono__microglia_mhc2,0.060527219734288505,0.012695395653902907,0.03445736517066083,0.008014715329334208,1.0543363197491247,0.10604045071133258,0.16656688640535303,0.10528240806661468,0.031929353756974664,0.007884423050413614,0.02435472282365547,0.027486430244581434,0.07520877645363183,0.028040393041287085
original_cellot_observation_residual,cellot,pDC__astro,0.1829044903174781,0.08297672741470871,96.61449633345552,147.70914053955454,470.87639966837804,407.5653276526819,0.06473374013741447,0.03216707677581941,241.29886862993973,368.8800277603435,0.049776111694803706,0.06998215130557284,0.1275803071580507,0.025147697799442197
original_cellot_observation_residual,cellot,pDC__microglia_mhc2,0.12720813622989063,0.09184825911065664,14.783748225150632,22.680451628574563,664.2799241763996,991.9235189691652,0.0760169589273115,0.08082483378223218,36.812867157393306,56.58803305101969,-0.042728165821006935,0.012353623566636898,0.06265913843421296,0.012852539844824488
