,,mmd,mmd,mean_mse,mean_mse,variance_ratio,variance_ratio,condition_aware_rho,condition_aware_rho,condition_aware_delta_mse,condition_aware_delta_mse,fixed_control_rho,fixed_control_rho,fixed_PD_rho,fixed_PD_rho
,,mean,std,mean,std,mean,std,mean,std,mean,std,mean,std,mean,std
readout,method,,,,,,,,,,,,,,
raw_shared,conditional_icnn,0.10247978918579663,0.002035127119475211,0.02483204034635694,0.000315203174599566,0.08035817893687636,0.013200729855191065,0.17998388212711647,0.036481674002678835,0.014286802305529514,0.0021276637829952686,-0.05039040074000356,0.08871319096115808,-0.07041966081910042,0.11442975805281458
raw_shared,conditional_mlp,0.1019795471204722,0.0032587211216816734,0.023491676366474062,0.000594821539814575,0.06057873811934972,0.020426101326958327,0.19666772385511802,0.04447948679140594,0.012860585527960211,0.0026428663751244023,-0.04700137133977109,0.0793823290866296,-0.008135183918446776,0.11827357285908692
raw_shared,ot_ridge,0.35825130452314663,0.027478531280288508,0.14979781489819288,0.01605404943537756,0.013111354490850621,0.0030982885179467318,0.08431892794188693,0.02980432037619162,0.010878534560712675,0.00021977331232016578,-0.051389457175620816,0.08418344381830645,-0.01910286388156603,0.09599356249734706
raw_shared,periscope,0.1075109284609372,0.0010772219085872824,0.025473088773045067,0.0004833896606964009,0.04552394258401667,0.0019885370929567997,0.24984768773621577,0.02188077319401146,0.013483681832440197,0.0003357751823123338,0.0070310387398066195,0.05501269605182059,0.007509970993753533,0.019740089122909938
raw_shared,shared_label_marginal,0.34103290736037223,0.02312252539657049,0.15224572959252528,0.015105954089498821,0.11855228994520277,0.016067719074283896,0.17587573443227486,0.008383219441110068,0.0106075470491002,6.16865870612914e-05,,,,
raw_shared,shared_label_mean,0.36768971250299437,0.026550538698963608,0.15206063807838494,0.015173314393689977,1.0277710975455197e-12,1.2482450358510277e-13,0.13492296609919,0.008908369297809623,0.010436340002343059,9.243984643210628e-05,,,,
validation_calibrated_shared,conditional_icnn,0.04499978559490905,0.0011817906040013436,0.0242278408090979,0.000636663255157075,0.9964545348825222,0.01503957105072964,0.17998384839461368,0.03648164588991646,0.014286802522575191,0.002127664143518304,-0.050390198588090414,0.08871307330177253,-0.07041984434194845,0.114429785149012
validation_calibrated_shared,conditional_mlp,0.04379190201093288,0.0007098629440193292,0.023419952744682004,0.0004339724135538311,0.9762227710583895,0.01667144350788691,0.19666765981049225,0.04447964053307445,0.012860585433778911,0.0026428660100508068,-0.04700142962567818,0.07938254590846897,-0.008135218159716498,0.1182738565763555
validation_calibrated_shared,ot_ridge,0.03909285165378721,0.00013110096208477485,0.01946922435244737,5.866762452178413e-05,0.9299745717949466,0.005191691053296662,0.08431896783398542,0.02980413477983555,0.01087853445339583,0.00021977290257098637,-0.051392228956256926,0.08418715335459773,-0.019102399759065646,0.09599418652446894
validation_calibrated_shared,periscope,0.047360502156580046,0.001733864239212644,0.02560769072286376,0.0012348125533447841,0.9612658030837893,0.003185429028970436,0.24984776009117607,0.021881021864446213,0.013483681998175899,0.0003357747008290557,0.0070308229121432584,0.05501279446701992,0.007509871513069426,0.01974005734415368
validation_calibrated_shared,shared_label_marginal,0.03766497819622385,0.00017295043897931105,0.01938557020834868,2.367575791447863e-05,1.0385859155469366,0.018992711919193665,0.17587607982516432,0.008383323739811533,0.010607546940103069,6.16865535157339e-05,,,,
validation_calibrated_shared,shared_label_mean,0.03966358922509983,3.54560776668882e-05,0.01935643235369249,2.4941037391270965e-05,0.9163080710218631,0.002116475208994988,0.13492465849013233,0.00890898597754125,0.010436340054893934,9.243939336823064e-05,,,,
original_cellot,cellot,0.1229476609751436,0.02224219654052944,13.943817724369003,17.631392383099122,141.81433351806675,160.56500039599675,0.14491146623645015,0.01429594860987057,34.78047457616776,44.0285318326516,0.00884041933826672,0.015915162044967616,0.04549104023085062,0.0090158432322126
original_cellot_observation_residual,cellot,0.07800454654273739,0.02015573908486572,13.944770747979566,17.63139216055461,142.54948471184707,160.56500583281795,0.14491147080665626,0.014295813507968042,34.78047457057113,44.02853238224749,0.008840419584727645,0.01591514316319102,0.04549116957977326,0.009015895790747377
