,,mean_mse,mean_mse,mean_mse,mean_mse,mmd,mmd,mmd,mmd,energy_per_sqrt_gene,energy_per_sqrt_gene,energy_per_sqrt_gene,energy_per_sqrt_gene,variance_ratio,variance_ratio,variance_ratio,variance_ratio,condition_aware_rho,condition_aware_rho,condition_aware_rho,condition_aware_rho,condition_aware_delta_mse,condition_aware_delta_mse,condition_aware_delta_mse,condition_aware_delta_mse,condition_aware_predicted_rms,condition_aware_predicted_rms,condition_aware_predicted_rms,condition_aware_predicted_rms,fixed_control_rho,fixed_control_rho,fixed_control_rho,fixed_control_rho,fixed_control_delta_mse,fixed_control_delta_mse,fixed_control_delta_mse,fixed_control_delta_mse,fixed_control_predicted_rms,fixed_control_predicted_rms,fixed_control_predicted_rms,fixed_control_predicted_rms,fixed_PD_rho,fixed_PD_rho,fixed_PD_rho,fixed_PD_rho,fixed_PD_delta_mse,fixed_PD_delta_mse,fixed_PD_delta_mse,fixed_PD_delta_mse,fixed_PD_predicted_rms,fixed_PD_predicted_rms,fixed_PD_predicted_rms,fixed_PD_predicted_rms
,,mean,std,min,max,mean,std,min,max,mean,std,min,max,mean,std,min,max,mean,std,min,max,mean,std,min,max,mean,std,min,max,mean,std,min,max,mean,std,min,max,mean,std,min,max,mean,std,min,max,mean,std,min,max,mean,std,min,max
blood_state,brain_state,,,,,,,,,,,,,,,,,,,,,,,,,,,,,,,,,,,,,,,,,,,,,,,,,,,,
cDC,astro,0.02483200581744313,0.0031325340631121754,0.018721887841820717,0.028078910522162916,0.1225669335751282,0.010473347273962123,0.10404760505260921,0.1320744868332227,0.2223996987923509,0.024610713243170424,0.18459969694328954,0.25133614065689597,0.046888899225741625,0.03345494557219966,0.012937317974865437,0.10293229669332504,0.25231803866779556,0.04170715337764878,0.19268619231416426,0.30504353588119004,0.00790165881626308,0.0006973524380441137,0.007251422386616468,0.009544736705720425,0.07963995784521102,0.0039426513743393956,0.07566829025745392,0.0871497392654419,-0.10503371830945366,0.11440797556317728,-0.2604795240881654,0.07429519385983312,0.008248313702642918,0.0003699865407098826,0.00783732533454895,0.00897224247455597,0.010622017015703023,0.007009238804159055,0.0032484917901456356,0.02509423904120922,-0.13198395079831365,0.11917281959106225,-0.3060226333866989,0.08678657839957298,0.008336703479290008,0.00034146877426662606,0.007964386604726315,0.009006243199110031,0.010118573834188283,0.006436920613795452,0.0038667975459247828,0.021833354607224464
cDC,microglia_mhc2,0.02646928682923317,0.0008211860058498581,0.02489266749471426,0.02743333075195551,0.09665323587484151,0.0022443488667110325,0.0926080649518517,0.0991222536032367,0.2056534855716988,0.007827227429898203,0.18774806447627101,0.21202926399770933,0.05623728077858686,0.009987684665534236,0.04519925713539123,0.07986999526619912,0.18068395189598555,0.01423566010453681,0.15820857022311385,0.19763033829006058,0.019761247746646404,0.0010405564658201845,0.018369758501648903,0.021674465388059616,0.09192294627428055,0.006883534308648921,0.07782647758722305,0.09958045929670334,-0.04132906000179542,0.056105404133616005,-0.10631102271782983,0.0474922888283876,0.01326663102954626,0.00016076577594923078,0.01304584089666605,0.013570531271398067,0.012160982331261038,0.005661254908794211,0.005136557389050722,0.021585576236248016,0.00030843654273106575,0.03726150811955159,-0.0534295292148495,0.05652785540571891,0.013383149355649947,0.0003953611835436994,0.013033450581133366,0.01431739516556263,0.01447917097248137,0.00874496849521577,0.0054818629287183285,0.030913440510630608
classical_mono,astro,0.023923301985487342,0.00246239175193951,0.01915387939661741,0.02622222909703851,0.10886154756839769,0.007779512025917281,0.09552760680051398,0.11531135510189254,0.21595573440802968,0.02092957644824555,0.18564406203217584,0.2439003965135001,0.05121949549764395,0.028017400210745086,0.02203071005642414,0.09853085279464721,0.30711069654575807,0.05929695516871371,0.21083010770340468,0.39238147369340465,0.007546808058395982,0.000599343485762814,0.006966871675103903,0.00899945106357336,0.0774848774075508,0.0031810443085567484,0.07300439476966858,0.08261248469352722,0.01956322742669453,0.1644246301688236,-0.22651955909996307,0.19672660084614846,0.008232128527015447,0.00036167227432644833,0.007777669467031956,0.009019909426569939,0.011011898703873157,0.006112686870060509,0.0015736068598926067,0.019871816039085388,-0.04790640879554784,0.16229836683541501,-0.2530768557672837,0.18786759682622184,0.008320489712059499,0.00034751223878740355,0.007901244796812534,0.009081103838980198,0.011245753825642168,0.005639507821183942,0.0025334020610898733,0.02077631652355194
classical_mono,microglia_mhc2,0.025908529534935953,0.000753738399177335,0.02464702744036913,0.02689842265099287,0.09629016233121128,0.002074337639500296,0.09250538232781462,0.09913179435920157,0.20158430944418199,0.0071306031870439915,0.1843051788607599,0.20841775001066304,0.060594270490109924,0.009762100300921086,0.050083526968955995,0.08357577472925186,0.1873946870949838,0.010875200275701399,0.1700694588774195,0.20004546485399302,0.020112909749150275,0.0012037844445947957,0.01868114061653614,0.021899864077568054,0.09390490800142288,0.007864424344713352,0.08162002265453339,0.10504934936761856,-0.004237113929288438,0.06671595679679003,-0.09916826912114937,0.08366184128203272,0.013353230338543654,0.00021980637446784127,0.013118517585098743,0.013817607425153255,0.012486825790256261,0.005999995473742829,0.004769915249198675,0.022668344900012016,-0.02043334896706591,0.03395546800564936,-0.06642162727761974,0.04302087897423115,0.013576782681047917,0.0004362886139507831,0.013026553206145763,0.014327291399240494,0.014909175410866737,0.007786258386539669,0.007133702747523785,0.028362534940242767
nonclassical_mono,astro,0.02470944304019213,0.0026476639257281983,0.019424168951809408,0.027521424740552903,0.1161595541444709,0.008469586856135676,0.10122947491536127,0.12391475045851567,0.21861854861983804,0.021110277933982374,0.1851499470755164,0.24436102025054857,0.048793116845190526,0.0275065271139758,0.02274041473865509,0.09649155437946319,0.30247337580057493,0.043856168081632035,0.24425342477341738,0.36427102657850846,0.007528868364170193,0.0004502956088854655,0.0070307934656739235,0.008596417494118214,0.07765093147754669,0.0029227568241992066,0.07330639660358429,0.08177897334098816,-0.0018725691135643627,0.13779915582946586,-0.21342309195020498,0.2091838458390277,0.008172102877870202,0.00027494610642932426,0.007811532821506262,0.008706276305019855,0.00994215589016676,0.004990597523598378,0.002041197381913662,0.017775453627109528,-0.0414780694866191,0.1360512354156879,-0.29313368543629637,0.091823741703134,0.008224450331181288,0.00025233952135499273,0.00792868435382843,0.008690637536346912,0.009527816949412227,0.0045189137355989865,0.003015895839780569,0.01723765768110752
nonclassical_mono,microglia_mhc2,0.02646247109398246,0.0007872368004870752,0.025190611183643342,0.02754100076854229,0.09736230772081052,0.002223079320963947,0.09384767265266811,0.10052806571667743,0.20410466741794023,0.007662830441815947,0.18707792834358786,0.21187978010903502,0.05930637389421463,0.01040222921362782,0.04863265976309776,0.08219049498438835,0.18662732032141174,0.010994383673181514,0.17087755717039282,0.2006790321556996,0.01997615322470665,0.00109056164104994,0.018360862508416176,0.021534321829676628,0.09320257008075714,0.007623148667675727,0.07937369495630264,0.10470648854970932,-0.011669791651566072,0.06550764763978878,-0.10765059412045627,0.080678186051589,0.013302821666002274,0.00015330574179712715,0.013089041225612164,0.013621792197227478,0.011487230006605387,0.005465387491679026,0.003962550777941942,0.021198367699980736,-0.006546215580256616,0.04362357945950094,-0.06217222582057544,0.0626576826634546,0.013448422122746707,0.00037460222052687966,0.013044535182416439,0.014266948215663433,0.014171165693551303,0.008694175491328083,0.005676807835698128,0.03255678713321686
pDC,astro,0.023451665379107,0.003704320114260478,0.017268746346235275,0.027340509369969367,0.10989406255638068,0.012278157893718984,0.09039785496180416,0.1236800178722223,0.20983785076352007,0.030721079571530696,0.16692168082544007,0.24956872331533725,0.06640477593056857,0.044836478463837426,0.014319302793592215,0.13822449147701263,0.2562151663918682,0.0652882134721346,0.1627949048242716,0.366735644147252,0.00717958235181868,0.0008446506169011456,0.006553259212523699,0.009189235977828503,0.06600949801504612,0.007257531882261892,0.05087956786155701,0.07772554457187653,-0.1374259542629557,0.1419886422627454,-0.3306293050052901,0.061138933983746514,0.008301690965890885,0.0003173560603235251,0.00801517628133297,0.009060272015631199,0.012220065575093031,0.006190291454979524,0.004018428735435009,0.02430844120681286,-0.14482135449371136,0.11245783153801178,-0.3246417334599492,0.09319669189501806,0.008479920867830514,0.0004712391815303204,0.008041874505579472,0.009634380228817463,0.012547675566747785,0.008135434774255228,0.004598810337483883,0.03001602366566658
pDC,microglia_mhc2,0.025551201347261666,0.0011271891608080917,0.02397808860987425,0.02720877267420292,0.09535619101823586,0.003606337609258388,0.08880272164643421,0.0995247840081583,0.2036998923567616,0.01234570239024811,0.17887619191630555,0.2152204970202721,0.0585070901364088,0.015586933076423214,0.04129098877310753,0.09368968084454536,0.19014430634963075,0.015227992297104448,0.1572636022707768,0.20794567396254024,0.017557696253061295,0.0010621730663581907,0.01604585535824299,0.019673701375722885,0.07761712297797203,0.009464501579549546,0.06633826345205307,0.09591468423604965,-0.015383675876631846,0.06128467838221127,-0.097587139903237,0.07749205279151565,0.013262845762073993,0.00018548444542661833,0.013062785379588604,0.013598170131444931,0.01266915719024837,0.005427031514652939,0.005531747359782457,0.02409246750175953,0.004430226168976278,0.0409518927218692,-0.06904592245140752,0.08468686300477812,0.013400908000767231,0.0003757589937630345,0.0130300372838974,0.013975351117551327,0.014980080863460898,0.00889925730971426,0.005791995674371719,0.03406461700797081
