readout,method,seed,mmd,mean_mse,variance_ratio,condition_aware_rho,condition_aware_delta_mse,fixed_control_rho,fixed_PD_rho
raw_shared,conditional_icnn,42,0.10469550802426353,0.025161236233543605,0.06868132397842905,0.21993689205107522,0.011830568662844598,0.04778891141806342,0.022260994022432853
raw_shared,conditional_icnn,43,0.10069392909247014,0.02480188790165509,0.09468174415330093,0.17157155835317509,0.015468654746655375,-0.07416904639595177,-0.035200858207514986
raw_shared,conditional_icnn,44,0.10204993044065619,0.024532996903872117,0.07771146867889911,0.14844319597709907,0.015561183507088572,-0.12479106724212233,-0.19831911827221912
raw_shared,conditional_mlp,42,0.09822092610047466,0.02281766285886988,0.08364080723064642,0.22384847079286008,0.015544950030744076,-0.04100700225287512,0.06320907744523269
raw_shared,conditional_mlp,43,0.10370445759835115,0.023943103432732944,0.053329215171591685,0.220817647048524,0.01277553616091609,0.029213847347938533,0.05704473205572831
raw_shared,conditional_mlp,44,0.10401325766259084,0.02371426280781937,0.04476619195581104,0.14533705372397004,0.010261270392220467,-0.1292109591143767,-0.14465936125630133
raw_shared,ot_ridge,42,0.3291243391058821,0.1329581462778151,0.010390768813749673,0.11255157231900778,0.010700046550482512,0.04471078721278461,0.09129382943192854
raw_shared,ot_ridge,43,0.3837136218258032,0.16492970357649028,0.016483661723138237,0.053158960113589074,0.011124005424790084,-0.08677429277707235,-0.08291466629176916
raw_shared,ot_ridge,44,0.3619159526377545,0.15150559484027326,0.012459632935663953,0.08724625139306391,0.01081155170686543,-0.1121048659625747,-0.06568775478485747
raw_shared,periscope,42,0.10666673494524123,0.02508398153198262,0.04734996440432345,0.22519056565261167,0.01313678832957521,0.04290167213408316,0.011855996979726781
raw_shared,periscope,43,0.10872416997253326,0.026014214507692184,0.04340531440296521,0.26694992487547686,0.013807107403408736,-0.05630659036331001,0.024714913573462425
raw_shared,periscope,44,0.10714188046503714,0.0253210702794604,0.04581654894476136,0.2574025726805588,0.013507149764336646,0.03449803444864671,-0.014040997571928606
raw_shared,shared_label_marginal,42,0.31772919568499614,0.13706869228432575,0.1019655652247214,0.1661962045380792,0.010677808546461165,,
raw_shared,shared_label_marginal,43,0.3639698838145292,0.16727958254826564,0.1340450980157281,0.1806238807768114,0.01056228089146316,,
raw_shared,shared_label_marginal,44,0.3413996425815914,0.1523889139449845,0.11964620659515882,0.18080711798193397,0.010582551709376276,,
raw_shared,shared_label_mean,42,0.3409460596800006,0.13684203918091953,8.975419036285891e-13,0.12530727768713756,0.010542543139308691,,
raw_shared,shared_label_mean,43,0.39404282854486106,0.1671882588416338,1.1463779788455346e-12,0.13656648639355715,0.010373975848779082,,
raw_shared,shared_label_mean,44,0.36808024928412153,0.15215161621260148,1.0393934101624353e-12,0.14289513421687533,0.010392501018941402,,
validation_calibrated_shared,conditional_icnn,42,0.04492902522911161,0.02417182846000047,0.982042150891299,0.21993684246887682,0.011830568475367398,0.04778889860751415,0.02226065153120617
validation_calibrated_shared,conditional_icnn,43,0.046215366506362036,0.024890659604054118,1.012051262508062,0.17157148492700136,0.01546865469325161,-0.07416852378524119,-0.035200788745583064
validation_calibrated_shared,conditional_icnn,44,0.04385496504925351,0.023621034363239108,0.995270191248206,0.1484432177879629,0.01556118439910656,-0.12479097058654422,-0.19831939581146846
validation_calibrated_shared,conditional_mlp,42,0.04303748106103966,0.02293594862206043,0.9948774394796047,0.22384860621416752,0.015544949582659229,-0.04100708823546917,0.06320925686185311
validation_calibrated_shared,conditional_mlp,43,0.0444466772027717,0.023774369496713025,0.9710112038732039,0.2208175567234523,0.012775536042963043,0.029214021769282006,0.05704481035444623
validation_calibrated_shared,conditional_mlp,44,0.04389154776898728,0.02354954011527256,0.9627796698223599,0.14533681649385685,0.010261270675714463,-0.12921122241084737,-0.14465972169544883
validation_calibrated_shared,ot_ridge,42,0.0390454763426106,0.01945436484880791,0.9242885606524368,0.11255141847470987,0.010700046732233667,0.04471253696928326,0.09129554493541209
validation_calibrated_shared,ot_ridge,43,0.03899202365904295,0.0195338929593458,0.9344624524247763,0.05315918073537694,0.011124004844214991,-0.0867803999518969,-0.08290975185633934
validation_calibrated_shared,ot_ridge,44,0.03924105495970809,0.019419415249188395,0.9311727023076266,0.08724630429186944,0.010811551783738832,-0.11210882388615714,-0.06569299235626969
validation_calibrated_shared,periscope,42,0.04547960914459929,0.024261227549948056,0.9578297903555388,0.22519033283788778,0.013136788911925736,0.04290139371893922,0.01185600975532867
validation_calibrated_shared,periscope,43,0.04770683898571613,0.02587467148177268,0.9618470066958581,0.2669501074248583,0.013807107005590758,-0.05630693122993187,0.024714706709353863
validation_calibrated_shared,periscope,44,0.048895058339424716,0.026687173136870548,0.9641206121999709,0.25740284001078206,0.013507150077011202,0.03449800624742243,-0.014041101925474251
validation_calibrated_shared,shared_label_marginal,42,0.03749970918823168,0.019411434284136685,1.0184120479344951,0.16619642636449233,0.010677808404890549,,
validation_calibrated_shared,shared_label_marginal,43,0.03784470271304875,0.01936496818345669,1.0561216348388756,0.18062453595047384,0.010562280833562908,,
validation_calibrated_shared,shared_label_marginal,44,0.03765052268739113,0.01938030815745267,1.0412240638674395,0.18080727716052686,0.010582551581855752,,
validation_calibrated_shared,shared_label_mean,42,0.03970447711025743,0.019384899616779395,0.9138680345020357,0.1253081333825639,0.010542542615477315,,
validation_calibrated_shared,shared_label_mean,43,0.03964495334198476,0.01933842161407428,0.9174092042670692,0.13656876795190964,0.010373975754552785,,
validation_calibrated_shared,shared_label_mean,44,0.039641337223057294,0.01934597583022379,0.9176469742964843,0.14289707413592337,0.010392501794651704,,
original_cellot,cellot,42,0.11568836592374214,33.77324615811231,108.88424449330195,0.15766627596952204,84.29814071836881,0.0120730372125908,0.05229630449766539
original_cellot,cellot,43,0.10524207277528774,0.033941012667491985,0.2672700140625238,0.1476093171878463,0.04606281453743573,-0.008442893753376427,0.0352655265301035
original_cellot,cellot,44,0.14791254422640082,8.024266002327204,316.29148604683576,0.12945880555198205,19.997220195597038,0.022891114555585762,0.0489112896647829
original_cellot_observation_residual,cellot,42,0.07409154203325873,33.77419893764434,109.6193902058011,0.15766619825027808,84.29814146741484,0.012072930043845763,0.0522966070904509
original_cellot_observation_residual,cellot,43,0.06009222611371452,0.03489423186033859,1.0024192805571164,0.14760923682131694,0.04606281537742299,-0.008442837240658063,0.035265629404683474
original_cellot_observation_residual,cellot,44,0.09982987148123892,8.02521907443402,317.026644649183,0.12945897734837372,19.997219428921124,0.02289116595099524,0.048911272244185414
